ISO-10303-21;
HEADER;
/* Generated by software containing ST-Developer
 * from STEP Tools, Inc. (www.steptools.com) 
 */
/* OPTION: using custom renumber hook */

FILE_DESCRIPTION(
/* description */ ('STEP AP242 Edition 2',
'CAx-IF Rec.Pracs.---Representation and Presentation of Product Manufa
cturing Information (PMI)---4.0---2014-10-13',
'CAx-IF Rec.Pracs.---3D Tessellated Geometry---0.4---2014-09-14','2;1',
'CAx-IF Rec.Pracs.---User Defined Attributes---1.5---2016-08-15'),
/* implementation_level */ '2;1');

FILE_NAME(
/* name */ 'Cover',
/* time_stamp */ '2026-08-12T02:01:59Z',
/* author */ (''),
/* organization */ (''),
/* preprocessor_version */ 'ST-DEVELOPER v20',
/* originating_system */ 'ONSHAPE BY PTC INC, 1.219',
/* authorisation */ '  ');

FILE_SCHEMA (('AP242_MANAGED_MODEL_BASED_3D_ENGINEERING_MIM_LF { 1 0 10303 442 3 1 4 }'));
ENDSEC;

DATA;
#10=SHAPE_REPRESENTATION_RELATIONSHIP('','',#8281,#11);
#11=ADVANCED_BREP_SHAPE_REPRESENTATION('',(#8279),#14573);
#12=B_SPLINE_SURFACE_WITH_KNOTS('',3,1,((#11124,#11125),(#11126,#11127),
(#11128,#11129),(#11130,#11131)),.SURF_OF_LINEAR_EXTRUSION.,.F.,.F.,.F.,
(4,4),(2,2),(0.,1.),(0.,1.),.PIECEWISE_BEZIER_KNOTS.);
#13=B_SPLINE_SURFACE_WITH_KNOTS('',3,1,((#11137,#11138),(#11139,#11140),
(#11141,#11142),(#11143,#11144)),.SURF_OF_LINEAR_EXTRUSION.,.F.,.F.,.F.,
(4,4),(2,2),(0.,1.),(0.,1.),.PIECEWISE_BEZIER_KNOTS.);
#14=B_SPLINE_SURFACE_WITH_KNOTS('',3,1,((#11150,#11151),(#11152,#11153),
(#11154,#11155),(#11156,#11157)),.SURF_OF_LINEAR_EXTRUSION.,.F.,.F.,.F.,
(4,4),(2,2),(0.,1.),(0.,1.),.PIECEWISE_BEZIER_KNOTS.);
#15=B_SPLINE_SURFACE_WITH_KNOTS('',3,1,((#11179,#11180),(#11181,#11182),
(#11183,#11184),(#11185,#11186)),.SURF_OF_LINEAR_EXTRUSION.,.F.,.F.,.F.,
(4,4),(2,2),(0.,1.),(0.,1.),.PIECEWISE_BEZIER_KNOTS.);
#16=B_SPLINE_SURFACE_WITH_KNOTS('',3,1,((#11196,#11197),(#11198,#11199),
(#11200,#11201),(#11202,#11203)),.SURF_OF_LINEAR_EXTRUSION.,.F.,.F.,.F.,
(4,4),(2,2),(0.,1.),(0.,1.),.PIECEWISE_BEZIER_KNOTS.);
#17=B_SPLINE_SURFACE_WITH_KNOTS('',3,1,((#11209,#11210),(#11211,#11212),
(#11213,#11214),(#11215,#11216)),.SURF_OF_LINEAR_EXTRUSION.,.F.,.F.,.F.,
(4,4),(2,2),(0.,1.),(0.,1.),.PIECEWISE_BEZIER_KNOTS.);
#18=B_SPLINE_SURFACE_WITH_KNOTS('',3,1,((#11222,#11223),(#11224,#11225),
(#11226,#11227),(#11228,#11229)),.SURF_OF_LINEAR_EXTRUSION.,.F.,.F.,.F.,
(4,4),(2,2),(0.,1.),(0.,1.),.PIECEWISE_BEZIER_KNOTS.);
#19=B_SPLINE_SURFACE_WITH_KNOTS('',3,1,((#11243,#11244),(#11245,#11246),
(#11247,#11248),(#11249,#11250)),.SURF_OF_LINEAR_EXTRUSION.,.F.,.F.,.F.,
(4,4),(2,2),(0.,1.),(0.,1.),.PIECEWISE_BEZIER_KNOTS.);
#20=B_SPLINE_SURFACE_WITH_KNOTS('',3,1,((#11260,#11261),(#11262,#11263),
(#11264,#11265),(#11266,#11267)),.SURF_OF_LINEAR_EXTRUSION.,.F.,.F.,.F.,
(4,4),(2,2),(0.,1.),(0.,1.),.PIECEWISE_BEZIER_KNOTS.);
#21=B_SPLINE_SURFACE_WITH_KNOTS('',3,1,((#11295,#11296),(#11297,#11298),
(#11299,#11300),(#11301,#11302)),.SURF_OF_LINEAR_EXTRUSION.,.F.,.F.,.F.,
(4,4),(2,2),(0.,1.),(0.,1.),.PIECEWISE_BEZIER_KNOTS.);
#22=B_SPLINE_SURFACE_WITH_KNOTS('',3,1,((#11314,#11315),(#11316,#11317),
(#11318,#11319),(#11320,#11321)),.SURF_OF_LINEAR_EXTRUSION.,.F.,.F.,.F.,
(4,4),(2,2),(0.,1.),(0.,1.),.PIECEWISE_BEZIER_KNOTS.);
#23=B_SPLINE_SURFACE_WITH_KNOTS('',3,1,((#11331,#11332),(#11333,#11334),
(#11335,#11336),(#11337,#11338)),.SURF_OF_LINEAR_EXTRUSION.,.F.,.F.,.F.,
(4,4),(2,2),(0.,1.),(0.,1.),.PIECEWISE_BEZIER_KNOTS.);
#24=B_SPLINE_SURFACE_WITH_KNOTS('',3,1,((#11344,#11345),(#11346,#11347),
(#11348,#11349),(#11350,#11351)),.SURF_OF_LINEAR_EXTRUSION.,.F.,.F.,.F.,
(4,4),(2,2),(0.,1.),(0.,1.),.PIECEWISE_BEZIER_KNOTS.);
#25=B_SPLINE_SURFACE_WITH_KNOTS('',3,1,((#11357,#11358),(#11359,#11360),
(#11361,#11362),(#11363,#11364)),.SURF_OF_LINEAR_EXTRUSION.,.F.,.F.,.F.,
(4,4),(2,2),(0.,1.),(0.,1.),.PIECEWISE_BEZIER_KNOTS.);
#26=B_SPLINE_SURFACE_WITH_KNOTS('',3,1,((#11378,#11379),(#11380,#11381),
(#11382,#11383),(#11384,#11385)),.SURF_OF_LINEAR_EXTRUSION.,.F.,.F.,.F.,
(4,4),(2,2),(0.,1.),(0.,1.),.PIECEWISE_BEZIER_KNOTS.);
#27=B_SPLINE_SURFACE_WITH_KNOTS('',3,1,((#11391,#11392),(#11393,#11394),
(#11395,#11396),(#11397,#11398)),.SURF_OF_LINEAR_EXTRUSION.,.F.,.F.,.F.,
(4,4),(2,2),(0.,1.),(0.,1.),.PIECEWISE_BEZIER_KNOTS.);
#28=B_SPLINE_SURFACE_WITH_KNOTS('',3,1,((#11404,#11405),(#11406,#11407),
(#11408,#11409),(#11410,#11411)),.SURF_OF_LINEAR_EXTRUSION.,.F.,.F.,.F.,
(4,4),(2,2),(0.,1.),(0.,1.),.PIECEWISE_BEZIER_KNOTS.);
#29=B_SPLINE_SURFACE_WITH_KNOTS('',3,1,((#11417,#11418),(#11419,#11420),
(#11421,#11422),(#11423,#11424)),.SURF_OF_LINEAR_EXTRUSION.,.F.,.F.,.F.,
(4,4),(2,2),(0.,1.),(0.,1.),.PIECEWISE_BEZIER_KNOTS.);
#30=B_SPLINE_SURFACE_WITH_KNOTS('',3,1,((#11438,#11439),(#11440,#11441),
(#11442,#11443),(#11444,#11445)),.SURF_OF_LINEAR_EXTRUSION.,.F.,.F.,.F.,
(4,4),(2,2),(0.,1.),(0.,1.),.PIECEWISE_BEZIER_KNOTS.);
#31=B_SPLINE_SURFACE_WITH_KNOTS('',3,1,((#11453,#11454),(#11455,#11456),
(#11457,#11458),(#11459,#11460)),.SURF_OF_LINEAR_EXTRUSION.,.F.,.F.,.F.,
(4,4),(2,2),(0.,1.),(0.,1.),.PIECEWISE_BEZIER_KNOTS.);
#32=B_SPLINE_SURFACE_WITH_KNOTS('',3,1,((#11468,#11469),(#11470,#11471),
(#11472,#11473),(#11474,#11475)),.SURF_OF_LINEAR_EXTRUSION.,.F.,.F.,.F.,
(4,4),(2,2),(0.,1.),(0.,1.),.PIECEWISE_BEZIER_KNOTS.);
#33=B_SPLINE_SURFACE_WITH_KNOTS('',3,1,((#11488,#11489),(#11490,#11491),
(#11492,#11493),(#11494,#11495)),.SURF_OF_LINEAR_EXTRUSION.,.F.,.F.,.F.,
(4,4),(2,2),(0.,1.),(0.,1.),.PIECEWISE_BEZIER_KNOTS.);
#34=B_SPLINE_SURFACE_WITH_KNOTS('',3,1,((#11505,#11506),(#11507,#11508),
(#11509,#11510),(#11511,#11512)),.SURF_OF_LINEAR_EXTRUSION.,.F.,.F.,.F.,
(4,4),(2,2),(0.,1.),(0.,1.),.PIECEWISE_BEZIER_KNOTS.);
#35=B_SPLINE_SURFACE_WITH_KNOTS('',3,1,((#11522,#11523),(#11524,#11525),
(#11526,#11527),(#11528,#11529)),.SURF_OF_LINEAR_EXTRUSION.,.F.,.F.,.F.,
(4,4),(2,2),(0.,1.),(0.,1.),.PIECEWISE_BEZIER_KNOTS.);
#36=B_SPLINE_SURFACE_WITH_KNOTS('',3,1,((#11539,#11540),(#11541,#11542),
(#11543,#11544),(#11545,#11546)),.SURF_OF_LINEAR_EXTRUSION.,.F.,.F.,.F.,
(4,4),(2,2),(0.,1.),(0.,1.),.PIECEWISE_BEZIER_KNOTS.);
#37=B_SPLINE_SURFACE_WITH_KNOTS('',3,1,((#11556,#11557),(#11558,#11559),
(#11560,#11561),(#11562,#11563)),.SURF_OF_LINEAR_EXTRUSION.,.F.,.F.,.F.,
(4,4),(2,2),(0.,1.),(0.,1.),.PIECEWISE_BEZIER_KNOTS.);
#38=B_SPLINE_SURFACE_WITH_KNOTS('',3,1,((#11573,#11574),(#11575,#11576),
(#11577,#11578),(#11579,#11580)),.SURF_OF_LINEAR_EXTRUSION.,.F.,.F.,.F.,
(4,4),(2,2),(0.,1.),(0.,1.),.PIECEWISE_BEZIER_KNOTS.);
#39=B_SPLINE_SURFACE_WITH_KNOTS('',3,1,((#11590,#11591),(#11592,#11593),
(#11594,#11595),(#11596,#11597)),.SURF_OF_LINEAR_EXTRUSION.,.F.,.F.,.F.,
(4,4),(2,2),(0.,1.),(0.,1.),.PIECEWISE_BEZIER_KNOTS.);
#40=B_SPLINE_SURFACE_WITH_KNOTS('',3,1,((#11605,#11606),(#11607,#11608),
(#11609,#11610),(#11611,#11612)),.SURF_OF_LINEAR_EXTRUSION.,.F.,.F.,.F.,
(4,4),(2,2),(0.,1.),(0.,1.),.PIECEWISE_BEZIER_KNOTS.);
#41=B_SPLINE_SURFACE_WITH_KNOTS('',3,1,((#11618,#11619),(#11620,#11621),
(#11622,#11623),(#11624,#11625)),.SURF_OF_LINEAR_EXTRUSION.,.F.,.F.,.F.,
(4,4),(2,2),(0.,1.),(0.,1.),.PIECEWISE_BEZIER_KNOTS.);
#42=B_SPLINE_SURFACE_WITH_KNOTS('',3,1,((#11631,#11632),(#11633,#11634),
(#11635,#11636),(#11637,#11638)),.SURF_OF_LINEAR_EXTRUSION.,.F.,.F.,.F.,
(4,4),(2,2),(0.,1.),(0.,1.),.PIECEWISE_BEZIER_KNOTS.);
#43=B_SPLINE_SURFACE_WITH_KNOTS('',3,1,((#11644,#11645),(#11646,#11647),
(#11648,#11649),(#11650,#11651)),.SURF_OF_LINEAR_EXTRUSION.,.F.,.F.,.F.,
(4,4),(2,2),(0.,1.),(0.,1.),.PIECEWISE_BEZIER_KNOTS.);
#44=B_SPLINE_SURFACE_WITH_KNOTS('',3,1,((#11657,#11658),(#11659,#11660),
(#11661,#11662),(#11663,#11664)),.SURF_OF_LINEAR_EXTRUSION.,.F.,.F.,.F.,
(4,4),(2,2),(0.,1.),(0.,1.),.PIECEWISE_BEZIER_KNOTS.);
#45=B_SPLINE_SURFACE_WITH_KNOTS('',3,1,((#11670,#11671),(#11672,#11673),
(#11674,#11675),(#11676,#11677)),.SURF_OF_LINEAR_EXTRUSION.,.F.,.F.,.F.,
(4,4),(2,2),(0.,1.),(0.,1.),.PIECEWISE_BEZIER_KNOTS.);
#46=B_SPLINE_SURFACE_WITH_KNOTS('',3,1,((#11683,#11684),(#11685,#11686),
(#11687,#11688),(#11689,#11690)),.SURF_OF_LINEAR_EXTRUSION.,.F.,.F.,.F.,
(4,4),(2,2),(0.,1.),(0.,1.),.PIECEWISE_BEZIER_KNOTS.);
#47=B_SPLINE_SURFACE_WITH_KNOTS('',3,1,((#11696,#11697),(#11698,#11699),
(#11700,#11701),(#11702,#11703)),.SURF_OF_LINEAR_EXTRUSION.,.F.,.F.,.F.,
(4,4),(2,2),(0.,1.),(0.,1.),.PIECEWISE_BEZIER_KNOTS.);
#48=B_SPLINE_SURFACE_WITH_KNOTS('',3,1,((#11709,#11710),(#11711,#11712),
(#11713,#11714),(#11715,#11716)),.SURF_OF_LINEAR_EXTRUSION.,.F.,.F.,.F.,
(4,4),(2,2),(0.,1.),(0.,1.),.PIECEWISE_BEZIER_KNOTS.);
#49=B_SPLINE_SURFACE_WITH_KNOTS('',3,1,((#11720,#11721),(#11722,#11723),
(#11724,#11725),(#11726,#11727)),.SURF_OF_LINEAR_EXTRUSION.,.F.,.F.,.F.,
(4,4),(2,2),(0.,1.),(0.,1.),.PIECEWISE_BEZIER_KNOTS.);
#50=B_SPLINE_SURFACE_WITH_KNOTS('',3,1,((#11744,#11745),(#11746,#11747),
(#11748,#11749),(#11750,#11751)),.SURF_OF_LINEAR_EXTRUSION.,.F.,.F.,.F.,
(4,4),(2,2),(0.,1.),(0.,1.),.PIECEWISE_BEZIER_KNOTS.);
#51=B_SPLINE_SURFACE_WITH_KNOTS('',3,1,((#11761,#11762),(#11763,#11764),
(#11765,#11766),(#11767,#11768)),.SURF_OF_LINEAR_EXTRUSION.,.F.,.F.,.F.,
(4,4),(2,2),(0.,1.),(0.,1.),.PIECEWISE_BEZIER_KNOTS.);
#52=B_SPLINE_SURFACE_WITH_KNOTS('',3,1,((#11796,#11797),(#11798,#11799),
(#11800,#11801),(#11802,#11803)),.SURF_OF_LINEAR_EXTRUSION.,.F.,.F.,.F.,
(4,4),(2,2),(0.,1.),(0.,1.),.PIECEWISE_BEZIER_KNOTS.);
#53=B_SPLINE_SURFACE_WITH_KNOTS('',3,1,((#11815,#11816),(#11817,#11818),
(#11819,#11820),(#11821,#11822)),.SURF_OF_LINEAR_EXTRUSION.,.F.,.F.,.F.,
(4,4),(2,2),(0.,1.),(0.,1.),.PIECEWISE_BEZIER_KNOTS.);
#54=B_SPLINE_SURFACE_WITH_KNOTS('',3,1,((#11832,#11833),(#11834,#11835),
(#11836,#11837),(#11838,#11839)),.SURF_OF_LINEAR_EXTRUSION.,.F.,.F.,.F.,
(4,4),(2,2),(0.,1.),(0.,1.),.PIECEWISE_BEZIER_KNOTS.);
#55=B_SPLINE_SURFACE_WITH_KNOTS('',3,1,((#11845,#11846),(#11847,#11848),
(#11849,#11850),(#11851,#11852)),.SURF_OF_LINEAR_EXTRUSION.,.F.,.F.,.F.,
(4,4),(2,2),(0.,1.),(0.,1.),.PIECEWISE_BEZIER_KNOTS.);
#56=B_SPLINE_SURFACE_WITH_KNOTS('',3,1,((#11858,#11859),(#11860,#11861),
(#11862,#11863),(#11864,#11865)),.SURF_OF_LINEAR_EXTRUSION.,.F.,.F.,.F.,
(4,4),(2,2),(0.,1.),(0.,1.),.PIECEWISE_BEZIER_KNOTS.);
#57=B_SPLINE_SURFACE_WITH_KNOTS('',3,1,((#11879,#11880),(#11881,#11882),
(#11883,#11884),(#11885,#11886)),.SURF_OF_LINEAR_EXTRUSION.,.F.,.F.,.F.,
(4,4),(2,2),(0.,1.),(0.,1.),.PIECEWISE_BEZIER_KNOTS.);
#58=B_SPLINE_SURFACE_WITH_KNOTS('',3,1,((#11892,#11893),(#11894,#11895),
(#11896,#11897),(#11898,#11899)),.SURF_OF_LINEAR_EXTRUSION.,.F.,.F.,.F.,
(4,4),(2,2),(0.,1.),(0.,1.),.PIECEWISE_BEZIER_KNOTS.);
#59=B_SPLINE_SURFACE_WITH_KNOTS('',3,1,((#11905,#11906),(#11907,#11908),
(#11909,#11910),(#11911,#11912)),.SURF_OF_LINEAR_EXTRUSION.,.F.,.F.,.F.,
(4,4),(2,2),(0.,1.),(0.,1.),.PIECEWISE_BEZIER_KNOTS.);
#60=B_SPLINE_SURFACE_WITH_KNOTS('',3,1,((#11918,#11919),(#11920,#11921),
(#11922,#11923),(#11924,#11925)),.SURF_OF_LINEAR_EXTRUSION.,.F.,.F.,.F.,
(4,4),(2,2),(0.,1.),(0.,1.),.PIECEWISE_BEZIER_KNOTS.);
#61=B_SPLINE_SURFACE_WITH_KNOTS('',3,1,((#11939,#11940),(#11941,#11942),
(#11943,#11944),(#11945,#11946)),.SURF_OF_LINEAR_EXTRUSION.,.F.,.F.,.F.,
(4,4),(2,2),(0.,1.),(0.,1.),.PIECEWISE_BEZIER_KNOTS.);
#62=B_SPLINE_SURFACE_WITH_KNOTS('',3,1,((#11954,#11955),(#11956,#11957),
(#11958,#11959),(#11960,#11961)),.SURF_OF_LINEAR_EXTRUSION.,.F.,.F.,.F.,
(4,4),(2,2),(0.,1.),(0.,1.),.PIECEWISE_BEZIER_KNOTS.);
#63=B_SPLINE_SURFACE_WITH_KNOTS('',3,1,((#11978,#11979),(#11980,#11981),
(#11982,#11983),(#11984,#11985)),.SURF_OF_LINEAR_EXTRUSION.,.F.,.F.,.F.,
(4,4),(2,2),(0.,1.),(0.,1.),.PIECEWISE_BEZIER_KNOTS.);
#64=B_SPLINE_SURFACE_WITH_KNOTS('',3,1,((#11995,#11996),(#11997,#11998),
(#11999,#12000),(#12001,#12002)),.SURF_OF_LINEAR_EXTRUSION.,.F.,.F.,.F.,
(4,4),(2,2),(0.,1.),(0.,1.),.PIECEWISE_BEZIER_KNOTS.);
#65=B_SPLINE_SURFACE_WITH_KNOTS('',3,1,((#12030,#12031),(#12032,#12033),
(#12034,#12035),(#12036,#12037)),.SURF_OF_LINEAR_EXTRUSION.,.F.,.F.,.F.,
(4,4),(2,2),(0.,1.),(0.,1.),.PIECEWISE_BEZIER_KNOTS.);
#66=B_SPLINE_SURFACE_WITH_KNOTS('',3,1,((#12049,#12050),(#12051,#12052),
(#12053,#12054),(#12055,#12056)),.SURF_OF_LINEAR_EXTRUSION.,.F.,.F.,.F.,
(4,4),(2,2),(0.,1.),(0.,1.),.PIECEWISE_BEZIER_KNOTS.);
#67=B_SPLINE_SURFACE_WITH_KNOTS('',3,1,((#12066,#12067),(#12068,#12069),
(#12070,#12071),(#12072,#12073)),.SURF_OF_LINEAR_EXTRUSION.,.F.,.F.,.F.,
(4,4),(2,2),(0.,1.),(0.,1.),.PIECEWISE_BEZIER_KNOTS.);
#68=B_SPLINE_SURFACE_WITH_KNOTS('',3,1,((#12079,#12080),(#12081,#12082),
(#12083,#12084),(#12085,#12086)),.SURF_OF_LINEAR_EXTRUSION.,.F.,.F.,.F.,
(4,4),(2,2),(0.,1.),(0.,1.),.PIECEWISE_BEZIER_KNOTS.);
#69=B_SPLINE_SURFACE_WITH_KNOTS('',3,1,((#12092,#12093),(#12094,#12095),
(#12096,#12097),(#12098,#12099)),.SURF_OF_LINEAR_EXTRUSION.,.F.,.F.,.F.,
(4,4),(2,2),(0.,1.),(0.,1.),.PIECEWISE_BEZIER_KNOTS.);
#70=B_SPLINE_SURFACE_WITH_KNOTS('',3,1,((#12113,#12114),(#12115,#12116),
(#12117,#12118),(#12119,#12120)),.SURF_OF_LINEAR_EXTRUSION.,.F.,.F.,.F.,
(4,4),(2,2),(0.,1.),(0.,1.),.PIECEWISE_BEZIER_KNOTS.);
#71=B_SPLINE_SURFACE_WITH_KNOTS('',3,1,((#12126,#12127),(#12128,#12129),
(#12130,#12131),(#12132,#12133)),.SURF_OF_LINEAR_EXTRUSION.,.F.,.F.,.F.,
(4,4),(2,2),(0.,1.),(0.,1.),.PIECEWISE_BEZIER_KNOTS.);
#72=B_SPLINE_SURFACE_WITH_KNOTS('',3,1,((#12139,#12140),(#12141,#12142),
(#12143,#12144),(#12145,#12146)),.SURF_OF_LINEAR_EXTRUSION.,.F.,.F.,.F.,
(4,4),(2,2),(0.,1.),(0.,1.),.PIECEWISE_BEZIER_KNOTS.);
#73=B_SPLINE_SURFACE_WITH_KNOTS('',3,1,((#12152,#12153),(#12154,#12155),
(#12156,#12157),(#12158,#12159)),.SURF_OF_LINEAR_EXTRUSION.,.F.,.F.,.F.,
(4,4),(2,2),(0.,1.),(0.,1.),.PIECEWISE_BEZIER_KNOTS.);
#74=B_SPLINE_SURFACE_WITH_KNOTS('',3,1,((#12173,#12174),(#12175,#12176),
(#12177,#12178),(#12179,#12180)),.SURF_OF_LINEAR_EXTRUSION.,.F.,.F.,.F.,
(4,4),(2,2),(0.,1.),(0.,1.),.PIECEWISE_BEZIER_KNOTS.);
#75=B_SPLINE_SURFACE_WITH_KNOTS('',3,1,((#12188,#12189),(#12190,#12191),
(#12192,#12193),(#12194,#12195)),.SURF_OF_LINEAR_EXTRUSION.,.F.,.F.,.F.,
(4,4),(2,2),(0.,1.),(0.,1.),.PIECEWISE_BEZIER_KNOTS.);
#76=B_SPLINE_SURFACE_WITH_KNOTS('',3,1,((#12218,#12219),(#12220,#12221),
(#12222,#12223),(#12224,#12225)),.SURF_OF_LINEAR_EXTRUSION.,.F.,.F.,.F.,
(4,4),(2,2),(0.,1.),(0.,1.),.PIECEWISE_BEZIER_KNOTS.);
#77=B_SPLINE_SURFACE_WITH_KNOTS('',3,1,((#12235,#12236),(#12237,#12238),
(#12239,#12240),(#12241,#12242)),.SURF_OF_LINEAR_EXTRUSION.,.F.,.F.,.F.,
(4,4),(2,2),(0.,1.),(0.,1.),.PIECEWISE_BEZIER_KNOTS.);
#78=B_SPLINE_SURFACE_WITH_KNOTS('',3,1,((#12252,#12253),(#12254,#12255),
(#12256,#12257),(#12258,#12259)),.SURF_OF_LINEAR_EXTRUSION.,.F.,.F.,.F.,
(4,4),(2,2),(0.,1.),(0.,1.),.PIECEWISE_BEZIER_KNOTS.);
#79=B_SPLINE_SURFACE_WITH_KNOTS('',3,1,((#12269,#12270),(#12271,#12272),
(#12273,#12274),(#12275,#12276)),.SURF_OF_LINEAR_EXTRUSION.,.F.,.F.,.F.,
(4,4),(2,2),(0.,1.),(0.,1.),.PIECEWISE_BEZIER_KNOTS.);
#80=B_SPLINE_SURFACE_WITH_KNOTS('',3,1,((#12286,#12287),(#12288,#12289),
(#12290,#12291),(#12292,#12293)),.SURF_OF_LINEAR_EXTRUSION.,.F.,.F.,.F.,
(4,4),(2,2),(0.,1.),(0.,1.),.PIECEWISE_BEZIER_KNOTS.);
#81=B_SPLINE_SURFACE_WITH_KNOTS('',3,1,((#12303,#12304),(#12305,#12306),
(#12307,#12308),(#12309,#12310)),.SURF_OF_LINEAR_EXTRUSION.,.F.,.F.,.F.,
(4,4),(2,2),(0.,1.),(0.,1.),.PIECEWISE_BEZIER_KNOTS.);
#82=B_SPLINE_SURFACE_WITH_KNOTS('',3,1,((#12320,#12321),(#12322,#12323),
(#12324,#12325),(#12326,#12327)),.SURF_OF_LINEAR_EXTRUSION.,.F.,.F.,.F.,
(4,4),(2,2),(0.,1.),(0.,1.),.PIECEWISE_BEZIER_KNOTS.);
#83=B_SPLINE_SURFACE_WITH_KNOTS('',3,1,((#12337,#12338),(#12339,#12340),
(#12341,#12342),(#12343,#12344)),.SURF_OF_LINEAR_EXTRUSION.,.F.,.F.,.F.,
(4,4),(2,2),(0.,1.),(0.,1.),.PIECEWISE_BEZIER_KNOTS.);
#84=B_SPLINE_SURFACE_WITH_KNOTS('',3,1,((#12352,#12353),(#12354,#12355),
(#12356,#12357),(#12358,#12359)),.SURF_OF_LINEAR_EXTRUSION.,.F.,.F.,.F.,
(4,4),(2,2),(0.,1.),(0.,1.),.PIECEWISE_BEZIER_KNOTS.);
#85=B_SPLINE_SURFACE_WITH_KNOTS('',3,1,((#12365,#12366),(#12367,#12368),
(#12369,#12370),(#12371,#12372)),.SURF_OF_LINEAR_EXTRUSION.,.F.,.F.,.F.,
(4,4),(2,2),(0.,1.),(0.,1.),.PIECEWISE_BEZIER_KNOTS.);
#86=B_SPLINE_SURFACE_WITH_KNOTS('',3,1,((#12378,#12379),(#12380,#12381),
(#12382,#12383),(#12384,#12385)),.SURF_OF_LINEAR_EXTRUSION.,.F.,.F.,.F.,
(4,4),(2,2),(0.,1.),(0.,1.),.PIECEWISE_BEZIER_KNOTS.);
#87=B_SPLINE_SURFACE_WITH_KNOTS('',3,1,((#12391,#12392),(#12393,#12394),
(#12395,#12396),(#12397,#12398)),.SURF_OF_LINEAR_EXTRUSION.,.F.,.F.,.F.,
(4,4),(2,2),(0.,1.),(0.,1.),.PIECEWISE_BEZIER_KNOTS.);
#88=B_SPLINE_SURFACE_WITH_KNOTS('',3,1,((#12404,#12405),(#12406,#12407),
(#12408,#12409),(#12410,#12411)),.SURF_OF_LINEAR_EXTRUSION.,.F.,.F.,.F.,
(4,4),(2,2),(0.,1.),(0.,1.),.PIECEWISE_BEZIER_KNOTS.);
#89=B_SPLINE_SURFACE_WITH_KNOTS('',3,1,((#12417,#12418),(#12419,#12420),
(#12421,#12422),(#12423,#12424)),.SURF_OF_LINEAR_EXTRUSION.,.F.,.F.,.F.,
(4,4),(2,2),(0.,1.),(0.,1.),.PIECEWISE_BEZIER_KNOTS.);
#90=B_SPLINE_SURFACE_WITH_KNOTS('',3,1,((#12430,#12431),(#12432,#12433),
(#12434,#12435),(#12436,#12437)),.SURF_OF_LINEAR_EXTRUSION.,.F.,.F.,.F.,
(4,4),(2,2),(0.,1.),(0.,1.),.PIECEWISE_BEZIER_KNOTS.);
#91=B_SPLINE_SURFACE_WITH_KNOTS('',3,1,((#12447,#12448),(#12449,#12450),
(#12451,#12452),(#12453,#12454)),.SURF_OF_LINEAR_EXTRUSION.,.F.,.F.,.F.,
(4,4),(2,2),(0.,1.),(0.,1.),.PIECEWISE_BEZIER_KNOTS.);
#92=B_SPLINE_SURFACE_WITH_KNOTS('',3,1,((#12460,#12461),(#12462,#12463),
(#12464,#12465),(#12466,#12467)),.SURF_OF_LINEAR_EXTRUSION.,.F.,.F.,.F.,
(4,4),(2,2),(0.,1.),(0.,1.),.PIECEWISE_BEZIER_KNOTS.);
#93=B_SPLINE_SURFACE_WITH_KNOTS('',3,1,((#12473,#12474),(#12475,#12476),
(#12477,#12478),(#12479,#12480)),.SURF_OF_LINEAR_EXTRUSION.,.F.,.F.,.F.,
(4,4),(2,2),(0.,1.),(0.,1.),.PIECEWISE_BEZIER_KNOTS.);
#94=B_SPLINE_SURFACE_WITH_KNOTS('',3,1,((#12486,#12487),(#12488,#12489),
(#12490,#12491),(#12492,#12493)),.SURF_OF_LINEAR_EXTRUSION.,.F.,.F.,.F.,
(4,4),(2,2),(0.,1.),(0.,1.),.PIECEWISE_BEZIER_KNOTS.);
#95=B_SPLINE_SURFACE_WITH_KNOTS('',3,1,((#12499,#12500),(#12501,#12502),
(#12503,#12504),(#12505,#12506)),.SURF_OF_LINEAR_EXTRUSION.,.F.,.F.,.F.,
(4,4),(2,2),(0.,1.),(0.,1.),.PIECEWISE_BEZIER_KNOTS.);
#96=B_SPLINE_SURFACE_WITH_KNOTS('',3,1,((#12510,#12511),(#12512,#12513),
(#12514,#12515),(#12516,#12517)),.SURF_OF_LINEAR_EXTRUSION.,.F.,.F.,.F.,
(4,4),(2,2),(0.,1.),(0.,1.),.PIECEWISE_BEZIER_KNOTS.);
#97=B_SPLINE_SURFACE_WITH_KNOTS('',3,1,((#12534,#12535),(#12536,#12537),
(#12538,#12539),(#12540,#12541)),.SURF_OF_LINEAR_EXTRUSION.,.F.,.F.,.F.,
(4,4),(2,2),(0.,1.),(0.,1.),.PIECEWISE_BEZIER_KNOTS.);
#98=B_SPLINE_SURFACE_WITH_KNOTS('',3,1,((#12551,#12552),(#12553,#12554),
(#12555,#12556),(#12557,#12558)),.SURF_OF_LINEAR_EXTRUSION.,.F.,.F.,.F.,
(4,4),(2,2),(0.,1.),(0.,1.),.PIECEWISE_BEZIER_KNOTS.);
#99=B_SPLINE_SURFACE_WITH_KNOTS('',3,1,((#12586,#12587),(#12588,#12589),
(#12590,#12591),(#12592,#12593)),.SURF_OF_LINEAR_EXTRUSION.,.F.,.F.,.F.,
(4,4),(2,2),(0.,1.),(0.,1.),.PIECEWISE_BEZIER_KNOTS.);
#100=B_SPLINE_SURFACE_WITH_KNOTS('',3,1,((#12605,#12606),(#12607,#12608),
(#12609,#12610),(#12611,#12612)),.SURF_OF_LINEAR_EXTRUSION.,.F.,.F.,.F.,
(4,4),(2,2),(0.,1.),(0.,1.),.PIECEWISE_BEZIER_KNOTS.);
#101=B_SPLINE_SURFACE_WITH_KNOTS('',3,1,((#12622,#12623),(#12624,#12625),
(#12626,#12627),(#12628,#12629)),.SURF_OF_LINEAR_EXTRUSION.,.F.,.F.,.F.,
(4,4),(2,2),(0.,1.),(0.,1.),.PIECEWISE_BEZIER_KNOTS.);
#102=B_SPLINE_SURFACE_WITH_KNOTS('',3,1,((#12635,#12636),(#12637,#12638),
(#12639,#12640),(#12641,#12642)),.SURF_OF_LINEAR_EXTRUSION.,.F.,.F.,.F.,
(4,4),(2,2),(0.,1.),(0.,1.),.PIECEWISE_BEZIER_KNOTS.);
#103=B_SPLINE_SURFACE_WITH_KNOTS('',3,1,((#12648,#12649),(#12650,#12651),
(#12652,#12653),(#12654,#12655)),.SURF_OF_LINEAR_EXTRUSION.,.F.,.F.,.F.,
(4,4),(2,2),(0.,1.),(0.,1.),.PIECEWISE_BEZIER_KNOTS.);
#104=B_SPLINE_SURFACE_WITH_KNOTS('',3,1,((#12669,#12670),(#12671,#12672),
(#12673,#12674),(#12675,#12676)),.SURF_OF_LINEAR_EXTRUSION.,.F.,.F.,.F.,
(4,4),(2,2),(0.,1.),(0.,1.),.PIECEWISE_BEZIER_KNOTS.);
#105=B_SPLINE_SURFACE_WITH_KNOTS('',3,1,((#12682,#12683),(#12684,#12685),
(#12686,#12687),(#12688,#12689)),.SURF_OF_LINEAR_EXTRUSION.,.F.,.F.,.F.,
(4,4),(2,2),(0.,1.),(0.,1.),.PIECEWISE_BEZIER_KNOTS.);
#106=B_SPLINE_SURFACE_WITH_KNOTS('',3,1,((#12695,#12696),(#12697,#12698),
(#12699,#12700),(#12701,#12702)),.SURF_OF_LINEAR_EXTRUSION.,.F.,.F.,.F.,
(4,4),(2,2),(0.,1.),(0.,1.),.PIECEWISE_BEZIER_KNOTS.);
#107=B_SPLINE_SURFACE_WITH_KNOTS('',3,1,((#12708,#12709),(#12710,#12711),
(#12712,#12713),(#12714,#12715)),.SURF_OF_LINEAR_EXTRUSION.,.F.,.F.,.F.,
(4,4),(2,2),(0.,1.),(0.,1.),.PIECEWISE_BEZIER_KNOTS.);
#108=B_SPLINE_SURFACE_WITH_KNOTS('',3,1,((#12729,#12730),(#12731,#12732),
(#12733,#12734),(#12735,#12736)),.SURF_OF_LINEAR_EXTRUSION.,.F.,.F.,.F.,
(4,4),(2,2),(0.,1.),(0.,1.),.PIECEWISE_BEZIER_KNOTS.);
#109=B_SPLINE_SURFACE_WITH_KNOTS('',3,1,((#12744,#12745),(#12746,#12747),
(#12748,#12749),(#12750,#12751)),.SURF_OF_LINEAR_EXTRUSION.,.F.,.F.,.F.,
(4,4),(2,2),(0.,1.),(0.,1.),.PIECEWISE_BEZIER_KNOTS.);
#110=B_SPLINE_SURFACE_WITH_KNOTS('',3,1,((#12780,#12781),(#12782,#12783),
(#12784,#12785),(#12786,#12787)),.SURF_OF_LINEAR_EXTRUSION.,.F.,.F.,.F.,
(4,4),(2,2),(0.,1.),(0.,1.),.PIECEWISE_BEZIER_KNOTS.);
#111=B_SPLINE_SURFACE_WITH_KNOTS('',3,1,((#12797,#12798),(#12799,#12800),
(#12801,#12802),(#12803,#12804)),.SURF_OF_LINEAR_EXTRUSION.,.F.,.F.,.F.,
(4,4),(2,2),(0.,1.),(0.,1.),.PIECEWISE_BEZIER_KNOTS.);
#112=B_SPLINE_SURFACE_WITH_KNOTS('',3,1,((#12829,#12830),(#12831,#12832),
(#12833,#12834),(#12835,#12836)),.SURF_OF_LINEAR_EXTRUSION.,.F.,.F.,.F.,
(4,4),(2,2),(0.,1.),(0.,1.),.PIECEWISE_BEZIER_KNOTS.);
#113=B_SPLINE_SURFACE_WITH_KNOTS('',3,1,((#12846,#12847),(#12848,#12849),
(#12850,#12851),(#12852,#12853)),.SURF_OF_LINEAR_EXTRUSION.,.F.,.F.,.F.,
(4,4),(2,2),(0.,1.),(0.,1.),.PIECEWISE_BEZIER_KNOTS.);
#114=B_SPLINE_SURFACE_WITH_KNOTS('',3,1,((#12869,#12870),(#12871,#12872),
(#12873,#12874),(#12875,#12876)),.SURF_OF_LINEAR_EXTRUSION.,.F.,.F.,.F.,
(4,4),(2,2),(0.,1.),(0.,1.),.PIECEWISE_BEZIER_KNOTS.);
#115=B_SPLINE_SURFACE_WITH_KNOTS('',3,1,((#12896,#12897),(#12898,#12899),
(#12900,#12901),(#12902,#12903)),.SURF_OF_LINEAR_EXTRUSION.,.F.,.F.,.F.,
(4,4),(2,2),(0.,1.),(0.,1.),.PIECEWISE_BEZIER_KNOTS.);
#116=B_SPLINE_SURFACE_WITH_KNOTS('',3,1,((#12909,#12910),(#12911,#12912),
(#12913,#12914),(#12915,#12916)),.SURF_OF_LINEAR_EXTRUSION.,.F.,.F.,.F.,
(4,4),(2,2),(0.,1.),(0.,1.),.PIECEWISE_BEZIER_KNOTS.);
#117=B_SPLINE_SURFACE_WITH_KNOTS('',3,1,((#12922,#12923),(#12924,#12925),
(#12926,#12927),(#12928,#12929)),.SURF_OF_LINEAR_EXTRUSION.,.F.,.F.,.F.,
(4,4),(2,2),(0.,1.),(0.,1.),.PIECEWISE_BEZIER_KNOTS.);
#118=B_SPLINE_SURFACE_WITH_KNOTS('',3,1,((#12939,#12940),(#12941,#12942),
(#12943,#12944),(#12945,#12946)),.SURF_OF_LINEAR_EXTRUSION.,.F.,.F.,.F.,
(4,4),(2,2),(0.,1.),(0.,1.),.PIECEWISE_BEZIER_KNOTS.);
#119=B_SPLINE_SURFACE_WITH_KNOTS('',3,1,((#12952,#12953),(#12954,#12955),
(#12956,#12957),(#12958,#12959)),.SURF_OF_LINEAR_EXTRUSION.,.F.,.F.,.F.,
(4,4),(2,2),(0.,1.),(0.,1.),.PIECEWISE_BEZIER_KNOTS.);
#120=B_SPLINE_SURFACE_WITH_KNOTS('',3,1,((#12965,#12966),(#12967,#12968),
(#12969,#12970),(#12971,#12972)),.SURF_OF_LINEAR_EXTRUSION.,.F.,.F.,.F.,
(4,4),(2,2),(0.,1.),(0.,1.),.PIECEWISE_BEZIER_KNOTS.);
#121=B_SPLINE_SURFACE_WITH_KNOTS('',3,1,((#12983,#12984),(#12985,#12986),
(#12987,#12988),(#12989,#12990)),.SURF_OF_LINEAR_EXTRUSION.,.F.,.F.,.F.,
(4,4),(2,2),(0.,1.),(0.,1.),.PIECEWISE_BEZIER_KNOTS.);
#122=B_SPLINE_SURFACE_WITH_KNOTS('',3,1,((#13020,#13021),(#13022,#13023),
(#13024,#13025),(#13026,#13027)),.SURF_OF_LINEAR_EXTRUSION.,.F.,.F.,.F.,
(4,4),(2,2),(0.,1.),(0.,1.),.PIECEWISE_BEZIER_KNOTS.);
#123=B_SPLINE_SURFACE_WITH_KNOTS('',3,1,((#13035,#13036),(#13037,#13038),
(#13039,#13040),(#13041,#13042)),.SURF_OF_LINEAR_EXTRUSION.,.F.,.F.,.F.,
(4,4),(2,2),(0.,1.),(0.,1.),.PIECEWISE_BEZIER_KNOTS.);
#124=B_SPLINE_SURFACE_WITH_KNOTS('',3,1,((#13048,#13049),(#13050,#13051),
(#13052,#13053),(#13054,#13055)),.SURF_OF_LINEAR_EXTRUSION.,.F.,.F.,.F.,
(4,4),(2,2),(0.,1.),(0.,1.),.PIECEWISE_BEZIER_KNOTS.);
#125=B_SPLINE_SURFACE_WITH_KNOTS('',3,1,((#13061,#13062),(#13063,#13064),
(#13065,#13066),(#13067,#13068)),.SURF_OF_LINEAR_EXTRUSION.,.F.,.F.,.F.,
(4,4),(2,2),(0.,1.),(0.,1.),.PIECEWISE_BEZIER_KNOTS.);
#126=B_SPLINE_SURFACE_WITH_KNOTS('',3,1,((#13078,#13079),(#13080,#13081),
(#13082,#13083),(#13084,#13085)),.SURF_OF_LINEAR_EXTRUSION.,.F.,.F.,.F.,
(4,4),(2,2),(0.,1.),(0.,1.),.PIECEWISE_BEZIER_KNOTS.);
#127=B_SPLINE_SURFACE_WITH_KNOTS('',3,1,((#13091,#13092),(#13093,#13094),
(#13095,#13096),(#13097,#13098)),.SURF_OF_LINEAR_EXTRUSION.,.F.,.F.,.F.,
(4,4),(2,2),(0.,1.),(0.,1.),.PIECEWISE_BEZIER_KNOTS.);
#128=B_SPLINE_SURFACE_WITH_KNOTS('',3,1,((#13108,#13109),(#13110,#13111),
(#13112,#13113),(#13114,#13115)),.SURF_OF_LINEAR_EXTRUSION.,.F.,.F.,.F.,
(4,4),(2,2),(0.,1.),(0.,1.),.PIECEWISE_BEZIER_KNOTS.);
#129=B_SPLINE_SURFACE_WITH_KNOTS('',3,1,((#13125,#13126),(#13127,#13128),
(#13129,#13130),(#13131,#13132)),.SURF_OF_LINEAR_EXTRUSION.,.F.,.F.,.F.,
(4,4),(2,2),(0.,1.),(0.,1.),.PIECEWISE_BEZIER_KNOTS.);
#130=B_SPLINE_SURFACE_WITH_KNOTS('',3,1,((#13138,#13139),(#13140,#13141),
(#13142,#13143),(#13144,#13145)),.SURF_OF_LINEAR_EXTRUSION.,.F.,.F.,.F.,
(4,4),(2,2),(0.,1.),(0.,1.),.PIECEWISE_BEZIER_KNOTS.);
#131=B_SPLINE_SURFACE_WITH_KNOTS('',3,1,((#13151,#13152),(#13153,#13154),
(#13155,#13156),(#13157,#13158)),.SURF_OF_LINEAR_EXTRUSION.,.F.,.F.,.F.,
(4,4),(2,2),(0.,1.),(0.,1.),.PIECEWISE_BEZIER_KNOTS.);
#132=B_SPLINE_SURFACE_WITH_KNOTS('',3,1,((#13168,#13169),(#13170,#13171),
(#13172,#13173),(#13174,#13175)),.SURF_OF_LINEAR_EXTRUSION.,.F.,.F.,.F.,
(4,4),(2,2),(0.,1.),(0.,1.),.PIECEWISE_BEZIER_KNOTS.);
#133=B_SPLINE_SURFACE_WITH_KNOTS('',3,1,((#13185,#13186),(#13187,#13188),
(#13189,#13190),(#13191,#13192)),.SURF_OF_LINEAR_EXTRUSION.,.F.,.F.,.F.,
(4,4),(2,2),(0.,1.),(0.,1.),.PIECEWISE_BEZIER_KNOTS.);
#134=B_SPLINE_SURFACE_WITH_KNOTS('',3,1,((#13198,#13199),(#13200,#13201),
(#13202,#13203),(#13204,#13205)),.SURF_OF_LINEAR_EXTRUSION.,.F.,.F.,.F.,
(4,4),(2,2),(0.,1.),(0.,1.),.PIECEWISE_BEZIER_KNOTS.);
#135=B_SPLINE_SURFACE_WITH_KNOTS('',3,1,((#13215,#13216),(#13217,#13218),
(#13219,#13220),(#13221,#13222)),.SURF_OF_LINEAR_EXTRUSION.,.F.,.F.,.F.,
(4,4),(2,2),(0.,1.),(0.,1.),.PIECEWISE_BEZIER_KNOTS.);
#136=B_SPLINE_SURFACE_WITH_KNOTS('',3,1,((#13228,#13229),(#13230,#13231),
(#13232,#13233),(#13234,#13235)),.SURF_OF_LINEAR_EXTRUSION.,.F.,.F.,.F.,
(4,4),(2,2),(0.,1.),(0.,1.),.PIECEWISE_BEZIER_KNOTS.);
#137=B_SPLINE_SURFACE_WITH_KNOTS('',3,1,((#13241,#13242),(#13243,#13244),
(#13245,#13246),(#13247,#13248)),.SURF_OF_LINEAR_EXTRUSION.,.F.,.F.,.F.,
(4,4),(2,2),(0.,1.),(0.,1.),.PIECEWISE_BEZIER_KNOTS.);
#138=B_SPLINE_SURFACE_WITH_KNOTS('',3,1,((#13254,#13255),(#13256,#13257),
(#13258,#13259),(#13260,#13261)),.SURF_OF_LINEAR_EXTRUSION.,.F.,.F.,.F.,
(4,4),(2,2),(0.,1.),(0.,1.),.PIECEWISE_BEZIER_KNOTS.);
#139=B_SPLINE_SURFACE_WITH_KNOTS('',3,1,((#13267,#13268),(#13269,#13270),
(#13271,#13272),(#13273,#13274)),.SURF_OF_LINEAR_EXTRUSION.,.F.,.F.,.F.,
(4,4),(2,2),(0.,1.),(0.,1.),.PIECEWISE_BEZIER_KNOTS.);
#140=B_SPLINE_SURFACE_WITH_KNOTS('',3,1,((#13305,#13306),(#13307,#13308),
(#13309,#13310),(#13311,#13312)),.SURF_OF_LINEAR_EXTRUSION.,.F.,.F.,.F.,
(4,4),(2,2),(0.,1.),(0.,1.),.PIECEWISE_BEZIER_KNOTS.);
#141=B_SPLINE_SURFACE_WITH_KNOTS('',3,1,((#13326,#13327),(#13328,#13329),
(#13330,#13331),(#13332,#13333)),.SURF_OF_LINEAR_EXTRUSION.,.F.,.F.,.F.,
(4,4),(2,2),(0.,1.),(0.,1.),.PIECEWISE_BEZIER_KNOTS.);
#142=B_SPLINE_SURFACE_WITH_KNOTS('',3,1,((#13339,#13340),(#13341,#13342),
(#13343,#13344),(#13345,#13346)),.SURF_OF_LINEAR_EXTRUSION.,.F.,.F.,.F.,
(4,4),(2,2),(0.,1.),(0.,1.),.PIECEWISE_BEZIER_KNOTS.);
#143=B_SPLINE_SURFACE_WITH_KNOTS('',3,1,((#13352,#13353),(#13354,#13355),
(#13356,#13357),(#13358,#13359)),.SURF_OF_LINEAR_EXTRUSION.,.F.,.F.,.F.,
(4,4),(2,2),(0.,1.),(0.,1.),.PIECEWISE_BEZIER_KNOTS.);
#144=B_SPLINE_SURFACE_WITH_KNOTS('',3,1,((#13386,#13387),(#13388,#13389),
(#13390,#13391),(#13392,#13393)),.SURF_OF_LINEAR_EXTRUSION.,.F.,.F.,.F.,
(4,4),(2,2),(0.,1.),(0.,1.),.PIECEWISE_BEZIER_KNOTS.);
#145=B_SPLINE_SURFACE_WITH_KNOTS('',3,1,((#13419,#13420),(#13421,#13422),
(#13423,#13424),(#13425,#13426)),.SURF_OF_LINEAR_EXTRUSION.,.F.,.F.,.F.,
(4,4),(2,2),(0.,1.),(0.,1.),.PIECEWISE_BEZIER_KNOTS.);
#146=B_SPLINE_SURFACE_WITH_KNOTS('',3,1,((#13445,#13446),(#13447,#13448),
(#13449,#13450),(#13451,#13452)),.SURF_OF_LINEAR_EXTRUSION.,.F.,.F.,.F.,
(4,4),(2,2),(0.,1.),(0.,1.),.PIECEWISE_BEZIER_KNOTS.);
#147=B_SPLINE_SURFACE_WITH_KNOTS('',3,1,((#13478,#13479),(#13480,#13481),
(#13482,#13483),(#13484,#13485)),.SURF_OF_LINEAR_EXTRUSION.,.F.,.F.,.F.,
(4,4),(2,2),(0.,1.),(0.,1.),.PIECEWISE_BEZIER_KNOTS.);
#148=B_SPLINE_SURFACE_WITH_KNOTS('',3,1,((#13512,#13513),(#13514,#13515),
(#13516,#13517),(#13518,#13519)),.SURF_OF_LINEAR_EXTRUSION.,.F.,.F.,.F.,
(4,4),(2,2),(0.,1.),(0.,1.),.PIECEWISE_BEZIER_KNOTS.);
#149=B_SPLINE_SURFACE_WITH_KNOTS('',3,1,((#13525,#13526),(#13527,#13528),
(#13529,#13530),(#13531,#13532)),.SURF_OF_LINEAR_EXTRUSION.,.F.,.F.,.F.,
(4,4),(2,2),(0.,1.),(0.,1.),.PIECEWISE_BEZIER_KNOTS.);
#150=B_SPLINE_SURFACE_WITH_KNOTS('',3,1,((#13554,#13555),(#13556,#13557),
(#13558,#13559),(#13560,#13561)),.SURF_OF_LINEAR_EXTRUSION.,.F.,.F.,.F.,
(4,4),(2,2),(0.,1.),(0.,1.),.PIECEWISE_BEZIER_KNOTS.);
#151=B_SPLINE_SURFACE_WITH_KNOTS('',3,1,((#13567,#13568),(#13569,#13570),
(#13571,#13572),(#13573,#13574)),.SURF_OF_LINEAR_EXTRUSION.,.F.,.F.,.F.,
(4,4),(2,2),(0.,1.),(0.,1.),.PIECEWISE_BEZIER_KNOTS.);
#152=B_SPLINE_SURFACE_WITH_KNOTS('',3,1,((#13580,#13581),(#13582,#13583),
(#13584,#13585),(#13586,#13587)),.SURF_OF_LINEAR_EXTRUSION.,.F.,.F.,.F.,
(4,4),(2,2),(0.,1.),(0.,1.),.PIECEWISE_BEZIER_KNOTS.);
#153=B_SPLINE_SURFACE_WITH_KNOTS('',3,1,((#13622,#13623),(#13624,#13625),
(#13626,#13627),(#13628,#13629)),.SURF_OF_LINEAR_EXTRUSION.,.F.,.F.,.F.,
(4,4),(2,2),(0.,1.),(0.,1.),.PIECEWISE_BEZIER_KNOTS.);
#154=B_SPLINE_SURFACE_WITH_KNOTS('',3,1,((#13635,#13636),(#13637,#13638),
(#13639,#13640),(#13641,#13642)),.SURF_OF_LINEAR_EXTRUSION.,.F.,.F.,.F.,
(4,4),(2,2),(0.,1.),(0.,1.),.PIECEWISE_BEZIER_KNOTS.);
#155=B_SPLINE_SURFACE_WITH_KNOTS('',3,1,((#13656,#13657),(#13658,#13659),
(#13660,#13661),(#13662,#13663)),.SURF_OF_LINEAR_EXTRUSION.,.F.,.F.,.F.,
(4,4),(2,2),(0.,1.),(0.,1.),.PIECEWISE_BEZIER_KNOTS.);
#156=B_SPLINE_SURFACE_WITH_KNOTS('',3,1,((#13669,#13670),(#13671,#13672),
(#13673,#13674),(#13675,#13676)),.SURF_OF_LINEAR_EXTRUSION.,.F.,.F.,.F.,
(4,4),(2,2),(0.,1.),(0.,1.),.PIECEWISE_BEZIER_KNOTS.);
#157=B_SPLINE_SURFACE_WITH_KNOTS('',3,1,((#13682,#13683),(#13684,#13685),
(#13686,#13687),(#13688,#13689)),.SURF_OF_LINEAR_EXTRUSION.,.F.,.F.,.F.,
(4,4),(2,2),(0.,1.),(0.,1.),.PIECEWISE_BEZIER_KNOTS.);
#158=B_SPLINE_SURFACE_WITH_KNOTS('',3,1,((#13749,#13750),(#13751,#13752),
(#13753,#13754),(#13755,#13756)),.SURF_OF_LINEAR_EXTRUSION.,.F.,.F.,.F.,
(4,4),(2,2),(0.,1.),(0.,1.),.PIECEWISE_BEZIER_KNOTS.);
#159=B_SPLINE_SURFACE_WITH_KNOTS('',3,1,((#13782,#13783),(#13784,#13785),
(#13786,#13787),(#13788,#13789)),.SURF_OF_LINEAR_EXTRUSION.,.F.,.F.,.F.,
(4,4),(2,2),(0.,1.),(0.,1.),.PIECEWISE_BEZIER_KNOTS.);
#160=B_SPLINE_SURFACE_WITH_KNOTS('',3,1,((#13835,#13836),(#13837,#13838),
(#13839,#13840),(#13841,#13842)),.SURF_OF_LINEAR_EXTRUSION.,.F.,.F.,.F.,
(4,4),(2,2),(0.,1.),(0.,1.),.PIECEWISE_BEZIER_KNOTS.);
#161=B_SPLINE_SURFACE_WITH_KNOTS('',3,1,((#13870,#13871),(#13872,#13873),
(#13874,#13875),(#13876,#13877)),.SURF_OF_LINEAR_EXTRUSION.,.F.,.F.,.F.,
(4,4),(2,2),(0.,1.),(0.,1.),.PIECEWISE_BEZIER_KNOTS.);
#162=B_SPLINE_SURFACE_WITH_KNOTS('',3,1,((#13883,#13884),(#13885,#13886),
(#13887,#13888),(#13889,#13890)),.SURF_OF_LINEAR_EXTRUSION.,.F.,.F.,.F.,
(4,4),(2,2),(0.,1.),(0.,1.),.PIECEWISE_BEZIER_KNOTS.);
#163=B_SPLINE_SURFACE_WITH_KNOTS('',3,1,((#13912,#13913),(#13914,#13915),
(#13916,#13917),(#13918,#13919)),.SURF_OF_LINEAR_EXTRUSION.,.F.,.F.,.F.,
(4,4),(2,2),(0.,1.),(0.,1.),.PIECEWISE_BEZIER_KNOTS.);
#164=B_SPLINE_SURFACE_WITH_KNOTS('',3,1,((#13925,#13926),(#13927,#13928),
(#13929,#13930),(#13931,#13932)),.SURF_OF_LINEAR_EXTRUSION.,.F.,.F.,.F.,
(4,4),(2,2),(0.,1.),(0.,1.),.PIECEWISE_BEZIER_KNOTS.);
#165=B_SPLINE_SURFACE_WITH_KNOTS('',3,1,((#13978,#13979),(#13980,#13981),
(#13982,#13983),(#13984,#13985)),.SURF_OF_LINEAR_EXTRUSION.,.F.,.F.,.F.,
(4,4),(2,2),(0.,1.),(0.,1.),.PIECEWISE_BEZIER_KNOTS.);
#166=B_SPLINE_SURFACE_WITH_KNOTS('',3,1,((#14004,#14005),(#14006,#14007),
(#14008,#14009),(#14010,#14011)),.SURF_OF_LINEAR_EXTRUSION.,.F.,.F.,.F.,
(4,4),(2,2),(0.,1.),(0.,1.),.PIECEWISE_BEZIER_KNOTS.);
#167=B_SPLINE_SURFACE_WITH_KNOTS('',3,1,((#14021,#14022),(#14023,#14024),
(#14025,#14026),(#14027,#14028)),.SURF_OF_LINEAR_EXTRUSION.,.F.,.F.,.F.,
(4,4),(2,2),(0.,1.),(0.,1.),.PIECEWISE_BEZIER_KNOTS.);
#168=B_SPLINE_SURFACE_WITH_KNOTS('',3,1,((#14038,#14039),(#14040,#14041),
(#14042,#14043),(#14044,#14045)),.SURF_OF_LINEAR_EXTRUSION.,.F.,.F.,.F.,
(4,4),(2,2),(0.,1.),(0.,1.),.PIECEWISE_BEZIER_KNOTS.);
#169=B_SPLINE_SURFACE_WITH_KNOTS('',3,1,((#14061,#14062),(#14063,#14064),
(#14065,#14066),(#14067,#14068)),.SURF_OF_LINEAR_EXTRUSION.,.F.,.F.,.F.,
(4,4),(2,2),(0.,1.),(0.,1.),.PIECEWISE_BEZIER_KNOTS.);
#170=B_SPLINE_SURFACE_WITH_KNOTS('',3,1,((#14078,#14079),(#14080,#14081),
(#14082,#14083),(#14084,#14085)),.SURF_OF_LINEAR_EXTRUSION.,.F.,.F.,.F.,
(4,4),(2,2),(0.,1.),(0.,1.),.PIECEWISE_BEZIER_KNOTS.);
#171=B_SPLINE_SURFACE_WITH_KNOTS('',3,1,((#14097,#14098),(#14099,#14100),
(#14101,#14102),(#14103,#14104)),.SURF_OF_LINEAR_EXTRUSION.,.F.,.F.,.F.,
(4,4),(2,2),(0.,1.),(0.,1.),.PIECEWISE_BEZIER_KNOTS.);
#172=B_SPLINE_SURFACE_WITH_KNOTS('',3,1,((#14110,#14111),(#14112,#14113),
(#14114,#14115),(#14116,#14117)),.SURF_OF_LINEAR_EXTRUSION.,.F.,.F.,.F.,
(4,4),(2,2),(0.,1.),(0.,1.),.PIECEWISE_BEZIER_KNOTS.);
#173=B_SPLINE_SURFACE_WITH_KNOTS('',3,1,((#14123,#14124),(#14125,#14126),
(#14127,#14128),(#14129,#14130)),.SURF_OF_LINEAR_EXTRUSION.,.F.,.F.,.F.,
(4,4),(2,2),(0.,1.),(0.,1.),.PIECEWISE_BEZIER_KNOTS.);
#174=B_SPLINE_SURFACE_WITH_KNOTS('',3,1,((#14140,#14141),(#14142,#14143),
(#14144,#14145),(#14146,#14147)),.SURF_OF_LINEAR_EXTRUSION.,.F.,.F.,.F.,
(4,4),(2,2),(0.,1.),(0.,1.),.PIECEWISE_BEZIER_KNOTS.);
#175=B_SPLINE_SURFACE_WITH_KNOTS('',3,1,((#14153,#14154),(#14155,#14156),
(#14157,#14158),(#14159,#14160)),.SURF_OF_LINEAR_EXTRUSION.,.F.,.F.,.F.,
(4,4),(2,2),(0.,1.),(0.,1.),.PIECEWISE_BEZIER_KNOTS.);
#176=B_SPLINE_SURFACE_WITH_KNOTS('',3,1,((#14166,#14167),(#14168,#14169),
(#14170,#14171),(#14172,#14173)),.SURF_OF_LINEAR_EXTRUSION.,.F.,.F.,.F.,
(4,4),(2,2),(0.,1.),(0.,1.),.PIECEWISE_BEZIER_KNOTS.);
#177=B_SPLINE_SURFACE_WITH_KNOTS('',3,1,((#14191,#14192),(#14193,#14194),
(#14195,#14196),(#14197,#14198)),.SURF_OF_LINEAR_EXTRUSION.,.F.,.F.,.F.,
(4,4),(2,2),(0.,1.),(0.,1.),.PIECEWISE_BEZIER_KNOTS.);
#178=B_SPLINE_SURFACE_WITH_KNOTS('',3,1,((#14204,#14205),(#14206,#14207),
(#14208,#14209),(#14210,#14211)),.SURF_OF_LINEAR_EXTRUSION.,.F.,.F.,.F.,
(4,4),(2,2),(0.,1.),(0.,1.),.PIECEWISE_BEZIER_KNOTS.);
#179=B_SPLINE_SURFACE_WITH_KNOTS('',3,1,((#14229,#14230),(#14231,#14232),
(#14233,#14234),(#14235,#14236)),.SURF_OF_LINEAR_EXTRUSION.,.F.,.F.,.F.,
(4,4),(2,2),(0.,1.),(0.,1.),.PIECEWISE_BEZIER_KNOTS.);
#180=B_SPLINE_SURFACE_WITH_KNOTS('',3,1,((#14242,#14243),(#14244,#14245),
(#14246,#14247),(#14248,#14249)),.SURF_OF_LINEAR_EXTRUSION.,.F.,.F.,.F.,
(4,4),(2,2),(0.,1.),(0.,1.),.PIECEWISE_BEZIER_KNOTS.);
#181=B_SPLINE_SURFACE_WITH_KNOTS('',3,1,((#14253,#14254),(#14255,#14256),
(#14257,#14258),(#14259,#14260)),.SURF_OF_LINEAR_EXTRUSION.,.F.,.F.,.F.,
(4,4),(2,2),(0.,1.),(0.,1.),.PIECEWISE_BEZIER_KNOTS.);
#182=B_SPLINE_SURFACE_WITH_KNOTS('',3,1,((#14282,#14283),(#14284,#14285),
(#14286,#14287),(#14288,#14289)),.SURF_OF_LINEAR_EXTRUSION.,.F.,.F.,.F.,
(4,4),(2,2),(0.,1.),(0.,1.),.PIECEWISE_BEZIER_KNOTS.);
#183=B_SPLINE_SURFACE_WITH_KNOTS('',3,1,((#14315,#14316),(#14317,#14318),
(#14319,#14320),(#14321,#14322)),.SURF_OF_LINEAR_EXTRUSION.,.F.,.F.,.F.,
(4,4),(2,2),(0.,1.),(0.,1.),.PIECEWISE_BEZIER_KNOTS.);
#184=B_SPLINE_SURFACE_WITH_KNOTS('',3,1,((#14357,#14358),(#14359,#14360),
(#14361,#14362),(#14363,#14364)),.SURF_OF_LINEAR_EXTRUSION.,.F.,.F.,.F.,
(4,4),(2,2),(0.,1.),(0.,1.),.PIECEWISE_BEZIER_KNOTS.);
#185=B_SPLINE_SURFACE_WITH_KNOTS('',3,1,((#14370,#14371),(#14372,#14373),
(#14374,#14375),(#14376,#14377)),.SURF_OF_LINEAR_EXTRUSION.,.F.,.F.,.F.,
(4,4),(2,2),(0.,1.),(0.,1.),.PIECEWISE_BEZIER_KNOTS.);
#186=B_SPLINE_SURFACE_WITH_KNOTS('',3,1,((#14391,#14392),(#14393,#14394),
(#14395,#14396),(#14397,#14398)),.SURF_OF_LINEAR_EXTRUSION.,.F.,.F.,.F.,
(4,4),(2,2),(0.,1.),(0.,1.),.PIECEWISE_BEZIER_KNOTS.);
#187=B_SPLINE_SURFACE_WITH_KNOTS('',3,1,((#14404,#14405),(#14406,#14407),
(#14408,#14409),(#14410,#14411)),.SURF_OF_LINEAR_EXTRUSION.,.F.,.F.,.F.,
(4,4),(2,2),(0.,1.),(0.,1.),.PIECEWISE_BEZIER_KNOTS.);
#188=B_SPLINE_SURFACE_WITH_KNOTS('',3,1,((#14417,#14418),(#14419,#14420),
(#14421,#14422),(#14423,#14424)),.SURF_OF_LINEAR_EXTRUSION.,.F.,.F.,.F.,
(4,4),(2,2),(0.,1.),(0.,1.),.PIECEWISE_BEZIER_KNOTS.);
#189=B_SPLINE_SURFACE_WITH_KNOTS('',3,1,((#14445,#14446),(#14447,#14448),
(#14449,#14450),(#14451,#14452)),.SURF_OF_LINEAR_EXTRUSION.,.F.,.F.,.F.,
(4,4),(2,2),(0.,1.),(0.,1.),.PIECEWISE_BEZIER_KNOTS.);
#190=B_SPLINE_SURFACE_WITH_KNOTS('',3,1,((#14480,#14481),(#14482,#14483),
(#14484,#14485),(#14486,#14487)),.SURF_OF_LINEAR_EXTRUSION.,.F.,.F.,.F.,
(4,4),(2,2),(0.,1.),(0.,1.),.PIECEWISE_BEZIER_KNOTS.);
#191=B_SPLINE_SURFACE_WITH_KNOTS('',3,1,((#14493,#14494),(#14495,#14496),
(#14497,#14498),(#14499,#14500)),.SURF_OF_LINEAR_EXTRUSION.,.F.,.F.,.F.,
(4,4),(2,2),(0.,1.),(0.,1.),.PIECEWISE_BEZIER_KNOTS.);
#192=B_SPLINE_SURFACE_WITH_KNOTS('',3,1,((#14522,#14523),(#14524,#14525),
(#14526,#14527),(#14528,#14529)),.SURF_OF_LINEAR_EXTRUSION.,.F.,.F.,.F.,
(4,4),(2,2),(0.,1.),(0.,1.),.PIECEWISE_BEZIER_KNOTS.);
#193=B_SPLINE_SURFACE_WITH_KNOTS('',3,1,((#14535,#14536),(#14537,#14538),
(#14539,#14540),(#14541,#14542)),.SURF_OF_LINEAR_EXTRUSION.,.F.,.F.,.F.,
(4,4),(2,2),(0.,1.),(0.,1.),.PIECEWISE_BEZIER_KNOTS.);
#194=CYLINDRICAL_SURFACE('',#8336,0.0027);
#195=CYLINDRICAL_SURFACE('',#8337,0.0027);
#196=CYLINDRICAL_SURFACE('',#8338,0.0033);
#197=CYLINDRICAL_SURFACE('',#8339,0.0033);
#198=CYLINDRICAL_SURFACE('',#8340,0.0062);
#199=CYLINDRICAL_SURFACE('',#8344,0.00229953755089083);
#200=CYLINDRICAL_SURFACE('',#8349,0.00213138254343444);
#201=CYLINDRICAL_SURFACE('',#8352,0.000950312868671559);
#202=CYLINDRICAL_SURFACE('',#8355,0.00123191523999625);
#203=CYLINDRICAL_SURFACE('',#8360,0.00273329523901968);
#204=CYLINDRICAL_SURFACE('',#8365,0.00332091008031907);
#205=CYLINDRICAL_SURFACE('',#8368,0.00199967930107921);
#206=CYLINDRICAL_SURFACE('',#8372,0.000950312868671315);
#207=CYLINDRICAL_SURFACE('',#8375,0.0012319152399956);
#208=CYLINDRICAL_SURFACE('',#8380,0.00273329523901988);
#209=CYLINDRICAL_SURFACE('',#8385,0.00332091008031889);
#210=CYLINDRICAL_SURFACE('',#8388,0.00199967930107914);
#211=CYLINDRICAL_SURFACE('',#8391,0.00108607184991716);
#212=CYLINDRICAL_SURFACE('',#8394,0.00140790313142362);
#213=CYLINDRICAL_SURFACE('',#8399,0.00312376598744807);
#214=CYLINDRICAL_SURFACE('',#8404,0.00379532580608176);
#215=CYLINDRICAL_SURFACE('',#8407,0.00228534777265791);
#216=CYLINDRICAL_SURFACE('',#8412,0.00336650195065136);
#217=CYLINDRICAL_SURFACE('',#8415,0.00108607184990688);
#218=CYLINDRICAL_SURFACE('',#8418,0.00140790313142315);
#219=CYLINDRICAL_SURFACE('',#8423,0.00312376598745123);
#220=CYLINDRICAL_SURFACE('',#8428,0.00379532580608185);
#221=CYLINDRICAL_SURFACE('',#8431,0.00228534777266204);
#222=CYLINDRICAL_SURFACE('',#8439,0.0010061612808019);
#223=CYLINDRICAL_SURFACE('',#8444,0.00116022480959556);
#224=CYLINDRICAL_SURFACE('',#8457,0.00288012372944045);
#225=CYLINDRICAL_SURFACE('',#8459,0.00136208288680016);
#226=CYLINDRICAL_SURFACE('',#8462,0.000640536886761651);
#227=CYLINDRICAL_SURFACE('',#8477,0.00275768048153671);
#228=CYLINDRICAL_SURFACE('',#8480,0.00196603050269877);
#229=CYLINDRICAL_SURFACE('',#8488,0.00315163483600563);
#230=CYLINDRICAL_SURFACE('',#8491,0.00224689200311219);
#231=CYLINDRICAL_SURFACE('',#8504,0.00177103144584187);
#232=CYLINDRICAL_SURFACE('',#8517,0.00253894436390531);
#233=CYLINDRICAL_SURFACE('',#8532,0.00275768048153628);
#234=CYLINDRICAL_SURFACE('',#8535,0.00196603050272249);
#235=CYLINDRICAL_SURFACE('',#8559,0.00124659886027192);
#236=CYLINDRICAL_SURFACE('',#8576,0.00584805985282815);
#237=CYLINDRICAL_SURFACE('',#8580,0.00542135150636);
#238=CYLINDRICAL_SURFACE('',#8584,0.00246486681797786);
#239=CYLINDRICAL_SURFACE('',#8586,0.00289597882024309);
#240=CYLINDRICAL_SURFACE('',#8592,0.00315163483604207);
#241=CYLINDRICAL_SURFACE('',#8595,0.00224689200311169);
#242=CYLINDRICAL_SURFACE('',#8610,0.00253894436390456);
#243=CYLINDRICAL_SURFACE('',#8623,0.00181049153995778);
#244=CIRCLE('',#8284,0.00124659886027192);
#245=CIRCLE('',#8285,0.00275768048153628);
#246=CIRCLE('',#8286,0.00196603050272249);
#247=CIRCLE('',#8287,0.00253894436390531);
#248=CIRCLE('',#8288,0.00177103144584187);
#249=CIRCLE('',#8289,0.00315163483600563);
#250=CIRCLE('',#8290,0.00224689200311219);
#251=CIRCLE('',#8291,0.00275768048153671);
#252=CIRCLE('',#8292,0.00196603050269877);
#253=CIRCLE('',#8293,0.000640536886761651);
#254=CIRCLE('',#8294,0.00136208288680016);
#255=CIRCLE('',#8295,0.00288012372944045);
#256=CIRCLE('',#8296,0.00116022480959556);
#257=CIRCLE('',#8297,0.00336650195065136);
#258=CIRCLE('',#8298,0.00273329523901988);
#259=CIRCLE('',#8299,0.00199967930107914);
#260=CIRCLE('',#8300,0.00332091008031889);
#261=CIRCLE('',#8301,0.00273329523901968);
#262=CIRCLE('',#8302,0.00199967930107921);
#263=CIRCLE('',#8303,0.00332091008031907);
#264=CIRCLE('',#8304,0.0062);
#265=CIRCLE('',#8305,0.0033);
#266=CIRCLE('',#8306,0.0033);
#267=CIRCLE('',#8307,0.0027);
#268=CIRCLE('',#8308,0.0027);
#269=CIRCLE('',#8309,0.00213138254343444);
#270=CIRCLE('',#8310,0.00229953755089083);
#271=CIRCLE('',#8311,0.00312376598744807);
#272=CIRCLE('',#8312,0.00228534777265791);
#273=CIRCLE('',#8313,0.00379532580608176);
#274=CIRCLE('',#8314,0.00312376598745123);
#275=CIRCLE('',#8315,0.00228534777266204);
#276=CIRCLE('',#8316,0.00379532580608185);
#277=CIRCLE('',#8317,0.00542135150636);
#278=CIRCLE('',#8318,0.00289597882024309);
#279=CIRCLE('',#8319,0.00246486681797786);
#280=CIRCLE('',#8320,0.00315163483604207);
#281=CIRCLE('',#8321,0.00224689200311169);
#282=CIRCLE('',#8322,0.00253894436390456);
#283=CIRCLE('',#8323,0.00181049153995778);
#284=CIRCLE('',#8329,0.0062);
#285=CIRCLE('',#8330,0.0033);
#286=CIRCLE('',#8331,0.0033);
#287=CIRCLE('',#8332,0.0027);
#288=CIRCLE('',#8333,0.0027);
#289=CIRCLE('',#8345,0.00229953755089083);
#290=CIRCLE('',#8350,0.00213138254343444);
#291=CIRCLE('',#8353,0.000950312868671559);
#292=CIRCLE('',#8354,0.000950312868671559);
#293=CIRCLE('',#8356,0.00123191523999625);
#294=CIRCLE('',#8357,0.00123191523999625);
#295=CIRCLE('',#8361,0.00273329523901968);
#296=CIRCLE('',#8366,0.00332091008031907);
#297=CIRCLE('',#8369,0.00199967930107921);
#298=CIRCLE('',#8373,0.000950312868671315);
#299=CIRCLE('',#8374,0.000950312868671315);
#300=CIRCLE('',#8376,0.0012319152399956);
#301=CIRCLE('',#8377,0.0012319152399956);
#302=CIRCLE('',#8381,0.00273329523901988);
#303=CIRCLE('',#8386,0.00332091008031889);
#304=CIRCLE('',#8389,0.00199967930107914);
#305=CIRCLE('',#8392,0.00108607184991716);
#306=CIRCLE('',#8393,0.00108607184991716);
#307=CIRCLE('',#8395,0.00140790313142362);
#308=CIRCLE('',#8396,0.00140790313142362);
#309=CIRCLE('',#8400,0.00312376598744807);
#310=CIRCLE('',#8405,0.00379532580608176);
#311=CIRCLE('',#8408,0.00228534777265791);
#312=CIRCLE('',#8413,0.00336650195065136);
#313=CIRCLE('',#8416,0.00108607184990688);
#314=CIRCLE('',#8417,0.00108607184990688);
#315=CIRCLE('',#8419,0.00140790313142315);
#316=CIRCLE('',#8420,0.00140790313142315);
#317=CIRCLE('',#8424,0.00312376598745123);
#318=CIRCLE('',#8429,0.00379532580608185);
#319=CIRCLE('',#8432,0.00228534777266204);
#320=CIRCLE('',#8440,0.0010061612808019);
#321=CIRCLE('',#8441,0.0010061612808019);
#322=CIRCLE('',#8445,0.00116022480959556);
#323=CIRCLE('',#8458,0.00288012372944045);
#324=CIRCLE('',#8460,0.00136208288680016);
#325=CIRCLE('',#8463,0.000640536886761651);
#326=CIRCLE('',#8478,0.00275768048153671);
#327=CIRCLE('',#8481,0.00196603050269877);
#328=CIRCLE('',#8489,0.00315163483600563);
#329=CIRCLE('',#8492,0.00224689200311219);
#330=CIRCLE('',#8505,0.00177103144584187);
#331=CIRCLE('',#8518,0.00253894436390531);
#332=CIRCLE('',#8533,0.00275768048153628);
#333=CIRCLE('',#8536,0.00196603050272249);
#334=CIRCLE('',#8560,0.00124659886027192);
#335=CIRCLE('',#8577,0.00584805985282815);
#336=CIRCLE('',#8578,0.00584805985282815);
#337=CIRCLE('',#8581,0.00542135150636);
#338=CIRCLE('',#8585,0.00246486681797786);
#339=CIRCLE('',#8587,0.00289597882024309);
#340=CIRCLE('',#8593,0.00315163483604207);
#341=CIRCLE('',#8596,0.00224689200311169);
#342=CIRCLE('',#8611,0.00253894436390456);
#343=CIRCLE('',#8624,0.00181049153995778);
#344=B_SPLINE_CURVE_WITH_KNOTS('',2,(#10133,#10134,#10135),
 .UNSPECIFIED.,.F.,.F.,(3,3),(0.,1.),.PIECEWISE_BEZIER_KNOTS.);
#345=B_SPLINE_CURVE_WITH_KNOTS('',2,(#10137,#10138,#10139),
 .UNSPECIFIED.,.F.,.F.,(3,3),(0.,1.),.PIECEWISE_BEZIER_KNOTS.);
#346=B_SPLINE_CURVE_WITH_KNOTS('',2,(#10141,#10142,#10143),
 .UNSPECIFIED.,.F.,.F.,(3,3),(0.,1.),.PIECEWISE_BEZIER_KNOTS.);
#347=B_SPLINE_CURVE_WITH_KNOTS('',2,(#10153,#10154,#10155),
 .UNSPECIFIED.,.F.,.F.,(3,3),(0.,1.),.PIECEWISE_BEZIER_KNOTS.);
#348=B_SPLINE_CURVE_WITH_KNOTS('',2,(#10157,#10158,#10159),
 .UNSPECIFIED.,.F.,.F.,(3,3),(0.,1.),.PIECEWISE_BEZIER_KNOTS.);
#349=B_SPLINE_CURVE_WITH_KNOTS('',2,(#10193,#10194,#10195),
 .UNSPECIFIED.,.F.,.F.,(3,3),(0.,1.),.PIECEWISE_BEZIER_KNOTS.);
#350=B_SPLINE_CURVE_WITH_KNOTS('',2,(#10207,#10208,#10209),
 .UNSPECIFIED.,.F.,.F.,(3,3),(0.,1.),.PIECEWISE_BEZIER_KNOTS.);
#351=B_SPLINE_CURVE_WITH_KNOTS('',2,(#10237,#10238,#10239),
 .UNSPECIFIED.,.F.,.F.,(3,3),(0.,1.),.PIECEWISE_BEZIER_KNOTS.);
#352=B_SPLINE_CURVE_WITH_KNOTS('',2,(#10241,#10242,#10243),
 .UNSPECIFIED.,.F.,.F.,(3,3),(0.,1.),.PIECEWISE_BEZIER_KNOTS.);
#353=B_SPLINE_CURVE_WITH_KNOTS('',2,(#10245,#10246,#10247),
 .UNSPECIFIED.,.F.,.F.,(3,3),(0.,1.),.PIECEWISE_BEZIER_KNOTS.);
#354=B_SPLINE_CURVE_WITH_KNOTS('',2,(#10253,#10254,#10255),
 .UNSPECIFIED.,.F.,.F.,(3,3),(0.,1.),.PIECEWISE_BEZIER_KNOTS.);
#355=B_SPLINE_CURVE_WITH_KNOTS('',2,(#10257,#10258,#10259),
 .UNSPECIFIED.,.F.,.F.,(3,3),(0.,1.),.PIECEWISE_BEZIER_KNOTS.);
#356=B_SPLINE_CURVE_WITH_KNOTS('',2,(#10275,#10276,#10277),
 .UNSPECIFIED.,.F.,.F.,(3,3),(0.,1.),.PIECEWISE_BEZIER_KNOTS.);
#357=B_SPLINE_CURVE_WITH_KNOTS('',2,(#10279,#10280,#10281),
 .UNSPECIFIED.,.F.,.F.,(3,3),(0.,1.),.PIECEWISE_BEZIER_KNOTS.);
#358=B_SPLINE_CURVE_WITH_KNOTS('',2,(#10283,#10284,#10285),
 .UNSPECIFIED.,.F.,.F.,(3,3),(0.,1.),.PIECEWISE_BEZIER_KNOTS.);
#359=B_SPLINE_CURVE_WITH_KNOTS('',2,(#10295,#10296,#10297),
 .UNSPECIFIED.,.F.,.F.,(3,3),(0.,1.),.PIECEWISE_BEZIER_KNOTS.);
#360=B_SPLINE_CURVE_WITH_KNOTS('',2,(#10299,#10300,#10301),
 .UNSPECIFIED.,.F.,.F.,(3,3),(0.,1.),.PIECEWISE_BEZIER_KNOTS.);
#361=B_SPLINE_CURVE_WITH_KNOTS('',2,(#10313,#10314,#10315),
 .UNSPECIFIED.,.F.,.F.,(3,3),(0.,1.),.PIECEWISE_BEZIER_KNOTS.);
#362=B_SPLINE_CURVE_WITH_KNOTS('',2,(#10327,#10328,#10329),
 .UNSPECIFIED.,.F.,.F.,(3,3),(0.,1.),.PIECEWISE_BEZIER_KNOTS.);
#363=B_SPLINE_CURVE_WITH_KNOTS('',2,(#10337,#10338,#10339),
 .UNSPECIFIED.,.F.,.F.,(3,3),(0.,1.),.PIECEWISE_BEZIER_KNOTS.);
#364=B_SPLINE_CURVE_WITH_KNOTS('',2,(#10351,#10352,#10353),
 .UNSPECIFIED.,.F.,.F.,(3,3),(0.,1.),.PIECEWISE_BEZIER_KNOTS.);
#365=B_SPLINE_CURVE_WITH_KNOTS('',2,(#10365,#10366,#10367),
 .UNSPECIFIED.,.F.,.F.,(3,3),(0.,1.),.PIECEWISE_BEZIER_KNOTS.);
#366=B_SPLINE_CURVE_WITH_KNOTS('',2,(#10369,#10370,#10371),
 .UNSPECIFIED.,.F.,.F.,(3,3),(0.,1.),.PIECEWISE_BEZIER_KNOTS.);
#367=B_SPLINE_CURVE_WITH_KNOTS('',2,(#10373,#10374,#10375),
 .UNSPECIFIED.,.F.,.F.,(3,3),(0.,1.),.PIECEWISE_BEZIER_KNOTS.);
#368=B_SPLINE_CURVE_WITH_KNOTS('',2,(#10381,#10382,#10383),
 .UNSPECIFIED.,.F.,.F.,(3,3),(0.,1.),.PIECEWISE_BEZIER_KNOTS.);
#369=B_SPLINE_CURVE_WITH_KNOTS('',2,(#10390,#10391,#10392),
 .UNSPECIFIED.,.F.,.F.,(3,3),(0.,1.),.PIECEWISE_BEZIER_KNOTS.);
#370=B_SPLINE_CURVE_WITH_KNOTS('',2,(#10395,#10396,#10397),
 .UNSPECIFIED.,.F.,.F.,(3,3),(0.,1.),.PIECEWISE_BEZIER_KNOTS.);
#371=B_SPLINE_CURVE_WITH_KNOTS('',2,(#10401,#10402,#10403),
 .UNSPECIFIED.,.F.,.F.,(3,3),(0.,1.),.PIECEWISE_BEZIER_KNOTS.);
#372=B_SPLINE_CURVE_WITH_KNOTS('',2,(#10405,#10406,#10407),
 .UNSPECIFIED.,.F.,.F.,(3,3),(0.,1.),.PIECEWISE_BEZIER_KNOTS.);
#373=B_SPLINE_CURVE_WITH_KNOTS('',2,(#10409,#10410,#10411),
 .UNSPECIFIED.,.F.,.F.,(3,3),(0.,1.),.PIECEWISE_BEZIER_KNOTS.);
#374=B_SPLINE_CURVE_WITH_KNOTS('',2,(#10413,#10414,#10415),
 .UNSPECIFIED.,.F.,.F.,(3,3),(0.,1.),.PIECEWISE_BEZIER_KNOTS.);
#375=B_SPLINE_CURVE_WITH_KNOTS('',2,(#10417,#10418,#10419),
 .UNSPECIFIED.,.F.,.F.,(3,3),(0.,1.),.PIECEWISE_BEZIER_KNOTS.);
#376=B_SPLINE_CURVE_WITH_KNOTS('',2,(#10423,#10424,#10425),
 .UNSPECIFIED.,.F.,.F.,(3,3),(0.,1.),.PIECEWISE_BEZIER_KNOTS.);
#377=B_SPLINE_CURVE_WITH_KNOTS('',2,(#10427,#10428,#10429),
 .UNSPECIFIED.,.F.,.F.,(3,3),(0.,1.),.PIECEWISE_BEZIER_KNOTS.);
#378=B_SPLINE_CURVE_WITH_KNOTS('',2,(#10433,#10434,#10435),
 .UNSPECIFIED.,.F.,.F.,(3,3),(0.,1.),.PIECEWISE_BEZIER_KNOTS.);
#379=B_SPLINE_CURVE_WITH_KNOTS('',2,(#10439,#10440,#10441),
 .UNSPECIFIED.,.F.,.F.,(3,3),(0.,1.),.PIECEWISE_BEZIER_KNOTS.);
#380=B_SPLINE_CURVE_WITH_KNOTS('',2,(#10443,#10444,#10445),
 .UNSPECIFIED.,.F.,.F.,(3,3),(0.,1.),.PIECEWISE_BEZIER_KNOTS.);
#381=B_SPLINE_CURVE_WITH_KNOTS('',2,(#10447,#10448,#10449),
 .UNSPECIFIED.,.F.,.F.,(3,3),(0.,1.),.PIECEWISE_BEZIER_KNOTS.);
#382=B_SPLINE_CURVE_WITH_KNOTS('',2,(#10453,#10454,#10455),
 .UNSPECIFIED.,.F.,.F.,(3,3),(0.,1.),.PIECEWISE_BEZIER_KNOTS.);
#383=B_SPLINE_CURVE_WITH_KNOTS('',2,(#10459,#10460,#10461),
 .UNSPECIFIED.,.F.,.F.,(3,3),(0.,1.),.PIECEWISE_BEZIER_KNOTS.);
#384=B_SPLINE_CURVE_WITH_KNOTS('',2,(#10463,#10464,#10465),
 .UNSPECIFIED.,.F.,.F.,(3,3),(0.,1.),.PIECEWISE_BEZIER_KNOTS.);
#385=B_SPLINE_CURVE_WITH_KNOTS('',2,(#10469,#10470,#10471),
 .UNSPECIFIED.,.F.,.F.,(3,3),(0.,1.),.PIECEWISE_BEZIER_KNOTS.);
#386=B_SPLINE_CURVE_WITH_KNOTS('',2,(#10473,#10474,#10475),
 .UNSPECIFIED.,.F.,.F.,(3,3),(0.,1.),.PIECEWISE_BEZIER_KNOTS.);
#387=B_SPLINE_CURVE_WITH_KNOTS('',2,(#10493,#10494,#10495),
 .UNSPECIFIED.,.F.,.F.,(3,3),(0.,1.),.PIECEWISE_BEZIER_KNOTS.);
#388=B_SPLINE_CURVE_WITH_KNOTS('',2,(#10497,#10498,#10499),
 .UNSPECIFIED.,.F.,.F.,(3,3),(0.,1.),.PIECEWISE_BEZIER_KNOTS.);
#389=B_SPLINE_CURVE_WITH_KNOTS('',2,(#10501,#10502,#10503),
 .UNSPECIFIED.,.F.,.F.,(3,3),(0.,1.),.PIECEWISE_BEZIER_KNOTS.);
#390=B_SPLINE_CURVE_WITH_KNOTS('',2,(#10507,#10508,#10509),
 .UNSPECIFIED.,.F.,.F.,(3,3),(0.,1.),.PIECEWISE_BEZIER_KNOTS.);
#391=B_SPLINE_CURVE_WITH_KNOTS('',2,(#10511,#10512,#10513),
 .UNSPECIFIED.,.F.,.F.,(3,3),(0.,1.),.PIECEWISE_BEZIER_KNOTS.);
#392=B_SPLINE_CURVE_WITH_KNOTS('',2,(#10515,#10516,#10517),
 .UNSPECIFIED.,.F.,.F.,(3,3),(0.,1.),.PIECEWISE_BEZIER_KNOTS.);
#393=B_SPLINE_CURVE_WITH_KNOTS('',2,(#10518,#10519,#10520),
 .UNSPECIFIED.,.F.,.F.,(3,3),(0.,1.),.PIECEWISE_BEZIER_KNOTS.);
#394=B_SPLINE_CURVE_WITH_KNOTS('',2,(#10523,#10524,#10525),
 .UNSPECIFIED.,.F.,.F.,(3,3),(0.,1.),.PIECEWISE_BEZIER_KNOTS.);
#395=B_SPLINE_CURVE_WITH_KNOTS('',2,(#10527,#10528,#10529),
 .UNSPECIFIED.,.F.,.F.,(3,3),(0.,1.),.PIECEWISE_BEZIER_KNOTS.);
#396=B_SPLINE_CURVE_WITH_KNOTS('',2,(#10531,#10532,#10533),
 .UNSPECIFIED.,.F.,.F.,(3,3),(0.,1.),.PIECEWISE_BEZIER_KNOTS.);
#397=B_SPLINE_CURVE_WITH_KNOTS('',2,(#10535,#10536,#10537),
 .UNSPECIFIED.,.F.,.F.,(3,3),(0.,1.),.PIECEWISE_BEZIER_KNOTS.);
#398=B_SPLINE_CURVE_WITH_KNOTS('',2,(#10539,#10540,#10541),
 .UNSPECIFIED.,.F.,.F.,(3,3),(0.,1.),.PIECEWISE_BEZIER_KNOTS.);
#399=B_SPLINE_CURVE_WITH_KNOTS('',2,(#10543,#10544,#10545),
 .UNSPECIFIED.,.F.,.F.,(3,3),(0.,1.),.PIECEWISE_BEZIER_KNOTS.);
#400=B_SPLINE_CURVE_WITH_KNOTS('',2,(#10549,#10550,#10551),
 .UNSPECIFIED.,.F.,.F.,(3,3),(0.,1.),.PIECEWISE_BEZIER_KNOTS.);
#401=B_SPLINE_CURVE_WITH_KNOTS('',2,(#10553,#10554,#10555),
 .UNSPECIFIED.,.F.,.F.,(3,3),(0.,1.),.PIECEWISE_BEZIER_KNOTS.);
#402=B_SPLINE_CURVE_WITH_KNOTS('',2,(#10557,#10558,#10559),
 .UNSPECIFIED.,.F.,.F.,(3,3),(0.,1.),.PIECEWISE_BEZIER_KNOTS.);
#403=B_SPLINE_CURVE_WITH_KNOTS('',2,(#10561,#10562,#10563),
 .UNSPECIFIED.,.F.,.F.,(3,3),(0.,1.),.PIECEWISE_BEZIER_KNOTS.);
#404=B_SPLINE_CURVE_WITH_KNOTS('',2,(#10565,#10566,#10567),
 .UNSPECIFIED.,.F.,.F.,(3,3),(0.,1.),.PIECEWISE_BEZIER_KNOTS.);
#405=B_SPLINE_CURVE_WITH_KNOTS('',2,(#10569,#10570,#10571),
 .UNSPECIFIED.,.F.,.F.,(3,3),(0.,1.),.PIECEWISE_BEZIER_KNOTS.);
#406=B_SPLINE_CURVE_WITH_KNOTS('',2,(#10575,#10576,#10577),
 .UNSPECIFIED.,.F.,.F.,(3,3),(0.,1.),.PIECEWISE_BEZIER_KNOTS.);
#407=B_SPLINE_CURVE_WITH_KNOTS('',2,(#10581,#10582,#10583),
 .UNSPECIFIED.,.F.,.F.,(3,3),(0.,1.),.PIECEWISE_BEZIER_KNOTS.);
#408=B_SPLINE_CURVE_WITH_KNOTS('',2,(#10589,#10590,#10591),
 .UNSPECIFIED.,.F.,.F.,(3,3),(0.,1.),.PIECEWISE_BEZIER_KNOTS.);
#409=B_SPLINE_CURVE_WITH_KNOTS('',2,(#10593,#10594,#10595),
 .UNSPECIFIED.,.F.,.F.,(3,3),(0.,1.),.PIECEWISE_BEZIER_KNOTS.);
#410=B_SPLINE_CURVE_WITH_KNOTS('',2,(#10597,#10598,#10599),
 .UNSPECIFIED.,.F.,.F.,(3,3),(0.,1.),.PIECEWISE_BEZIER_KNOTS.);
#411=B_SPLINE_CURVE_WITH_KNOTS('',2,(#10601,#10602,#10603),
 .UNSPECIFIED.,.F.,.F.,(3,3),(0.,1.),.PIECEWISE_BEZIER_KNOTS.);
#412=B_SPLINE_CURVE_WITH_KNOTS('',2,(#10609,#10610,#10611),
 .UNSPECIFIED.,.F.,.F.,(3,3),(0.,1.),.PIECEWISE_BEZIER_KNOTS.);
#413=B_SPLINE_CURVE_WITH_KNOTS('',2,(#10613,#10614,#10615),
 .UNSPECIFIED.,.F.,.F.,(3,3),(0.,1.),.PIECEWISE_BEZIER_KNOTS.);
#414=B_SPLINE_CURVE_WITH_KNOTS('',2,(#10617,#10618,#10619),
 .UNSPECIFIED.,.F.,.F.,(3,3),(0.,1.),.PIECEWISE_BEZIER_KNOTS.);
#415=B_SPLINE_CURVE_WITH_KNOTS('',2,(#10623,#10624,#10625),
 .UNSPECIFIED.,.F.,.F.,(3,3),(0.,1.),.PIECEWISE_BEZIER_KNOTS.);
#416=B_SPLINE_CURVE_WITH_KNOTS('',2,(#10629,#10630,#10631),
 .UNSPECIFIED.,.F.,.F.,(3,3),(0.,1.),.PIECEWISE_BEZIER_KNOTS.);
#417=B_SPLINE_CURVE_WITH_KNOTS('',2,(#10635,#10636,#10637),
 .UNSPECIFIED.,.F.,.F.,(3,3),(0.,1.),.PIECEWISE_BEZIER_KNOTS.);
#418=B_SPLINE_CURVE_WITH_KNOTS('',2,(#10643,#10644,#10645),
 .UNSPECIFIED.,.F.,.F.,(3,3),(0.,1.),.PIECEWISE_BEZIER_KNOTS.);
#419=B_SPLINE_CURVE_WITH_KNOTS('',2,(#10647,#10648,#10649),
 .UNSPECIFIED.,.F.,.F.,(3,3),(0.,1.),.PIECEWISE_BEZIER_KNOTS.);
#420=B_SPLINE_CURVE_WITH_KNOTS('',2,(#10651,#10652,#10653),
 .UNSPECIFIED.,.F.,.F.,(3,3),(0.,1.),.PIECEWISE_BEZIER_KNOTS.);
#421=B_SPLINE_CURVE_WITH_KNOTS('',2,(#10655,#10656,#10657),
 .UNSPECIFIED.,.F.,.F.,(3,3),(0.,1.),.PIECEWISE_BEZIER_KNOTS.);
#422=B_SPLINE_CURVE_WITH_KNOTS('',2,(#10663,#10664,#10665),
 .UNSPECIFIED.,.F.,.F.,(3,3),(0.,1.),.PIECEWISE_BEZIER_KNOTS.);
#423=B_SPLINE_CURVE_WITH_KNOTS('',2,(#10667,#10668,#10669),
 .UNSPECIFIED.,.F.,.F.,(3,3),(0.,1.),.PIECEWISE_BEZIER_KNOTS.);
#424=B_SPLINE_CURVE_WITH_KNOTS('',2,(#10671,#10672,#10673),
 .UNSPECIFIED.,.F.,.F.,(3,3),(0.,1.),.PIECEWISE_BEZIER_KNOTS.);
#425=B_SPLINE_CURVE_WITH_KNOTS('',2,(#10677,#10678,#10679),
 .UNSPECIFIED.,.F.,.F.,(3,3),(0.,1.),.PIECEWISE_BEZIER_KNOTS.);
#426=B_SPLINE_CURVE_WITH_KNOTS('',2,(#10707,#10708,#10709),
 .UNSPECIFIED.,.F.,.F.,(3,3),(0.,1.),.PIECEWISE_BEZIER_KNOTS.);
#427=B_SPLINE_CURVE_WITH_KNOTS('',2,(#10711,#10712,#10713),
 .UNSPECIFIED.,.F.,.F.,(3,3),(0.,1.),.PIECEWISE_BEZIER_KNOTS.);
#428=B_SPLINE_CURVE_WITH_KNOTS('',2,(#10715,#10716,#10717),
 .UNSPECIFIED.,.F.,.F.,(3,3),(0.,1.),.PIECEWISE_BEZIER_KNOTS.);
#429=B_SPLINE_CURVE_WITH_KNOTS('',2,(#10721,#10722,#10723),
 .UNSPECIFIED.,.F.,.F.,(3,3),(0.,1.),.PIECEWISE_BEZIER_KNOTS.);
#430=B_SPLINE_CURVE_WITH_KNOTS('',2,(#10733,#10734,#10735),
 .UNSPECIFIED.,.F.,.F.,(3,3),(0.,1.),.PIECEWISE_BEZIER_KNOTS.);
#431=B_SPLINE_CURVE_WITH_KNOTS('',2,(#10737,#10738,#10739),
 .UNSPECIFIED.,.F.,.F.,(3,3),(0.,1.),.PIECEWISE_BEZIER_KNOTS.);
#432=B_SPLINE_CURVE_WITH_KNOTS('',2,(#10741,#10742,#10743),
 .UNSPECIFIED.,.F.,.F.,(3,3),(0.,1.),.PIECEWISE_BEZIER_KNOTS.);
#433=B_SPLINE_CURVE_WITH_KNOTS('',2,(#10746,#10747,#10748),
 .UNSPECIFIED.,.F.,.F.,(3,3),(0.,1.),.PIECEWISE_BEZIER_KNOTS.);
#434=B_SPLINE_CURVE_WITH_KNOTS('',2,(#10751,#10752,#10753),
 .UNSPECIFIED.,.F.,.F.,(3,3),(0.,1.),.PIECEWISE_BEZIER_KNOTS.);
#435=B_SPLINE_CURVE_WITH_KNOTS('',2,(#10755,#10756,#10757),
 .UNSPECIFIED.,.F.,.F.,(3,3),(0.,1.),.PIECEWISE_BEZIER_KNOTS.);
#436=B_SPLINE_CURVE_WITH_KNOTS('',2,(#10759,#10760,#10761),
 .UNSPECIFIED.,.F.,.F.,(3,3),(0.,1.),.PIECEWISE_BEZIER_KNOTS.);
#437=B_SPLINE_CURVE_WITH_KNOTS('',2,(#10763,#10764,#10765),
 .UNSPECIFIED.,.F.,.F.,(3,3),(0.,1.),.PIECEWISE_BEZIER_KNOTS.);
#438=B_SPLINE_CURVE_WITH_KNOTS('',2,(#10767,#10768,#10769),
 .UNSPECIFIED.,.F.,.F.,(3,3),(0.,1.),.PIECEWISE_BEZIER_KNOTS.);
#439=B_SPLINE_CURVE_WITH_KNOTS('',2,(#10771,#10772,#10773),
 .UNSPECIFIED.,.F.,.F.,(3,3),(0.,1.),.PIECEWISE_BEZIER_KNOTS.);
#440=B_SPLINE_CURVE_WITH_KNOTS('',2,(#10775,#10776,#10777),
 .UNSPECIFIED.,.F.,.F.,(3,3),(0.,1.),.PIECEWISE_BEZIER_KNOTS.);
#441=B_SPLINE_CURVE_WITH_KNOTS('',2,(#10779,#10780,#10781),
 .UNSPECIFIED.,.F.,.F.,(3,3),(0.,1.),.PIECEWISE_BEZIER_KNOTS.);
#442=B_SPLINE_CURVE_WITH_KNOTS('',2,(#10783,#10784,#10785),
 .UNSPECIFIED.,.F.,.F.,(3,3),(0.,1.),.PIECEWISE_BEZIER_KNOTS.);
#443=B_SPLINE_CURVE_WITH_KNOTS('',2,(#10789,#10790,#10791),
 .UNSPECIFIED.,.F.,.F.,(3,3),(0.,1.),.PIECEWISE_BEZIER_KNOTS.);
#444=B_SPLINE_CURVE_WITH_KNOTS('',2,(#10795,#10796,#10797),
 .UNSPECIFIED.,.F.,.F.,(3,3),(0.,1.),.PIECEWISE_BEZIER_KNOTS.);
#445=B_SPLINE_CURVE_WITH_KNOTS('',2,(#10803,#10804,#10805),
 .UNSPECIFIED.,.F.,.F.,(3,3),(0.,1.),.PIECEWISE_BEZIER_KNOTS.);
#446=B_SPLINE_CURVE_WITH_KNOTS('',2,(#10807,#10808,#10809),
 .UNSPECIFIED.,.F.,.F.,(3,3),(0.,1.),.PIECEWISE_BEZIER_KNOTS.);
#447=B_SPLINE_CURVE_WITH_KNOTS('',2,(#10811,#10812,#10813),
 .UNSPECIFIED.,.F.,.F.,(3,3),(0.,1.),.PIECEWISE_BEZIER_KNOTS.);
#448=B_SPLINE_CURVE_WITH_KNOTS('',2,(#10815,#10816,#10817),
 .UNSPECIFIED.,.F.,.F.,(3,3),(0.,1.),.PIECEWISE_BEZIER_KNOTS.);
#449=B_SPLINE_CURVE_WITH_KNOTS('',2,(#10823,#10824,#10825),
 .UNSPECIFIED.,.F.,.F.,(3,3),(0.,1.),.PIECEWISE_BEZIER_KNOTS.);
#450=B_SPLINE_CURVE_WITH_KNOTS('',2,(#10827,#10828,#10829),
 .UNSPECIFIED.,.F.,.F.,(3,3),(0.,1.),.PIECEWISE_BEZIER_KNOTS.);
#451=B_SPLINE_CURVE_WITH_KNOTS('',2,(#10831,#10832,#10833),
 .UNSPECIFIED.,.F.,.F.,(3,3),(0.,1.),.PIECEWISE_BEZIER_KNOTS.);
#452=B_SPLINE_CURVE_WITH_KNOTS('',2,(#10837,#10838,#10839),
 .UNSPECIFIED.,.F.,.F.,(3,3),(0.,1.),.PIECEWISE_BEZIER_KNOTS.);
#453=B_SPLINE_CURVE_WITH_KNOTS('',2,(#10843,#10844,#10845),
 .UNSPECIFIED.,.F.,.F.,(3,3),(0.,1.),.PIECEWISE_BEZIER_KNOTS.);
#454=B_SPLINE_CURVE_WITH_KNOTS('',2,(#10849,#10850,#10851),
 .UNSPECIFIED.,.F.,.F.,(3,3),(0.,1.),.PIECEWISE_BEZIER_KNOTS.);
#455=B_SPLINE_CURVE_WITH_KNOTS('',2,(#10857,#10858,#10859),
 .UNSPECIFIED.,.F.,.F.,(3,3),(0.,1.),.PIECEWISE_BEZIER_KNOTS.);
#456=B_SPLINE_CURVE_WITH_KNOTS('',2,(#10861,#10862,#10863),
 .UNSPECIFIED.,.F.,.F.,(3,3),(0.,1.),.PIECEWISE_BEZIER_KNOTS.);
#457=B_SPLINE_CURVE_WITH_KNOTS('',2,(#10865,#10866,#10867),
 .UNSPECIFIED.,.F.,.F.,(3,3),(0.,1.),.PIECEWISE_BEZIER_KNOTS.);
#458=B_SPLINE_CURVE_WITH_KNOTS('',2,(#10869,#10870,#10871),
 .UNSPECIFIED.,.F.,.F.,(3,3),(0.,1.),.PIECEWISE_BEZIER_KNOTS.);
#459=B_SPLINE_CURVE_WITH_KNOTS('',2,(#10877,#10878,#10879),
 .UNSPECIFIED.,.F.,.F.,(3,3),(0.,1.),.PIECEWISE_BEZIER_KNOTS.);
#460=B_SPLINE_CURVE_WITH_KNOTS('',2,(#10881,#10882,#10883),
 .UNSPECIFIED.,.F.,.F.,(3,3),(0.,1.),.PIECEWISE_BEZIER_KNOTS.);
#461=B_SPLINE_CURVE_WITH_KNOTS('',2,(#10885,#10886,#10887),
 .UNSPECIFIED.,.F.,.F.,(3,3),(0.,1.),.PIECEWISE_BEZIER_KNOTS.);
#462=B_SPLINE_CURVE_WITH_KNOTS('',2,(#10891,#10892,#10893),
 .UNSPECIFIED.,.F.,.F.,(3,3),(0.,1.),.PIECEWISE_BEZIER_KNOTS.);
#463=B_SPLINE_CURVE_WITH_KNOTS('',2,(#10897,#10898,#10899),
 .UNSPECIFIED.,.F.,.F.,(3,3),(0.,1.),.PIECEWISE_BEZIER_KNOTS.);
#464=B_SPLINE_CURVE_WITH_KNOTS('',2,(#10901,#10902,#10903),
 .UNSPECIFIED.,.F.,.F.,(3,3),(0.,1.),.PIECEWISE_BEZIER_KNOTS.);
#465=B_SPLINE_CURVE_WITH_KNOTS('',2,(#10905,#10906,#10907),
 .UNSPECIFIED.,.F.,.F.,(3,3),(0.,1.),.PIECEWISE_BEZIER_KNOTS.);
#466=B_SPLINE_CURVE_WITH_KNOTS('',2,(#10915,#10916,#10917),
 .UNSPECIFIED.,.F.,.F.,(3,3),(0.,1.),.PIECEWISE_BEZIER_KNOTS.);
#467=B_SPLINE_CURVE_WITH_KNOTS('',2,(#10919,#10920,#10921),
 .UNSPECIFIED.,.F.,.F.,(3,3),(0.,1.),.PIECEWISE_BEZIER_KNOTS.);
#468=B_SPLINE_CURVE_WITH_KNOTS('',2,(#10929,#10930,#10931),
 .UNSPECIFIED.,.F.,.F.,(3,3),(0.,1.),.PIECEWISE_BEZIER_KNOTS.);
#469=B_SPLINE_CURVE_WITH_KNOTS('',2,(#10933,#10934,#10935),
 .UNSPECIFIED.,.F.,.F.,(3,3),(0.,1.),.PIECEWISE_BEZIER_KNOTS.);
#470=B_SPLINE_CURVE_WITH_KNOTS('',2,(#10937,#10938,#10939),
 .UNSPECIFIED.,.F.,.F.,(3,3),(0.,1.),.PIECEWISE_BEZIER_KNOTS.);
#471=B_SPLINE_CURVE_WITH_KNOTS('',2,(#10943,#10944,#10945),
 .UNSPECIFIED.,.F.,.F.,(3,3),(0.,1.),.PIECEWISE_BEZIER_KNOTS.);
#472=B_SPLINE_CURVE_WITH_KNOTS('',2,(#10947,#10948,#10949),
 .UNSPECIFIED.,.F.,.F.,(3,3),(0.,1.),.PIECEWISE_BEZIER_KNOTS.);
#473=B_SPLINE_CURVE_WITH_KNOTS('',2,(#10951,#10952,#10953),
 .UNSPECIFIED.,.F.,.F.,(3,3),(0.,1.),.PIECEWISE_BEZIER_KNOTS.);
#474=B_SPLINE_CURVE_WITH_KNOTS('',2,(#10959,#10960,#10961),
 .UNSPECIFIED.,.F.,.F.,(3,3),(0.,1.),.PIECEWISE_BEZIER_KNOTS.);
#475=B_SPLINE_CURVE_WITH_KNOTS('',2,(#10973,#10974,#10975),
 .UNSPECIFIED.,.F.,.F.,(3,3),(0.,1.),.PIECEWISE_BEZIER_KNOTS.);
#476=B_SPLINE_CURVE_WITH_KNOTS('',2,(#10991,#10992,#10993),
 .UNSPECIFIED.,.F.,.F.,(3,3),(0.,1.),.PIECEWISE_BEZIER_KNOTS.);
#477=B_SPLINE_CURVE_WITH_KNOTS('',2,(#10995,#10996,#10997),
 .UNSPECIFIED.,.F.,.F.,(3,3),(0.,1.),.PIECEWISE_BEZIER_KNOTS.);
#478=B_SPLINE_CURVE_WITH_KNOTS('',2,(#10999,#11000,#11001),
 .UNSPECIFIED.,.F.,.F.,(3,3),(0.,1.),.PIECEWISE_BEZIER_KNOTS.);
#479=B_SPLINE_CURVE_WITH_KNOTS('',2,(#11007,#11008,#11009),
 .UNSPECIFIED.,.F.,.F.,(3,3),(0.,1.),.PIECEWISE_BEZIER_KNOTS.);
#480=B_SPLINE_CURVE_WITH_KNOTS('',2,(#11011,#11012,#11013),
 .UNSPECIFIED.,.F.,.F.,(3,3),(0.,1.),.PIECEWISE_BEZIER_KNOTS.);
#481=B_SPLINE_CURVE_WITH_KNOTS('',2,(#11027,#11028,#11029),
 .UNSPECIFIED.,.F.,.F.,(3,3),(0.,1.),.PIECEWISE_BEZIER_KNOTS.);
#482=B_SPLINE_CURVE_WITH_KNOTS('',2,(#11031,#11032,#11033),
 .UNSPECIFIED.,.F.,.F.,(3,3),(0.,1.),.PIECEWISE_BEZIER_KNOTS.);
#483=B_SPLINE_CURVE_WITH_KNOTS('',2,(#11035,#11036,#11037),
 .UNSPECIFIED.,.F.,.F.,(3,3),(0.,1.),.PIECEWISE_BEZIER_KNOTS.);
#484=B_SPLINE_CURVE_WITH_KNOTS('',2,(#11047,#11048,#11049),
 .UNSPECIFIED.,.F.,.F.,(3,3),(0.,1.),.PIECEWISE_BEZIER_KNOTS.);
#485=B_SPLINE_CURVE_WITH_KNOTS('',2,(#11051,#11052,#11053),
 .UNSPECIFIED.,.F.,.F.,(3,3),(0.,1.),.PIECEWISE_BEZIER_KNOTS.);
#486=B_SPLINE_CURVE_WITH_KNOTS('',2,(#11134,#11135,#11136),
 .UNSPECIFIED.,.F.,.F.,(3,3),(0.,1.),.PIECEWISE_BEZIER_KNOTS.);
#487=B_SPLINE_CURVE_WITH_KNOTS('',2,(#11147,#11148,#11149),
 .UNSPECIFIED.,.F.,.F.,(3,3),(0.,1.),.PIECEWISE_BEZIER_KNOTS.);
#488=B_SPLINE_CURVE_WITH_KNOTS('',2,(#11160,#11161,#11162),
 .UNSPECIFIED.,.F.,.F.,(3,3),(0.,1.),.PIECEWISE_BEZIER_KNOTS.);
#489=B_SPLINE_CURVE_WITH_KNOTS('',2,(#11189,#11190,#11191),
 .UNSPECIFIED.,.F.,.F.,(3,3),(0.,1.),.PIECEWISE_BEZIER_KNOTS.);
#490=B_SPLINE_CURVE_WITH_KNOTS('',2,(#11206,#11207,#11208),
 .UNSPECIFIED.,.F.,.F.,(3,3),(0.,1.),.PIECEWISE_BEZIER_KNOTS.);
#491=B_SPLINE_CURVE_WITH_KNOTS('',2,(#11219,#11220,#11221),
 .UNSPECIFIED.,.F.,.F.,(3,3),(0.,1.),.PIECEWISE_BEZIER_KNOTS.);
#492=B_SPLINE_CURVE_WITH_KNOTS('',2,(#11230,#11231,#11232),
 .UNSPECIFIED.,.F.,.F.,(3,3),(0.,1.),.PIECEWISE_BEZIER_KNOTS.);
#493=B_SPLINE_CURVE_WITH_KNOTS('',2,(#11251,#11252,#11253),
 .UNSPECIFIED.,.F.,.F.,(3,3),(0.,1.),.PIECEWISE_BEZIER_KNOTS.);
#494=B_SPLINE_CURVE_WITH_KNOTS('',2,(#11257,#11258,#11259),
 .UNSPECIFIED.,.F.,.F.,(3,3),(0.,1.),.PIECEWISE_BEZIER_KNOTS.);
#495=B_SPLINE_CURVE_WITH_KNOTS('',2,(#11268,#11269,#11270),
 .UNSPECIFIED.,.F.,.F.,(3,3),(0.,1.),.PIECEWISE_BEZIER_KNOTS.);
#496=B_SPLINE_CURVE_WITH_KNOTS('',2,(#11274,#11275,#11276),
 .UNSPECIFIED.,.F.,.F.,(3,3),(0.,1.),.PIECEWISE_BEZIER_KNOTS.);
#497=B_SPLINE_CURVE_WITH_KNOTS('',2,(#11305,#11306,#11307),
 .UNSPECIFIED.,.F.,.F.,(3,3),(0.,1.),.PIECEWISE_BEZIER_KNOTS.);
#498=B_SPLINE_CURVE_WITH_KNOTS('',2,(#11324,#11325,#11326),
 .UNSPECIFIED.,.F.,.F.,(3,3),(0.,1.),.PIECEWISE_BEZIER_KNOTS.);
#499=B_SPLINE_CURVE_WITH_KNOTS('',2,(#11341,#11342,#11343),
 .UNSPECIFIED.,.F.,.F.,(3,3),(0.,1.),.PIECEWISE_BEZIER_KNOTS.);
#500=B_SPLINE_CURVE_WITH_KNOTS('',2,(#11354,#11355,#11356),
 .UNSPECIFIED.,.F.,.F.,(3,3),(0.,1.),.PIECEWISE_BEZIER_KNOTS.);
#501=B_SPLINE_CURVE_WITH_KNOTS('',2,(#11367,#11368,#11369),
 .UNSPECIFIED.,.F.,.F.,(3,3),(0.,1.),.PIECEWISE_BEZIER_KNOTS.);
#502=B_SPLINE_CURVE_WITH_KNOTS('',2,(#11388,#11389,#11390),
 .UNSPECIFIED.,.F.,.F.,(3,3),(0.,1.),.PIECEWISE_BEZIER_KNOTS.);
#503=B_SPLINE_CURVE_WITH_KNOTS('',2,(#11401,#11402,#11403),
 .UNSPECIFIED.,.F.,.F.,(3,3),(0.,1.),.PIECEWISE_BEZIER_KNOTS.);
#504=B_SPLINE_CURVE_WITH_KNOTS('',2,(#11414,#11415,#11416),
 .UNSPECIFIED.,.F.,.F.,(3,3),(0.,1.),.PIECEWISE_BEZIER_KNOTS.);
#505=B_SPLINE_CURVE_WITH_KNOTS('',2,(#11427,#11428,#11429),
 .UNSPECIFIED.,.F.,.F.,(3,3),(0.,1.),.PIECEWISE_BEZIER_KNOTS.);
#506=B_SPLINE_CURVE_WITH_KNOTS('',2,(#11448,#11449,#11450),
 .UNSPECIFIED.,.F.,.F.,(3,3),(0.,1.),.PIECEWISE_BEZIER_KNOTS.);
#507=B_SPLINE_CURVE_WITH_KNOTS('',2,(#11461,#11462,#11463),
 .UNSPECIFIED.,.F.,.F.,(3,3),(0.,1.),.PIECEWISE_BEZIER_KNOTS.);
#508=B_SPLINE_CURVE_WITH_KNOTS('',2,(#11464,#11465,#11466),
 .UNSPECIFIED.,.F.,.F.,(3,3),(0.,1.),.PIECEWISE_BEZIER_KNOTS.);
#509=B_SPLINE_CURVE_WITH_KNOTS('',2,(#11476,#11477,#11478),
 .UNSPECIFIED.,.F.,.F.,(3,3),(0.,1.),.PIECEWISE_BEZIER_KNOTS.);
#510=B_SPLINE_CURVE_WITH_KNOTS('',2,(#11483,#11484,#11485),
 .UNSPECIFIED.,.F.,.F.,(3,3),(0.,1.),.PIECEWISE_BEZIER_KNOTS.);
#511=B_SPLINE_CURVE_WITH_KNOTS('',2,(#11496,#11497,#11498),
 .UNSPECIFIED.,.F.,.F.,(3,3),(0.,1.),.PIECEWISE_BEZIER_KNOTS.);
#512=B_SPLINE_CURVE_WITH_KNOTS('',2,(#11502,#11503,#11504),
 .UNSPECIFIED.,.F.,.F.,(3,3),(0.,1.),.PIECEWISE_BEZIER_KNOTS.);
#513=B_SPLINE_CURVE_WITH_KNOTS('',2,(#11513,#11514,#11515),
 .UNSPECIFIED.,.F.,.F.,(3,3),(0.,1.),.PIECEWISE_BEZIER_KNOTS.);
#514=B_SPLINE_CURVE_WITH_KNOTS('',2,(#11519,#11520,#11521),
 .UNSPECIFIED.,.F.,.F.,(3,3),(0.,1.),.PIECEWISE_BEZIER_KNOTS.);
#515=B_SPLINE_CURVE_WITH_KNOTS('',2,(#11530,#11531,#11532),
 .UNSPECIFIED.,.F.,.F.,(3,3),(0.,1.),.PIECEWISE_BEZIER_KNOTS.);
#516=B_SPLINE_CURVE_WITH_KNOTS('',2,(#11536,#11537,#11538),
 .UNSPECIFIED.,.F.,.F.,(3,3),(0.,1.),.PIECEWISE_BEZIER_KNOTS.);
#517=B_SPLINE_CURVE_WITH_KNOTS('',2,(#11547,#11548,#11549),
 .UNSPECIFIED.,.F.,.F.,(3,3),(0.,1.),.PIECEWISE_BEZIER_KNOTS.);
#518=B_SPLINE_CURVE_WITH_KNOTS('',2,(#11553,#11554,#11555),
 .UNSPECIFIED.,.F.,.F.,(3,3),(0.,1.),.PIECEWISE_BEZIER_KNOTS.);
#519=B_SPLINE_CURVE_WITH_KNOTS('',2,(#11564,#11565,#11566),
 .UNSPECIFIED.,.F.,.F.,(3,3),(0.,1.),.PIECEWISE_BEZIER_KNOTS.);
#520=B_SPLINE_CURVE_WITH_KNOTS('',2,(#11570,#11571,#11572),
 .UNSPECIFIED.,.F.,.F.,(3,3),(0.,1.),.PIECEWISE_BEZIER_KNOTS.);
#521=B_SPLINE_CURVE_WITH_KNOTS('',2,(#11581,#11582,#11583),
 .UNSPECIFIED.,.F.,.F.,(3,3),(0.,1.),.PIECEWISE_BEZIER_KNOTS.);
#522=B_SPLINE_CURVE_WITH_KNOTS('',2,(#11587,#11588,#11589),
 .UNSPECIFIED.,.F.,.F.,(3,3),(0.,1.),.PIECEWISE_BEZIER_KNOTS.);
#523=B_SPLINE_CURVE_WITH_KNOTS('',2,(#11600,#11601,#11602),
 .UNSPECIFIED.,.F.,.F.,(3,3),(0.,1.),.PIECEWISE_BEZIER_KNOTS.);
#524=B_SPLINE_CURVE_WITH_KNOTS('',2,(#11615,#11616,#11617),
 .UNSPECIFIED.,.F.,.F.,(3,3),(0.,1.),.PIECEWISE_BEZIER_KNOTS.);
#525=B_SPLINE_CURVE_WITH_KNOTS('',2,(#11628,#11629,#11630),
 .UNSPECIFIED.,.F.,.F.,(3,3),(0.,1.),.PIECEWISE_BEZIER_KNOTS.);
#526=B_SPLINE_CURVE_WITH_KNOTS('',2,(#11641,#11642,#11643),
 .UNSPECIFIED.,.F.,.F.,(3,3),(0.,1.),.PIECEWISE_BEZIER_KNOTS.);
#527=B_SPLINE_CURVE_WITH_KNOTS('',2,(#11654,#11655,#11656),
 .UNSPECIFIED.,.F.,.F.,(3,3),(0.,1.),.PIECEWISE_BEZIER_KNOTS.);
#528=B_SPLINE_CURVE_WITH_KNOTS('',2,(#11667,#11668,#11669),
 .UNSPECIFIED.,.F.,.F.,(3,3),(0.,1.),.PIECEWISE_BEZIER_KNOTS.);
#529=B_SPLINE_CURVE_WITH_KNOTS('',2,(#11680,#11681,#11682),
 .UNSPECIFIED.,.F.,.F.,(3,3),(0.,1.),.PIECEWISE_BEZIER_KNOTS.);
#530=B_SPLINE_CURVE_WITH_KNOTS('',2,(#11693,#11694,#11695),
 .UNSPECIFIED.,.F.,.F.,(3,3),(0.,1.),.PIECEWISE_BEZIER_KNOTS.);
#531=B_SPLINE_CURVE_WITH_KNOTS('',2,(#11706,#11707,#11708),
 .UNSPECIFIED.,.F.,.F.,(3,3),(0.,1.),.PIECEWISE_BEZIER_KNOTS.);
#532=B_SPLINE_CURVE_WITH_KNOTS('',2,(#11717,#11718,#11719),
 .UNSPECIFIED.,.F.,.F.,(3,3),(0.,1.),.PIECEWISE_BEZIER_KNOTS.);
#533=B_SPLINE_CURVE_WITH_KNOTS('',2,(#11728,#11729,#11730),
 .UNSPECIFIED.,.F.,.F.,(3,3),(0.,1.),.PIECEWISE_BEZIER_KNOTS.);
#534=B_SPLINE_CURVE_WITH_KNOTS('',2,(#11731,#11732,#11733),
 .UNSPECIFIED.,.F.,.F.,(3,3),(0.,1.),.PIECEWISE_BEZIER_KNOTS.);
#535=B_SPLINE_CURVE_WITH_KNOTS('',2,(#11752,#11753,#11754),
 .UNSPECIFIED.,.F.,.F.,(3,3),(0.,1.),.PIECEWISE_BEZIER_KNOTS.);
#536=B_SPLINE_CURVE_WITH_KNOTS('',2,(#11758,#11759,#11760),
 .UNSPECIFIED.,.F.,.F.,(3,3),(0.,1.),.PIECEWISE_BEZIER_KNOTS.);
#537=B_SPLINE_CURVE_WITH_KNOTS('',2,(#11769,#11770,#11771),
 .UNSPECIFIED.,.F.,.F.,(3,3),(0.,1.),.PIECEWISE_BEZIER_KNOTS.);
#538=B_SPLINE_CURVE_WITH_KNOTS('',2,(#11775,#11776,#11777),
 .UNSPECIFIED.,.F.,.F.,(3,3),(0.,1.),.PIECEWISE_BEZIER_KNOTS.);
#539=B_SPLINE_CURVE_WITH_KNOTS('',2,(#11806,#11807,#11808),
 .UNSPECIFIED.,.F.,.F.,(3,3),(0.,1.),.PIECEWISE_BEZIER_KNOTS.);
#540=B_SPLINE_CURVE_WITH_KNOTS('',2,(#11825,#11826,#11827),
 .UNSPECIFIED.,.F.,.F.,(3,3),(0.,1.),.PIECEWISE_BEZIER_KNOTS.);
#541=B_SPLINE_CURVE_WITH_KNOTS('',2,(#11842,#11843,#11844),
 .UNSPECIFIED.,.F.,.F.,(3,3),(0.,1.),.PIECEWISE_BEZIER_KNOTS.);
#542=B_SPLINE_CURVE_WITH_KNOTS('',2,(#11855,#11856,#11857),
 .UNSPECIFIED.,.F.,.F.,(3,3),(0.,1.),.PIECEWISE_BEZIER_KNOTS.);
#543=B_SPLINE_CURVE_WITH_KNOTS('',2,(#11868,#11869,#11870),
 .UNSPECIFIED.,.F.,.F.,(3,3),(0.,1.),.PIECEWISE_BEZIER_KNOTS.);
#544=B_SPLINE_CURVE_WITH_KNOTS('',2,(#11889,#11890,#11891),
 .UNSPECIFIED.,.F.,.F.,(3,3),(0.,1.),.PIECEWISE_BEZIER_KNOTS.);
#545=B_SPLINE_CURVE_WITH_KNOTS('',2,(#11902,#11903,#11904),
 .UNSPECIFIED.,.F.,.F.,(3,3),(0.,1.),.PIECEWISE_BEZIER_KNOTS.);
#546=B_SPLINE_CURVE_WITH_KNOTS('',2,(#11915,#11916,#11917),
 .UNSPECIFIED.,.F.,.F.,(3,3),(0.,1.),.PIECEWISE_BEZIER_KNOTS.);
#547=B_SPLINE_CURVE_WITH_KNOTS('',2,(#11928,#11929,#11930),
 .UNSPECIFIED.,.F.,.F.,(3,3),(0.,1.),.PIECEWISE_BEZIER_KNOTS.);
#548=B_SPLINE_CURVE_WITH_KNOTS('',2,(#11949,#11950,#11951),
 .UNSPECIFIED.,.F.,.F.,(3,3),(0.,1.),.PIECEWISE_BEZIER_KNOTS.);
#549=B_SPLINE_CURVE_WITH_KNOTS('',2,(#11962,#11963,#11964),
 .UNSPECIFIED.,.F.,.F.,(3,3),(0.,1.),.PIECEWISE_BEZIER_KNOTS.);
#550=B_SPLINE_CURVE_WITH_KNOTS('',2,(#11965,#11966,#11967),
 .UNSPECIFIED.,.F.,.F.,(3,3),(0.,1.),.PIECEWISE_BEZIER_KNOTS.);
#551=B_SPLINE_CURVE_WITH_KNOTS('',2,(#11986,#11987,#11988),
 .UNSPECIFIED.,.F.,.F.,(3,3),(0.,1.),.PIECEWISE_BEZIER_KNOTS.);
#552=B_SPLINE_CURVE_WITH_KNOTS('',2,(#11992,#11993,#11994),
 .UNSPECIFIED.,.F.,.F.,(3,3),(0.,1.),.PIECEWISE_BEZIER_KNOTS.);
#553=B_SPLINE_CURVE_WITH_KNOTS('',2,(#12003,#12004,#12005),
 .UNSPECIFIED.,.F.,.F.,(3,3),(0.,1.),.PIECEWISE_BEZIER_KNOTS.);
#554=B_SPLINE_CURVE_WITH_KNOTS('',2,(#12009,#12010,#12011),
 .UNSPECIFIED.,.F.,.F.,(3,3),(0.,1.),.PIECEWISE_BEZIER_KNOTS.);
#555=B_SPLINE_CURVE_WITH_KNOTS('',2,(#12040,#12041,#12042),
 .UNSPECIFIED.,.F.,.F.,(3,3),(0.,1.),.PIECEWISE_BEZIER_KNOTS.);
#556=B_SPLINE_CURVE_WITH_KNOTS('',2,(#12059,#12060,#12061),
 .UNSPECIFIED.,.F.,.F.,(3,3),(0.,1.),.PIECEWISE_BEZIER_KNOTS.);
#557=B_SPLINE_CURVE_WITH_KNOTS('',2,(#12076,#12077,#12078),
 .UNSPECIFIED.,.F.,.F.,(3,3),(0.,1.),.PIECEWISE_BEZIER_KNOTS.);
#558=B_SPLINE_CURVE_WITH_KNOTS('',2,(#12089,#12090,#12091),
 .UNSPECIFIED.,.F.,.F.,(3,3),(0.,1.),.PIECEWISE_BEZIER_KNOTS.);
#559=B_SPLINE_CURVE_WITH_KNOTS('',2,(#12102,#12103,#12104),
 .UNSPECIFIED.,.F.,.F.,(3,3),(0.,1.),.PIECEWISE_BEZIER_KNOTS.);
#560=B_SPLINE_CURVE_WITH_KNOTS('',2,(#12123,#12124,#12125),
 .UNSPECIFIED.,.F.,.F.,(3,3),(0.,1.),.PIECEWISE_BEZIER_KNOTS.);
#561=B_SPLINE_CURVE_WITH_KNOTS('',2,(#12136,#12137,#12138),
 .UNSPECIFIED.,.F.,.F.,(3,3),(0.,1.),.PIECEWISE_BEZIER_KNOTS.);
#562=B_SPLINE_CURVE_WITH_KNOTS('',2,(#12149,#12150,#12151),
 .UNSPECIFIED.,.F.,.F.,(3,3),(0.,1.),.PIECEWISE_BEZIER_KNOTS.);
#563=B_SPLINE_CURVE_WITH_KNOTS('',2,(#12162,#12163,#12164),
 .UNSPECIFIED.,.F.,.F.,(3,3),(0.,1.),.PIECEWISE_BEZIER_KNOTS.);
#564=B_SPLINE_CURVE_WITH_KNOTS('',2,(#12183,#12184,#12185),
 .UNSPECIFIED.,.F.,.F.,(3,3),(0.,1.),.PIECEWISE_BEZIER_KNOTS.);
#565=B_SPLINE_CURVE_WITH_KNOTS('',2,(#12196,#12197,#12198),
 .UNSPECIFIED.,.F.,.F.,(3,3),(0.,1.),.PIECEWISE_BEZIER_KNOTS.);
#566=B_SPLINE_CURVE_WITH_KNOTS('',2,(#12199,#12200,#12201),
 .UNSPECIFIED.,.F.,.F.,(3,3),(0.,1.),.PIECEWISE_BEZIER_KNOTS.);
#567=B_SPLINE_CURVE_WITH_KNOTS('',2,(#12226,#12227,#12228),
 .UNSPECIFIED.,.F.,.F.,(3,3),(0.,1.),.PIECEWISE_BEZIER_KNOTS.);
#568=B_SPLINE_CURVE_WITH_KNOTS('',2,(#12232,#12233,#12234),
 .UNSPECIFIED.,.F.,.F.,(3,3),(0.,1.),.PIECEWISE_BEZIER_KNOTS.);
#569=B_SPLINE_CURVE_WITH_KNOTS('',2,(#12243,#12244,#12245),
 .UNSPECIFIED.,.F.,.F.,(3,3),(0.,1.),.PIECEWISE_BEZIER_KNOTS.);
#570=B_SPLINE_CURVE_WITH_KNOTS('',2,(#12249,#12250,#12251),
 .UNSPECIFIED.,.F.,.F.,(3,3),(0.,1.),.PIECEWISE_BEZIER_KNOTS.);
#571=B_SPLINE_CURVE_WITH_KNOTS('',2,(#12260,#12261,#12262),
 .UNSPECIFIED.,.F.,.F.,(3,3),(0.,1.),.PIECEWISE_BEZIER_KNOTS.);
#572=B_SPLINE_CURVE_WITH_KNOTS('',2,(#12266,#12267,#12268),
 .UNSPECIFIED.,.F.,.F.,(3,3),(0.,1.),.PIECEWISE_BEZIER_KNOTS.);
#573=B_SPLINE_CURVE_WITH_KNOTS('',2,(#12277,#12278,#12279),
 .UNSPECIFIED.,.F.,.F.,(3,3),(0.,1.),.PIECEWISE_BEZIER_KNOTS.);
#574=B_SPLINE_CURVE_WITH_KNOTS('',2,(#12283,#12284,#12285),
 .UNSPECIFIED.,.F.,.F.,(3,3),(0.,1.),.PIECEWISE_BEZIER_KNOTS.);
#575=B_SPLINE_CURVE_WITH_KNOTS('',2,(#12294,#12295,#12296),
 .UNSPECIFIED.,.F.,.F.,(3,3),(0.,1.),.PIECEWISE_BEZIER_KNOTS.);
#576=B_SPLINE_CURVE_WITH_KNOTS('',2,(#12300,#12301,#12302),
 .UNSPECIFIED.,.F.,.F.,(3,3),(0.,1.),.PIECEWISE_BEZIER_KNOTS.);
#577=B_SPLINE_CURVE_WITH_KNOTS('',2,(#12311,#12312,#12313),
 .UNSPECIFIED.,.F.,.F.,(3,3),(0.,1.),.PIECEWISE_BEZIER_KNOTS.);
#578=B_SPLINE_CURVE_WITH_KNOTS('',2,(#12317,#12318,#12319),
 .UNSPECIFIED.,.F.,.F.,(3,3),(0.,1.),.PIECEWISE_BEZIER_KNOTS.);
#579=B_SPLINE_CURVE_WITH_KNOTS('',2,(#12328,#12329,#12330),
 .UNSPECIFIED.,.F.,.F.,(3,3),(0.,1.),.PIECEWISE_BEZIER_KNOTS.);
#580=B_SPLINE_CURVE_WITH_KNOTS('',2,(#12334,#12335,#12336),
 .UNSPECIFIED.,.F.,.F.,(3,3),(0.,1.),.PIECEWISE_BEZIER_KNOTS.);
#581=B_SPLINE_CURVE_WITH_KNOTS('',2,(#12347,#12348,#12349),
 .UNSPECIFIED.,.F.,.F.,(3,3),(0.,1.),.PIECEWISE_BEZIER_KNOTS.);
#582=B_SPLINE_CURVE_WITH_KNOTS('',2,(#12362,#12363,#12364),
 .UNSPECIFIED.,.F.,.F.,(3,3),(0.,1.),.PIECEWISE_BEZIER_KNOTS.);
#583=B_SPLINE_CURVE_WITH_KNOTS('',2,(#12375,#12376,#12377),
 .UNSPECIFIED.,.F.,.F.,(3,3),(0.,1.),.PIECEWISE_BEZIER_KNOTS.);
#584=B_SPLINE_CURVE_WITH_KNOTS('',2,(#12388,#12389,#12390),
 .UNSPECIFIED.,.F.,.F.,(3,3),(0.,1.),.PIECEWISE_BEZIER_KNOTS.);
#585=B_SPLINE_CURVE_WITH_KNOTS('',2,(#12401,#12402,#12403),
 .UNSPECIFIED.,.F.,.F.,(3,3),(0.,1.),.PIECEWISE_BEZIER_KNOTS.);
#586=B_SPLINE_CURVE_WITH_KNOTS('',2,(#12414,#12415,#12416),
 .UNSPECIFIED.,.F.,.F.,(3,3),(0.,1.),.PIECEWISE_BEZIER_KNOTS.);
#587=B_SPLINE_CURVE_WITH_KNOTS('',2,(#12427,#12428,#12429),
 .UNSPECIFIED.,.F.,.F.,(3,3),(0.,1.),.PIECEWISE_BEZIER_KNOTS.);
#588=B_SPLINE_CURVE_WITH_KNOTS('',2,(#12440,#12441,#12442),
 .UNSPECIFIED.,.F.,.F.,(3,3),(0.,1.),.PIECEWISE_BEZIER_KNOTS.);
#589=B_SPLINE_CURVE_WITH_KNOTS('',2,(#12457,#12458,#12459),
 .UNSPECIFIED.,.F.,.F.,(3,3),(0.,1.),.PIECEWISE_BEZIER_KNOTS.);
#590=B_SPLINE_CURVE_WITH_KNOTS('',2,(#12470,#12471,#12472),
 .UNSPECIFIED.,.F.,.F.,(3,3),(0.,1.),.PIECEWISE_BEZIER_KNOTS.);
#591=B_SPLINE_CURVE_WITH_KNOTS('',2,(#12483,#12484,#12485),
 .UNSPECIFIED.,.F.,.F.,(3,3),(0.,1.),.PIECEWISE_BEZIER_KNOTS.);
#592=B_SPLINE_CURVE_WITH_KNOTS('',2,(#12496,#12497,#12498),
 .UNSPECIFIED.,.F.,.F.,(3,3),(0.,1.),.PIECEWISE_BEZIER_KNOTS.);
#593=B_SPLINE_CURVE_WITH_KNOTS('',2,(#12507,#12508,#12509),
 .UNSPECIFIED.,.F.,.F.,(3,3),(0.,1.),.PIECEWISE_BEZIER_KNOTS.);
#594=B_SPLINE_CURVE_WITH_KNOTS('',2,(#12518,#12519,#12520),
 .UNSPECIFIED.,.F.,.F.,(3,3),(0.,1.),.PIECEWISE_BEZIER_KNOTS.);
#595=B_SPLINE_CURVE_WITH_KNOTS('',2,(#12521,#12522,#12523),
 .UNSPECIFIED.,.F.,.F.,(3,3),(0.,1.),.PIECEWISE_BEZIER_KNOTS.);
#596=B_SPLINE_CURVE_WITH_KNOTS('',2,(#12542,#12543,#12544),
 .UNSPECIFIED.,.F.,.F.,(3,3),(0.,1.),.PIECEWISE_BEZIER_KNOTS.);
#597=B_SPLINE_CURVE_WITH_KNOTS('',2,(#12548,#12549,#12550),
 .UNSPECIFIED.,.F.,.F.,(3,3),(0.,1.),.PIECEWISE_BEZIER_KNOTS.);
#598=B_SPLINE_CURVE_WITH_KNOTS('',2,(#12559,#12560,#12561),
 .UNSPECIFIED.,.F.,.F.,(3,3),(0.,1.),.PIECEWISE_BEZIER_KNOTS.);
#599=B_SPLINE_CURVE_WITH_KNOTS('',2,(#12565,#12566,#12567),
 .UNSPECIFIED.,.F.,.F.,(3,3),(0.,1.),.PIECEWISE_BEZIER_KNOTS.);
#600=B_SPLINE_CURVE_WITH_KNOTS('',2,(#12596,#12597,#12598),
 .UNSPECIFIED.,.F.,.F.,(3,3),(0.,1.),.PIECEWISE_BEZIER_KNOTS.);
#601=B_SPLINE_CURVE_WITH_KNOTS('',2,(#12615,#12616,#12617),
 .UNSPECIFIED.,.F.,.F.,(3,3),(0.,1.),.PIECEWISE_BEZIER_KNOTS.);
#602=B_SPLINE_CURVE_WITH_KNOTS('',2,(#12632,#12633,#12634),
 .UNSPECIFIED.,.F.,.F.,(3,3),(0.,1.),.PIECEWISE_BEZIER_KNOTS.);
#603=B_SPLINE_CURVE_WITH_KNOTS('',2,(#12645,#12646,#12647),
 .UNSPECIFIED.,.F.,.F.,(3,3),(0.,1.),.PIECEWISE_BEZIER_KNOTS.);
#604=B_SPLINE_CURVE_WITH_KNOTS('',2,(#12658,#12659,#12660),
 .UNSPECIFIED.,.F.,.F.,(3,3),(0.,1.),.PIECEWISE_BEZIER_KNOTS.);
#605=B_SPLINE_CURVE_WITH_KNOTS('',2,(#12679,#12680,#12681),
 .UNSPECIFIED.,.F.,.F.,(3,3),(0.,1.),.PIECEWISE_BEZIER_KNOTS.);
#606=B_SPLINE_CURVE_WITH_KNOTS('',2,(#12692,#12693,#12694),
 .UNSPECIFIED.,.F.,.F.,(3,3),(0.,1.),.PIECEWISE_BEZIER_KNOTS.);
#607=B_SPLINE_CURVE_WITH_KNOTS('',2,(#12705,#12706,#12707),
 .UNSPECIFIED.,.F.,.F.,(3,3),(0.,1.),.PIECEWISE_BEZIER_KNOTS.);
#608=B_SPLINE_CURVE_WITH_KNOTS('',2,(#12718,#12719,#12720),
 .UNSPECIFIED.,.F.,.F.,(3,3),(0.,1.),.PIECEWISE_BEZIER_KNOTS.);
#609=B_SPLINE_CURVE_WITH_KNOTS('',2,(#12739,#12740,#12741),
 .UNSPECIFIED.,.F.,.F.,(3,3),(0.,1.),.PIECEWISE_BEZIER_KNOTS.);
#610=B_SPLINE_CURVE_WITH_KNOTS('',2,(#12752,#12753,#12754),
 .UNSPECIFIED.,.F.,.F.,(3,3),(0.,1.),.PIECEWISE_BEZIER_KNOTS.);
#611=B_SPLINE_CURVE_WITH_KNOTS('',2,(#12755,#12756,#12757),
 .UNSPECIFIED.,.F.,.F.,(3,3),(0.,1.),.PIECEWISE_BEZIER_KNOTS.);
#612=B_SPLINE_CURVE_WITH_KNOTS('',2,(#12788,#12789,#12790),
 .UNSPECIFIED.,.F.,.F.,(3,3),(0.,1.),.PIECEWISE_BEZIER_KNOTS.);
#613=B_SPLINE_CURVE_WITH_KNOTS('',2,(#12794,#12795,#12796),
 .UNSPECIFIED.,.F.,.F.,(3,3),(0.,1.),.PIECEWISE_BEZIER_KNOTS.);
#614=B_SPLINE_CURVE_WITH_KNOTS('',2,(#12805,#12806,#12807),
 .UNSPECIFIED.,.F.,.F.,(3,3),(0.,1.),.PIECEWISE_BEZIER_KNOTS.);
#615=B_SPLINE_CURVE_WITH_KNOTS('',2,(#12811,#12812,#12813),
 .UNSPECIFIED.,.F.,.F.,(3,3),(0.,1.),.PIECEWISE_BEZIER_KNOTS.);
#616=B_SPLINE_CURVE_WITH_KNOTS('',2,(#12837,#12838,#12839),
 .UNSPECIFIED.,.F.,.F.,(3,3),(0.,1.),.PIECEWISE_BEZIER_KNOTS.);
#617=B_SPLINE_CURVE_WITH_KNOTS('',2,(#12843,#12844,#12845),
 .UNSPECIFIED.,.F.,.F.,(3,3),(0.,1.),.PIECEWISE_BEZIER_KNOTS.);
#618=B_SPLINE_CURVE_WITH_KNOTS('',2,(#12854,#12855,#12856),
 .UNSPECIFIED.,.F.,.F.,(3,3),(0.,1.),.PIECEWISE_BEZIER_KNOTS.);
#619=B_SPLINE_CURVE_WITH_KNOTS('',2,(#12860,#12861,#12862),
 .UNSPECIFIED.,.F.,.F.,(3,3),(0.,1.),.PIECEWISE_BEZIER_KNOTS.);
#620=B_SPLINE_CURVE_WITH_KNOTS('',2,(#12877,#12878,#12879),
 .UNSPECIFIED.,.F.,.F.,(3,3),(0.,1.),.PIECEWISE_BEZIER_KNOTS.);
#621=B_SPLINE_CURVE_WITH_KNOTS('',2,(#12883,#12884,#12885),
 .UNSPECIFIED.,.F.,.F.,(3,3),(0.,1.),.PIECEWISE_BEZIER_KNOTS.);
#622=B_SPLINE_CURVE_WITH_KNOTS('',2,(#12906,#12907,#12908),
 .UNSPECIFIED.,.F.,.F.,(3,3),(0.,1.),.PIECEWISE_BEZIER_KNOTS.);
#623=B_SPLINE_CURVE_WITH_KNOTS('',2,(#12919,#12920,#12921),
 .UNSPECIFIED.,.F.,.F.,(3,3),(0.,1.),.PIECEWISE_BEZIER_KNOTS.);
#624=B_SPLINE_CURVE_WITH_KNOTS('',2,(#12932,#12933,#12934),
 .UNSPECIFIED.,.F.,.F.,(3,3),(0.,1.),.PIECEWISE_BEZIER_KNOTS.);
#625=B_SPLINE_CURVE_WITH_KNOTS('',2,(#12949,#12950,#12951),
 .UNSPECIFIED.,.F.,.F.,(3,3),(0.,1.),.PIECEWISE_BEZIER_KNOTS.);
#626=B_SPLINE_CURVE_WITH_KNOTS('',2,(#12962,#12963,#12964),
 .UNSPECIFIED.,.F.,.F.,(3,3),(0.,1.),.PIECEWISE_BEZIER_KNOTS.);
#627=B_SPLINE_CURVE_WITH_KNOTS('',2,(#12975,#12976,#12977),
 .UNSPECIFIED.,.F.,.F.,(3,3),(0.,1.),.PIECEWISE_BEZIER_KNOTS.);
#628=B_SPLINE_CURVE_WITH_KNOTS('',2,(#12991,#12992,#12993),
 .UNSPECIFIED.,.F.,.F.,(3,3),(0.,1.),.PIECEWISE_BEZIER_KNOTS.);
#629=B_SPLINE_CURVE_WITH_KNOTS('',2,(#12994,#12995,#12996),
 .UNSPECIFIED.,.F.,.F.,(3,3),(0.,1.),.PIECEWISE_BEZIER_KNOTS.);
#630=B_SPLINE_CURVE_WITH_KNOTS('',2,(#13030,#13031,#13032),
 .UNSPECIFIED.,.F.,.F.,(3,3),(0.,1.),.PIECEWISE_BEZIER_KNOTS.);
#631=B_SPLINE_CURVE_WITH_KNOTS('',2,(#13045,#13046,#13047),
 .UNSPECIFIED.,.F.,.F.,(3,3),(0.,1.),.PIECEWISE_BEZIER_KNOTS.);
#632=B_SPLINE_CURVE_WITH_KNOTS('',2,(#13058,#13059,#13060),
 .UNSPECIFIED.,.F.,.F.,(3,3),(0.,1.),.PIECEWISE_BEZIER_KNOTS.);
#633=B_SPLINE_CURVE_WITH_KNOTS('',2,(#13071,#13072,#13073),
 .UNSPECIFIED.,.F.,.F.,(3,3),(0.,1.),.PIECEWISE_BEZIER_KNOTS.);
#634=B_SPLINE_CURVE_WITH_KNOTS('',2,(#13088,#13089,#13090),
 .UNSPECIFIED.,.F.,.F.,(3,3),(0.,1.),.PIECEWISE_BEZIER_KNOTS.);
#635=B_SPLINE_CURVE_WITH_KNOTS('',2,(#13101,#13102,#13103),
 .UNSPECIFIED.,.F.,.F.,(3,3),(0.,1.),.PIECEWISE_BEZIER_KNOTS.);
#636=B_SPLINE_CURVE_WITH_KNOTS('',2,(#13118,#13119,#13120),
 .UNSPECIFIED.,.F.,.F.,(3,3),(0.,1.),.PIECEWISE_BEZIER_KNOTS.);
#637=B_SPLINE_CURVE_WITH_KNOTS('',2,(#13135,#13136,#13137),
 .UNSPECIFIED.,.F.,.F.,(3,3),(0.,1.),.PIECEWISE_BEZIER_KNOTS.);
#638=B_SPLINE_CURVE_WITH_KNOTS('',2,(#13148,#13149,#13150),
 .UNSPECIFIED.,.F.,.F.,(3,3),(0.,1.),.PIECEWISE_BEZIER_KNOTS.);
#639=B_SPLINE_CURVE_WITH_KNOTS('',2,(#13161,#13162,#13163),
 .UNSPECIFIED.,.F.,.F.,(3,3),(0.,1.),.PIECEWISE_BEZIER_KNOTS.);
#640=B_SPLINE_CURVE_WITH_KNOTS('',2,(#13178,#13179,#13180),
 .UNSPECIFIED.,.F.,.F.,(3,3),(0.,1.),.PIECEWISE_BEZIER_KNOTS.);
#641=B_SPLINE_CURVE_WITH_KNOTS('',2,(#13195,#13196,#13197),
 .UNSPECIFIED.,.F.,.F.,(3,3),(0.,1.),.PIECEWISE_BEZIER_KNOTS.);
#642=B_SPLINE_CURVE_WITH_KNOTS('',2,(#13208,#13209,#13210),
 .UNSPECIFIED.,.F.,.F.,(3,3),(0.,1.),.PIECEWISE_BEZIER_KNOTS.);
#643=B_SPLINE_CURVE_WITH_KNOTS('',2,(#13225,#13226,#13227),
 .UNSPECIFIED.,.F.,.F.,(3,3),(0.,1.),.PIECEWISE_BEZIER_KNOTS.);
#644=B_SPLINE_CURVE_WITH_KNOTS('',2,(#13238,#13239,#13240),
 .UNSPECIFIED.,.F.,.F.,(3,3),(0.,1.),.PIECEWISE_BEZIER_KNOTS.);
#645=B_SPLINE_CURVE_WITH_KNOTS('',2,(#13251,#13252,#13253),
 .UNSPECIFIED.,.F.,.F.,(3,3),(0.,1.),.PIECEWISE_BEZIER_KNOTS.);
#646=B_SPLINE_CURVE_WITH_KNOTS('',2,(#13264,#13265,#13266),
 .UNSPECIFIED.,.F.,.F.,(3,3),(0.,1.),.PIECEWISE_BEZIER_KNOTS.);
#647=B_SPLINE_CURVE_WITH_KNOTS('',2,(#13277,#13278,#13279),
 .UNSPECIFIED.,.F.,.F.,(3,3),(0.,1.),.PIECEWISE_BEZIER_KNOTS.);
#648=B_SPLINE_CURVE_WITH_KNOTS('',2,(#13315,#13316,#13317),
 .UNSPECIFIED.,.F.,.F.,(3,3),(0.,1.),.PIECEWISE_BEZIER_KNOTS.);
#649=B_SPLINE_CURVE_WITH_KNOTS('',2,(#13336,#13337,#13338),
 .UNSPECIFIED.,.F.,.F.,(3,3),(0.,1.),.PIECEWISE_BEZIER_KNOTS.);
#650=B_SPLINE_CURVE_WITH_KNOTS('',2,(#13349,#13350,#13351),
 .UNSPECIFIED.,.F.,.F.,(3,3),(0.,1.),.PIECEWISE_BEZIER_KNOTS.);
#651=B_SPLINE_CURVE_WITH_KNOTS('',2,(#13362,#13363,#13364),
 .UNSPECIFIED.,.F.,.F.,(3,3),(0.,1.),.PIECEWISE_BEZIER_KNOTS.);
#652=B_SPLINE_CURVE_WITH_KNOTS('',2,(#13396,#13397,#13398),
 .UNSPECIFIED.,.F.,.F.,(3,3),(0.,1.),.PIECEWISE_BEZIER_KNOTS.);
#653=B_SPLINE_CURVE_WITH_KNOTS('',2,(#13427,#13428,#13429),
 .UNSPECIFIED.,.F.,.F.,(3,3),(0.,1.),.PIECEWISE_BEZIER_KNOTS.);
#654=B_SPLINE_CURVE_WITH_KNOTS('',2,(#13455,#13456,#13457),
 .UNSPECIFIED.,.F.,.F.,(3,3),(0.,1.),.PIECEWISE_BEZIER_KNOTS.);
#655=B_SPLINE_CURVE_WITH_KNOTS('',2,(#13486,#13487,#13488),
 .UNSPECIFIED.,.F.,.F.,(3,3),(0.,1.),.PIECEWISE_BEZIER_KNOTS.);
#656=B_SPLINE_CURVE_WITH_KNOTS('',2,(#13522,#13523,#13524),
 .UNSPECIFIED.,.F.,.F.,(3,3),(0.,1.),.PIECEWISE_BEZIER_KNOTS.);
#657=B_SPLINE_CURVE_WITH_KNOTS('',2,(#13535,#13536,#13537),
 .UNSPECIFIED.,.F.,.F.,(3,3),(0.,1.),.PIECEWISE_BEZIER_KNOTS.);
#658=B_SPLINE_CURVE_WITH_KNOTS('',2,(#13564,#13565,#13566),
 .UNSPECIFIED.,.F.,.F.,(3,3),(0.,1.),.PIECEWISE_BEZIER_KNOTS.);
#659=B_SPLINE_CURVE_WITH_KNOTS('',2,(#13577,#13578,#13579),
 .UNSPECIFIED.,.F.,.F.,(3,3),(0.,1.),.PIECEWISE_BEZIER_KNOTS.);
#660=B_SPLINE_CURVE_WITH_KNOTS('',2,(#13588,#13589,#13590),
 .UNSPECIFIED.,.F.,.F.,(3,3),(0.,1.),.PIECEWISE_BEZIER_KNOTS.);
#661=B_SPLINE_CURVE_WITH_KNOTS('',2,(#13632,#13633,#13634),
 .UNSPECIFIED.,.F.,.F.,(3,3),(0.,1.),.PIECEWISE_BEZIER_KNOTS.);
#662=B_SPLINE_CURVE_WITH_KNOTS('',2,(#13645,#13646,#13647),
 .UNSPECIFIED.,.F.,.F.,(3,3),(0.,1.),.PIECEWISE_BEZIER_KNOTS.);
#663=B_SPLINE_CURVE_WITH_KNOTS('',2,(#13666,#13667,#13668),
 .UNSPECIFIED.,.F.,.F.,(3,3),(0.,1.),.PIECEWISE_BEZIER_KNOTS.);
#664=B_SPLINE_CURVE_WITH_KNOTS('',2,(#13679,#13680,#13681),
 .UNSPECIFIED.,.F.,.F.,(3,3),(0.,1.),.PIECEWISE_BEZIER_KNOTS.);
#665=B_SPLINE_CURVE_WITH_KNOTS('',2,(#13692,#13693,#13694),
 .UNSPECIFIED.,.F.,.F.,(3,3),(0.,1.),.PIECEWISE_BEZIER_KNOTS.);
#666=B_SPLINE_CURVE_WITH_KNOTS('',2,(#13759,#13760,#13761),
 .UNSPECIFIED.,.F.,.F.,(3,3),(0.,1.),.PIECEWISE_BEZIER_KNOTS.);
#667=B_SPLINE_CURVE_WITH_KNOTS('',2,(#13790,#13791,#13792),
 .UNSPECIFIED.,.F.,.F.,(3,3),(0.,1.),.PIECEWISE_BEZIER_KNOTS.);
#668=B_SPLINE_CURVE_WITH_KNOTS('',2,(#13845,#13846,#13847),
 .UNSPECIFIED.,.F.,.F.,(3,3),(0.,1.),.PIECEWISE_BEZIER_KNOTS.);
#669=B_SPLINE_CURVE_WITH_KNOTS('',2,(#13880,#13881,#13882),
 .UNSPECIFIED.,.F.,.F.,(3,3),(0.,1.),.PIECEWISE_BEZIER_KNOTS.);
#670=B_SPLINE_CURVE_WITH_KNOTS('',2,(#13893,#13894,#13895),
 .UNSPECIFIED.,.F.,.F.,(3,3),(0.,1.),.PIECEWISE_BEZIER_KNOTS.);
#671=B_SPLINE_CURVE_WITH_KNOTS('',2,(#13922,#13923,#13924),
 .UNSPECIFIED.,.F.,.F.,(3,3),(0.,1.),.PIECEWISE_BEZIER_KNOTS.);
#672=B_SPLINE_CURVE_WITH_KNOTS('',2,(#13933,#13934,#13935),
 .UNSPECIFIED.,.F.,.F.,(3,3),(0.,1.),.PIECEWISE_BEZIER_KNOTS.);
#673=B_SPLINE_CURVE_WITH_KNOTS('',2,(#13986,#13987,#13988),
 .UNSPECIFIED.,.F.,.F.,(3,3),(0.,1.),.PIECEWISE_BEZIER_KNOTS.);
#674=B_SPLINE_CURVE_WITH_KNOTS('',2,(#13993,#13994,#13995),
 .UNSPECIFIED.,.F.,.F.,(3,3),(0.,1.),.PIECEWISE_BEZIER_KNOTS.);
#675=B_SPLINE_CURVE_WITH_KNOTS('',2,(#14012,#14013,#14014),
 .UNSPECIFIED.,.F.,.F.,(3,3),(0.,1.),.PIECEWISE_BEZIER_KNOTS.);
#676=B_SPLINE_CURVE_WITH_KNOTS('',2,(#14018,#14019,#14020),
 .UNSPECIFIED.,.F.,.F.,(3,3),(0.,1.),.PIECEWISE_BEZIER_KNOTS.);
#677=B_SPLINE_CURVE_WITH_KNOTS('',2,(#14029,#14030,#14031),
 .UNSPECIFIED.,.F.,.F.,(3,3),(0.,1.),.PIECEWISE_BEZIER_KNOTS.);
#678=B_SPLINE_CURVE_WITH_KNOTS('',2,(#14035,#14036,#14037),
 .UNSPECIFIED.,.F.,.F.,(3,3),(0.,1.),.PIECEWISE_BEZIER_KNOTS.);
#679=B_SPLINE_CURVE_WITH_KNOTS('',2,(#14046,#14047,#14048),
 .UNSPECIFIED.,.F.,.F.,(3,3),(0.,1.),.PIECEWISE_BEZIER_KNOTS.);
#680=B_SPLINE_CURVE_WITH_KNOTS('',2,(#14052,#14053,#14054),
 .UNSPECIFIED.,.F.,.F.,(3,3),(0.,1.),.PIECEWISE_BEZIER_KNOTS.);
#681=B_SPLINE_CURVE_WITH_KNOTS('',2,(#14069,#14070,#14071),
 .UNSPECIFIED.,.F.,.F.,(3,3),(0.,1.),.PIECEWISE_BEZIER_KNOTS.);
#682=B_SPLINE_CURVE_WITH_KNOTS('',2,(#14075,#14076,#14077),
 .UNSPECIFIED.,.F.,.F.,(3,3),(0.,1.),.PIECEWISE_BEZIER_KNOTS.);
#683=B_SPLINE_CURVE_WITH_KNOTS('',2,(#14088,#14089,#14090),
 .UNSPECIFIED.,.F.,.F.,(3,3),(0.,1.),.PIECEWISE_BEZIER_KNOTS.);
#684=B_SPLINE_CURVE_WITH_KNOTS('',2,(#14107,#14108,#14109),
 .UNSPECIFIED.,.F.,.F.,(3,3),(0.,1.),.PIECEWISE_BEZIER_KNOTS.);
#685=B_SPLINE_CURVE_WITH_KNOTS('',2,(#14120,#14121,#14122),
 .UNSPECIFIED.,.F.,.F.,(3,3),(0.,1.),.PIECEWISE_BEZIER_KNOTS.);
#686=B_SPLINE_CURVE_WITH_KNOTS('',2,(#14133,#14134,#14135),
 .UNSPECIFIED.,.F.,.F.,(3,3),(0.,1.),.PIECEWISE_BEZIER_KNOTS.);
#687=B_SPLINE_CURVE_WITH_KNOTS('',2,(#14150,#14151,#14152),
 .UNSPECIFIED.,.F.,.F.,(3,3),(0.,1.),.PIECEWISE_BEZIER_KNOTS.);
#688=B_SPLINE_CURVE_WITH_KNOTS('',2,(#14163,#14164,#14165),
 .UNSPECIFIED.,.F.,.F.,(3,3),(0.,1.),.PIECEWISE_BEZIER_KNOTS.);
#689=B_SPLINE_CURVE_WITH_KNOTS('',2,(#14176,#14177,#14178),
 .UNSPECIFIED.,.F.,.F.,(3,3),(0.,1.),.PIECEWISE_BEZIER_KNOTS.);
#690=B_SPLINE_CURVE_WITH_KNOTS('',2,(#14201,#14202,#14203),
 .UNSPECIFIED.,.F.,.F.,(3,3),(0.,1.),.PIECEWISE_BEZIER_KNOTS.);
#691=B_SPLINE_CURVE_WITH_KNOTS('',2,(#14214,#14215,#14216),
 .UNSPECIFIED.,.F.,.F.,(3,3),(0.,1.),.PIECEWISE_BEZIER_KNOTS.);
#692=B_SPLINE_CURVE_WITH_KNOTS('',2,(#14239,#14240,#14241),
 .UNSPECIFIED.,.F.,.F.,(3,3),(0.,1.),.PIECEWISE_BEZIER_KNOTS.);
#693=B_SPLINE_CURVE_WITH_KNOTS('',2,(#14250,#14251,#14252),
 .UNSPECIFIED.,.F.,.F.,(3,3),(0.,1.),.PIECEWISE_BEZIER_KNOTS.);
#694=B_SPLINE_CURVE_WITH_KNOTS('',2,(#14261,#14262,#14263),
 .UNSPECIFIED.,.F.,.F.,(3,3),(0.,1.),.PIECEWISE_BEZIER_KNOTS.);
#695=B_SPLINE_CURVE_WITH_KNOTS('',2,(#14264,#14265,#14266),
 .UNSPECIFIED.,.F.,.F.,(3,3),(0.,1.),.PIECEWISE_BEZIER_KNOTS.);
#696=B_SPLINE_CURVE_WITH_KNOTS('',2,(#14292,#14293,#14294),
 .UNSPECIFIED.,.F.,.F.,(3,3),(0.,1.),.PIECEWISE_BEZIER_KNOTS.);
#697=B_SPLINE_CURVE_WITH_KNOTS('',2,(#14323,#14324,#14325),
 .UNSPECIFIED.,.F.,.F.,(3,3),(0.,1.),.PIECEWISE_BEZIER_KNOTS.);
#698=B_SPLINE_CURVE_WITH_KNOTS('',2,(#14367,#14368,#14369),
 .UNSPECIFIED.,.F.,.F.,(3,3),(0.,1.),.PIECEWISE_BEZIER_KNOTS.);
#699=B_SPLINE_CURVE_WITH_KNOTS('',2,(#14380,#14381,#14382),
 .UNSPECIFIED.,.F.,.F.,(3,3),(0.,1.),.PIECEWISE_BEZIER_KNOTS.);
#700=B_SPLINE_CURVE_WITH_KNOTS('',2,(#14401,#14402,#14403),
 .UNSPECIFIED.,.F.,.F.,(3,3),(0.,1.),.PIECEWISE_BEZIER_KNOTS.);
#701=B_SPLINE_CURVE_WITH_KNOTS('',2,(#14414,#14415,#14416),
 .UNSPECIFIED.,.F.,.F.,(3,3),(0.,1.),.PIECEWISE_BEZIER_KNOTS.);
#702=B_SPLINE_CURVE_WITH_KNOTS('',2,(#14427,#14428,#14429),
 .UNSPECIFIED.,.F.,.F.,(3,3),(0.,1.),.PIECEWISE_BEZIER_KNOTS.);
#703=B_SPLINE_CURVE_WITH_KNOTS('',2,(#14455,#14456,#14457),
 .UNSPECIFIED.,.F.,.F.,(3,3),(0.,1.),.PIECEWISE_BEZIER_KNOTS.);
#704=B_SPLINE_CURVE_WITH_KNOTS('',2,(#14490,#14491,#14492),
 .UNSPECIFIED.,.F.,.F.,(3,3),(0.,1.),.PIECEWISE_BEZIER_KNOTS.);
#705=B_SPLINE_CURVE_WITH_KNOTS('',2,(#14503,#14504,#14505),
 .UNSPECIFIED.,.F.,.F.,(3,3),(0.,1.),.PIECEWISE_BEZIER_KNOTS.);
#706=B_SPLINE_CURVE_WITH_KNOTS('',2,(#14532,#14533,#14534),
 .UNSPECIFIED.,.F.,.F.,(3,3),(0.,1.),.PIECEWISE_BEZIER_KNOTS.);
#707=B_SPLINE_CURVE_WITH_KNOTS('',2,(#14543,#14544,#14545),
 .UNSPECIFIED.,.F.,.F.,(3,3),(0.,1.),.PIECEWISE_BEZIER_KNOTS.);
#708=ORIENTED_EDGE('',*,*,#3128,.T.);
#709=ORIENTED_EDGE('',*,*,#3129,.T.);
#710=ORIENTED_EDGE('',*,*,#3130,.T.);
#711=ORIENTED_EDGE('',*,*,#3131,.T.);
#712=ORIENTED_EDGE('',*,*,#3132,.T.);
#713=ORIENTED_EDGE('',*,*,#3133,.T.);
#714=ORIENTED_EDGE('',*,*,#3134,.T.);
#715=ORIENTED_EDGE('',*,*,#3135,.T.);
#716=ORIENTED_EDGE('',*,*,#3136,.T.);
#717=ORIENTED_EDGE('',*,*,#3137,.T.);
#718=ORIENTED_EDGE('',*,*,#3138,.T.);
#719=ORIENTED_EDGE('',*,*,#3139,.T.);
#720=ORIENTED_EDGE('',*,*,#3140,.T.);
#721=ORIENTED_EDGE('',*,*,#3141,.T.);
#722=ORIENTED_EDGE('',*,*,#3142,.T.);
#723=ORIENTED_EDGE('',*,*,#3143,.T.);
#724=ORIENTED_EDGE('',*,*,#3144,.T.);
#725=ORIENTED_EDGE('',*,*,#3145,.T.);
#726=ORIENTED_EDGE('',*,*,#3146,.T.);
#727=ORIENTED_EDGE('',*,*,#3147,.T.);
#728=ORIENTED_EDGE('',*,*,#3148,.T.);
#729=ORIENTED_EDGE('',*,*,#3149,.T.);
#730=ORIENTED_EDGE('',*,*,#3150,.T.);
#731=ORIENTED_EDGE('',*,*,#3151,.T.);
#732=ORIENTED_EDGE('',*,*,#3152,.T.);
#733=ORIENTED_EDGE('',*,*,#3153,.T.);
#734=ORIENTED_EDGE('',*,*,#3154,.T.);
#735=ORIENTED_EDGE('',*,*,#3155,.T.);
#736=ORIENTED_EDGE('',*,*,#3156,.T.);
#737=ORIENTED_EDGE('',*,*,#3157,.T.);
#738=ORIENTED_EDGE('',*,*,#3158,.T.);
#739=ORIENTED_EDGE('',*,*,#3159,.T.);
#740=ORIENTED_EDGE('',*,*,#3160,.T.);
#741=ORIENTED_EDGE('',*,*,#3161,.T.);
#742=ORIENTED_EDGE('',*,*,#3162,.T.);
#743=ORIENTED_EDGE('',*,*,#3163,.T.);
#744=ORIENTED_EDGE('',*,*,#3164,.T.);
#745=ORIENTED_EDGE('',*,*,#3165,.T.);
#746=ORIENTED_EDGE('',*,*,#3166,.T.);
#747=ORIENTED_EDGE('',*,*,#3167,.T.);
#748=ORIENTED_EDGE('',*,*,#3168,.T.);
#749=ORIENTED_EDGE('',*,*,#3169,.T.);
#750=ORIENTED_EDGE('',*,*,#3170,.T.);
#751=ORIENTED_EDGE('',*,*,#3171,.T.);
#752=ORIENTED_EDGE('',*,*,#3172,.T.);
#753=ORIENTED_EDGE('',*,*,#3173,.T.);
#754=ORIENTED_EDGE('',*,*,#3174,.T.);
#755=ORIENTED_EDGE('',*,*,#3175,.T.);
#756=ORIENTED_EDGE('',*,*,#3176,.T.);
#757=ORIENTED_EDGE('',*,*,#3177,.T.);
#758=ORIENTED_EDGE('',*,*,#3178,.T.);
#759=ORIENTED_EDGE('',*,*,#3179,.T.);
#760=ORIENTED_EDGE('',*,*,#3180,.T.);
#761=ORIENTED_EDGE('',*,*,#3181,.T.);
#762=ORIENTED_EDGE('',*,*,#3182,.T.);
#763=ORIENTED_EDGE('',*,*,#3183,.T.);
#764=ORIENTED_EDGE('',*,*,#3184,.T.);
#765=ORIENTED_EDGE('',*,*,#3185,.T.);
#766=ORIENTED_EDGE('',*,*,#3186,.T.);
#767=ORIENTED_EDGE('',*,*,#3187,.T.);
#768=ORIENTED_EDGE('',*,*,#3188,.T.);
#769=ORIENTED_EDGE('',*,*,#3189,.T.);
#770=ORIENTED_EDGE('',*,*,#3190,.T.);
#771=ORIENTED_EDGE('',*,*,#3191,.T.);
#772=ORIENTED_EDGE('',*,*,#3192,.T.);
#773=ORIENTED_EDGE('',*,*,#3193,.T.);
#774=ORIENTED_EDGE('',*,*,#3194,.T.);
#775=ORIENTED_EDGE('',*,*,#3195,.T.);
#776=ORIENTED_EDGE('',*,*,#3196,.T.);
#777=ORIENTED_EDGE('',*,*,#3197,.T.);
#778=ORIENTED_EDGE('',*,*,#3198,.T.);
#779=ORIENTED_EDGE('',*,*,#3199,.T.);
#780=ORIENTED_EDGE('',*,*,#3200,.T.);
#781=ORIENTED_EDGE('',*,*,#3201,.T.);
#782=ORIENTED_EDGE('',*,*,#3202,.T.);
#783=ORIENTED_EDGE('',*,*,#3203,.T.);
#784=ORIENTED_EDGE('',*,*,#3204,.T.);
#785=ORIENTED_EDGE('',*,*,#3205,.T.);
#786=ORIENTED_EDGE('',*,*,#3206,.T.);
#787=ORIENTED_EDGE('',*,*,#3207,.T.);
#788=ORIENTED_EDGE('',*,*,#3208,.T.);
#789=ORIENTED_EDGE('',*,*,#3209,.T.);
#790=ORIENTED_EDGE('',*,*,#3210,.T.);
#791=ORIENTED_EDGE('',*,*,#3211,.T.);
#792=ORIENTED_EDGE('',*,*,#3212,.T.);
#793=ORIENTED_EDGE('',*,*,#3213,.T.);
#794=ORIENTED_EDGE('',*,*,#3214,.T.);
#795=ORIENTED_EDGE('',*,*,#3215,.T.);
#796=ORIENTED_EDGE('',*,*,#3216,.T.);
#797=ORIENTED_EDGE('',*,*,#3217,.T.);
#798=ORIENTED_EDGE('',*,*,#3218,.T.);
#799=ORIENTED_EDGE('',*,*,#3219,.T.);
#800=ORIENTED_EDGE('',*,*,#3220,.T.);
#801=ORIENTED_EDGE('',*,*,#3221,.T.);
#802=ORIENTED_EDGE('',*,*,#3222,.T.);
#803=ORIENTED_EDGE('',*,*,#3223,.T.);
#804=ORIENTED_EDGE('',*,*,#3224,.T.);
#805=ORIENTED_EDGE('',*,*,#3225,.T.);
#806=ORIENTED_EDGE('',*,*,#3226,.T.);
#807=ORIENTED_EDGE('',*,*,#3227,.T.);
#808=ORIENTED_EDGE('',*,*,#3228,.T.);
#809=ORIENTED_EDGE('',*,*,#3229,.T.);
#810=ORIENTED_EDGE('',*,*,#3230,.T.);
#811=ORIENTED_EDGE('',*,*,#3231,.T.);
#812=ORIENTED_EDGE('',*,*,#3232,.T.);
#813=ORIENTED_EDGE('',*,*,#3233,.T.);
#814=ORIENTED_EDGE('',*,*,#3234,.T.);
#815=ORIENTED_EDGE('',*,*,#3235,.T.);
#816=ORIENTED_EDGE('',*,*,#3236,.T.);
#817=ORIENTED_EDGE('',*,*,#3237,.T.);
#818=ORIENTED_EDGE('',*,*,#3238,.T.);
#819=ORIENTED_EDGE('',*,*,#3239,.T.);
#820=ORIENTED_EDGE('',*,*,#3240,.T.);
#821=ORIENTED_EDGE('',*,*,#3241,.T.);
#822=ORIENTED_EDGE('',*,*,#3242,.T.);
#823=ORIENTED_EDGE('',*,*,#3243,.T.);
#824=ORIENTED_EDGE('',*,*,#3244,.T.);
#825=ORIENTED_EDGE('',*,*,#3245,.T.);
#826=ORIENTED_EDGE('',*,*,#3246,.T.);
#827=ORIENTED_EDGE('',*,*,#3247,.T.);
#828=ORIENTED_EDGE('',*,*,#3248,.T.);
#829=ORIENTED_EDGE('',*,*,#3249,.T.);
#830=ORIENTED_EDGE('',*,*,#3250,.T.);
#831=ORIENTED_EDGE('',*,*,#3251,.T.);
#832=ORIENTED_EDGE('',*,*,#3252,.T.);
#833=ORIENTED_EDGE('',*,*,#3253,.T.);
#834=ORIENTED_EDGE('',*,*,#3254,.T.);
#835=ORIENTED_EDGE('',*,*,#3255,.T.);
#836=ORIENTED_EDGE('',*,*,#3256,.T.);
#837=ORIENTED_EDGE('',*,*,#3257,.T.);
#838=ORIENTED_EDGE('',*,*,#3258,.T.);
#839=ORIENTED_EDGE('',*,*,#3259,.T.);
#840=ORIENTED_EDGE('',*,*,#3260,.T.);
#841=ORIENTED_EDGE('',*,*,#3261,.T.);
#842=ORIENTED_EDGE('',*,*,#3262,.T.);
#843=ORIENTED_EDGE('',*,*,#3263,.T.);
#844=ORIENTED_EDGE('',*,*,#3264,.T.);
#845=ORIENTED_EDGE('',*,*,#3265,.T.);
#846=ORIENTED_EDGE('',*,*,#3266,.T.);
#847=ORIENTED_EDGE('',*,*,#3267,.T.);
#848=ORIENTED_EDGE('',*,*,#3268,.T.);
#849=ORIENTED_EDGE('',*,*,#3269,.T.);
#850=ORIENTED_EDGE('',*,*,#3270,.T.);
#851=ORIENTED_EDGE('',*,*,#3271,.T.);
#852=ORIENTED_EDGE('',*,*,#3272,.T.);
#853=ORIENTED_EDGE('',*,*,#3273,.T.);
#854=ORIENTED_EDGE('',*,*,#3274,.T.);
#855=ORIENTED_EDGE('',*,*,#3275,.T.);
#856=ORIENTED_EDGE('',*,*,#3276,.T.);
#857=ORIENTED_EDGE('',*,*,#3277,.T.);
#858=ORIENTED_EDGE('',*,*,#3278,.T.);
#859=ORIENTED_EDGE('',*,*,#3279,.T.);
#860=ORIENTED_EDGE('',*,*,#3280,.T.);
#861=ORIENTED_EDGE('',*,*,#3281,.T.);
#862=ORIENTED_EDGE('',*,*,#3282,.T.);
#863=ORIENTED_EDGE('',*,*,#3283,.T.);
#864=ORIENTED_EDGE('',*,*,#3284,.T.);
#865=ORIENTED_EDGE('',*,*,#3285,.T.);
#866=ORIENTED_EDGE('',*,*,#3286,.T.);
#867=ORIENTED_EDGE('',*,*,#3287,.T.);
#868=ORIENTED_EDGE('',*,*,#3288,.T.);
#869=ORIENTED_EDGE('',*,*,#3289,.T.);
#870=ORIENTED_EDGE('',*,*,#3290,.T.);
#871=ORIENTED_EDGE('',*,*,#3291,.T.);
#872=ORIENTED_EDGE('',*,*,#3292,.T.);
#873=ORIENTED_EDGE('',*,*,#3293,.T.);
#874=ORIENTED_EDGE('',*,*,#3294,.T.);
#875=ORIENTED_EDGE('',*,*,#3295,.T.);
#876=ORIENTED_EDGE('',*,*,#3296,.T.);
#877=ORIENTED_EDGE('',*,*,#3297,.T.);
#878=ORIENTED_EDGE('',*,*,#3298,.T.);
#879=ORIENTED_EDGE('',*,*,#3299,.T.);
#880=ORIENTED_EDGE('',*,*,#3300,.T.);
#881=ORIENTED_EDGE('',*,*,#3301,.T.);
#882=ORIENTED_EDGE('',*,*,#3302,.T.);
#883=ORIENTED_EDGE('',*,*,#3303,.T.);
#884=ORIENTED_EDGE('',*,*,#3304,.T.);
#885=ORIENTED_EDGE('',*,*,#3305,.T.);
#886=ORIENTED_EDGE('',*,*,#3306,.T.);
#887=ORIENTED_EDGE('',*,*,#3307,.T.);
#888=ORIENTED_EDGE('',*,*,#3308,.T.);
#889=ORIENTED_EDGE('',*,*,#3309,.T.);
#890=ORIENTED_EDGE('',*,*,#3310,.T.);
#891=ORIENTED_EDGE('',*,*,#3311,.T.);
#892=ORIENTED_EDGE('',*,*,#3312,.T.);
#893=ORIENTED_EDGE('',*,*,#3313,.T.);
#894=ORIENTED_EDGE('',*,*,#3314,.T.);
#895=ORIENTED_EDGE('',*,*,#3315,.T.);
#896=ORIENTED_EDGE('',*,*,#3316,.T.);
#897=ORIENTED_EDGE('',*,*,#3317,.T.);
#898=ORIENTED_EDGE('',*,*,#3318,.T.);
#899=ORIENTED_EDGE('',*,*,#3319,.T.);
#900=ORIENTED_EDGE('',*,*,#3320,.T.);
#901=ORIENTED_EDGE('',*,*,#3321,.T.);
#902=ORIENTED_EDGE('',*,*,#3322,.T.);
#903=ORIENTED_EDGE('',*,*,#3323,.T.);
#904=ORIENTED_EDGE('',*,*,#3324,.T.);
#905=ORIENTED_EDGE('',*,*,#3325,.T.);
#906=ORIENTED_EDGE('',*,*,#3326,.T.);
#907=ORIENTED_EDGE('',*,*,#3327,.T.);
#908=ORIENTED_EDGE('',*,*,#3328,.T.);
#909=ORIENTED_EDGE('',*,*,#3329,.T.);
#910=ORIENTED_EDGE('',*,*,#3330,.T.);
#911=ORIENTED_EDGE('',*,*,#3331,.F.);
#912=ORIENTED_EDGE('',*,*,#3332,.F.);
#913=ORIENTED_EDGE('',*,*,#3333,.F.);
#914=ORIENTED_EDGE('',*,*,#3334,.F.);
#915=ORIENTED_EDGE('',*,*,#3335,.F.);
#916=ORIENTED_EDGE('',*,*,#3336,.F.);
#917=ORIENTED_EDGE('',*,*,#3337,.F.);
#918=ORIENTED_EDGE('',*,*,#3338,.T.);
#919=ORIENTED_EDGE('',*,*,#3339,.T.);
#920=ORIENTED_EDGE('',*,*,#3340,.T.);
#921=ORIENTED_EDGE('',*,*,#3341,.F.);
#922=ORIENTED_EDGE('',*,*,#3342,.T.);
#923=ORIENTED_EDGE('',*,*,#3343,.T.);
#924=ORIENTED_EDGE('',*,*,#3344,.T.);
#925=ORIENTED_EDGE('',*,*,#3345,.T.);
#926=ORIENTED_EDGE('',*,*,#3346,.T.);
#927=ORIENTED_EDGE('',*,*,#3347,.T.);
#928=ORIENTED_EDGE('',*,*,#3348,.T.);
#929=ORIENTED_EDGE('',*,*,#3349,.T.);
#930=ORIENTED_EDGE('',*,*,#3350,.T.);
#931=ORIENTED_EDGE('',*,*,#3351,.T.);
#932=ORIENTED_EDGE('',*,*,#3352,.T.);
#933=ORIENTED_EDGE('',*,*,#3353,.T.);
#934=ORIENTED_EDGE('',*,*,#3354,.T.);
#935=ORIENTED_EDGE('',*,*,#3355,.T.);
#936=ORIENTED_EDGE('',*,*,#3356,.T.);
#937=ORIENTED_EDGE('',*,*,#3357,.T.);
#938=ORIENTED_EDGE('',*,*,#3358,.T.);
#939=ORIENTED_EDGE('',*,*,#3359,.T.);
#940=ORIENTED_EDGE('',*,*,#3360,.T.);
#941=ORIENTED_EDGE('',*,*,#3361,.T.);
#942=ORIENTED_EDGE('',*,*,#3362,.T.);
#943=ORIENTED_EDGE('',*,*,#3363,.T.);
#944=ORIENTED_EDGE('',*,*,#3364,.T.);
#945=ORIENTED_EDGE('',*,*,#3365,.T.);
#946=ORIENTED_EDGE('',*,*,#3366,.T.);
#947=ORIENTED_EDGE('',*,*,#3367,.T.);
#948=ORIENTED_EDGE('',*,*,#3368,.T.);
#949=ORIENTED_EDGE('',*,*,#3369,.T.);
#950=ORIENTED_EDGE('',*,*,#3370,.T.);
#951=ORIENTED_EDGE('',*,*,#3371,.T.);
#952=ORIENTED_EDGE('',*,*,#3372,.T.);
#953=ORIENTED_EDGE('',*,*,#3373,.T.);
#954=ORIENTED_EDGE('',*,*,#3374,.T.);
#955=ORIENTED_EDGE('',*,*,#3375,.T.);
#956=ORIENTED_EDGE('',*,*,#3376,.T.);
#957=ORIENTED_EDGE('',*,*,#3377,.T.);
#958=ORIENTED_EDGE('',*,*,#3378,.T.);
#959=ORIENTED_EDGE('',*,*,#3379,.T.);
#960=ORIENTED_EDGE('',*,*,#3380,.T.);
#961=ORIENTED_EDGE('',*,*,#3381,.T.);
#962=ORIENTED_EDGE('',*,*,#3382,.T.);
#963=ORIENTED_EDGE('',*,*,#3383,.T.);
#964=ORIENTED_EDGE('',*,*,#3384,.T.);
#965=ORIENTED_EDGE('',*,*,#3385,.T.);
#966=ORIENTED_EDGE('',*,*,#3386,.T.);
#967=ORIENTED_EDGE('',*,*,#3387,.T.);
#968=ORIENTED_EDGE('',*,*,#3388,.T.);
#969=ORIENTED_EDGE('',*,*,#3389,.T.);
#970=ORIENTED_EDGE('',*,*,#3390,.T.);
#971=ORIENTED_EDGE('',*,*,#3391,.T.);
#972=ORIENTED_EDGE('',*,*,#3392,.T.);
#973=ORIENTED_EDGE('',*,*,#3393,.T.);
#974=ORIENTED_EDGE('',*,*,#3394,.T.);
#975=ORIENTED_EDGE('',*,*,#3395,.T.);
#976=ORIENTED_EDGE('',*,*,#3396,.T.);
#977=ORIENTED_EDGE('',*,*,#3397,.T.);
#978=ORIENTED_EDGE('',*,*,#3398,.T.);
#979=ORIENTED_EDGE('',*,*,#3399,.T.);
#980=ORIENTED_EDGE('',*,*,#3400,.T.);
#981=ORIENTED_EDGE('',*,*,#3401,.T.);
#982=ORIENTED_EDGE('',*,*,#3402,.T.);
#983=ORIENTED_EDGE('',*,*,#3403,.T.);
#984=ORIENTED_EDGE('',*,*,#3404,.T.);
#985=ORIENTED_EDGE('',*,*,#3405,.T.);
#986=ORIENTED_EDGE('',*,*,#3406,.T.);
#987=ORIENTED_EDGE('',*,*,#3407,.T.);
#988=ORIENTED_EDGE('',*,*,#3408,.T.);
#989=ORIENTED_EDGE('',*,*,#3409,.T.);
#990=ORIENTED_EDGE('',*,*,#3410,.T.);
#991=ORIENTED_EDGE('',*,*,#3411,.T.);
#992=ORIENTED_EDGE('',*,*,#3412,.T.);
#993=ORIENTED_EDGE('',*,*,#3413,.T.);
#994=ORIENTED_EDGE('',*,*,#3414,.T.);
#995=ORIENTED_EDGE('',*,*,#3415,.T.);
#996=ORIENTED_EDGE('',*,*,#3416,.T.);
#997=ORIENTED_EDGE('',*,*,#3417,.T.);
#998=ORIENTED_EDGE('',*,*,#3418,.T.);
#999=ORIENTED_EDGE('',*,*,#3419,.T.);
#1000=ORIENTED_EDGE('',*,*,#3420,.T.);
#1001=ORIENTED_EDGE('',*,*,#3421,.T.);
#1002=ORIENTED_EDGE('',*,*,#3422,.T.);
#1003=ORIENTED_EDGE('',*,*,#3423,.T.);
#1004=ORIENTED_EDGE('',*,*,#3424,.T.);
#1005=ORIENTED_EDGE('',*,*,#3425,.T.);
#1006=ORIENTED_EDGE('',*,*,#3426,.T.);
#1007=ORIENTED_EDGE('',*,*,#3427,.T.);
#1008=ORIENTED_EDGE('',*,*,#3428,.T.);
#1009=ORIENTED_EDGE('',*,*,#3429,.T.);
#1010=ORIENTED_EDGE('',*,*,#3430,.T.);
#1011=ORIENTED_EDGE('',*,*,#3431,.T.);
#1012=ORIENTED_EDGE('',*,*,#3432,.T.);
#1013=ORIENTED_EDGE('',*,*,#3433,.T.);
#1014=ORIENTED_EDGE('',*,*,#3434,.T.);
#1015=ORIENTED_EDGE('',*,*,#3435,.T.);
#1016=ORIENTED_EDGE('',*,*,#3436,.T.);
#1017=ORIENTED_EDGE('',*,*,#3437,.T.);
#1018=ORIENTED_EDGE('',*,*,#3438,.T.);
#1019=ORIENTED_EDGE('',*,*,#3439,.T.);
#1020=ORIENTED_EDGE('',*,*,#3440,.T.);
#1021=ORIENTED_EDGE('',*,*,#3441,.T.);
#1022=ORIENTED_EDGE('',*,*,#3442,.T.);
#1023=ORIENTED_EDGE('',*,*,#3443,.T.);
#1024=ORIENTED_EDGE('',*,*,#3444,.T.);
#1025=ORIENTED_EDGE('',*,*,#3445,.T.);
#1026=ORIENTED_EDGE('',*,*,#3446,.T.);
#1027=ORIENTED_EDGE('',*,*,#3447,.T.);
#1028=ORIENTED_EDGE('',*,*,#3448,.T.);
#1029=ORIENTED_EDGE('',*,*,#3449,.T.);
#1030=ORIENTED_EDGE('',*,*,#3450,.T.);
#1031=ORIENTED_EDGE('',*,*,#3451,.T.);
#1032=ORIENTED_EDGE('',*,*,#3452,.T.);
#1033=ORIENTED_EDGE('',*,*,#3453,.T.);
#1034=ORIENTED_EDGE('',*,*,#3454,.T.);
#1035=ORIENTED_EDGE('',*,*,#3455,.T.);
#1036=ORIENTED_EDGE('',*,*,#3456,.T.);
#1037=ORIENTED_EDGE('',*,*,#3457,.T.);
#1038=ORIENTED_EDGE('',*,*,#3458,.T.);
#1039=ORIENTED_EDGE('',*,*,#3459,.T.);
#1040=ORIENTED_EDGE('',*,*,#3460,.T.);
#1041=ORIENTED_EDGE('',*,*,#3461,.T.);
#1042=ORIENTED_EDGE('',*,*,#3462,.F.);
#1043=ORIENTED_EDGE('',*,*,#3463,.T.);
#1044=ORIENTED_EDGE('',*,*,#3464,.T.);
#1045=ORIENTED_EDGE('',*,*,#3465,.F.);
#1046=ORIENTED_EDGE('',*,*,#3466,.F.);
#1047=ORIENTED_EDGE('',*,*,#3467,.T.);
#1048=ORIENTED_EDGE('',*,*,#3468,.F.);
#1049=ORIENTED_EDGE('',*,*,#3339,.F.);
#1050=ORIENTED_EDGE('',*,*,#3469,.T.);
#1051=ORIENTED_EDGE('',*,*,#3470,.F.);
#1052=ORIENTED_EDGE('',*,*,#3340,.F.);
#1053=ORIENTED_EDGE('',*,*,#3468,.T.);
#1054=ORIENTED_EDGE('',*,*,#3471,.F.);
#1055=ORIENTED_EDGE('',*,*,#3472,.F.);
#1056=ORIENTED_EDGE('',*,*,#3341,.T.);
#1057=ORIENTED_EDGE('',*,*,#3470,.T.);
#1058=ORIENTED_EDGE('',*,*,#3472,.T.);
#1059=ORIENTED_EDGE('',*,*,#3473,.F.);
#1060=ORIENTED_EDGE('',*,*,#3474,.F.);
#1061=ORIENTED_EDGE('',*,*,#3336,.T.);
#1062=ORIENTED_EDGE('',*,*,#3475,.T.);
#1063=ORIENTED_EDGE('',*,*,#3476,.T.);
#1064=ORIENTED_EDGE('',*,*,#3477,.T.);
#1065=ORIENTED_EDGE('',*,*,#3478,.T.);
#1066=ORIENTED_EDGE('',*,*,#3479,.T.);
#1067=ORIENTED_EDGE('',*,*,#3480,.T.);
#1068=ORIENTED_EDGE('',*,*,#3473,.T.);
#1069=ORIENTED_EDGE('',*,*,#3471,.T.);
#1070=ORIENTED_EDGE('',*,*,#3469,.F.);
#1071=ORIENTED_EDGE('',*,*,#3467,.F.);
#1072=ORIENTED_EDGE('',*,*,#3481,.F.);
#1073=ORIENTED_EDGE('',*,*,#3481,.T.);
#1074=ORIENTED_EDGE('',*,*,#3466,.T.);
#1075=ORIENTED_EDGE('',*,*,#3338,.F.);
#1076=ORIENTED_EDGE('',*,*,#3482,.T.);
#1077=ORIENTED_EDGE('',*,*,#3480,.F.);
#1078=ORIENTED_EDGE('',*,*,#3482,.F.);
#1079=ORIENTED_EDGE('',*,*,#3337,.T.);
#1080=ORIENTED_EDGE('',*,*,#3474,.T.);
#1081=ORIENTED_EDGE('',*,*,#3335,.T.);
#1082=ORIENTED_EDGE('',*,*,#3479,.F.);
#1083=ORIENTED_EDGE('',*,*,#3334,.T.);
#1084=ORIENTED_EDGE('',*,*,#3478,.F.);
#1085=ORIENTED_EDGE('',*,*,#3333,.T.);
#1086=ORIENTED_EDGE('',*,*,#3477,.F.);
#1087=ORIENTED_EDGE('',*,*,#3332,.T.);
#1088=ORIENTED_EDGE('',*,*,#3476,.F.);
#1089=ORIENTED_EDGE('',*,*,#3331,.T.);
#1090=ORIENTED_EDGE('',*,*,#3475,.F.);
#1091=ORIENTED_EDGE('',*,*,#3343,.F.);
#1092=ORIENTED_EDGE('',*,*,#3483,.F.);
#1093=ORIENTED_EDGE('',*,*,#3484,.T.);
#1094=ORIENTED_EDGE('',*,*,#3485,.T.);
#1095=ORIENTED_EDGE('',*,*,#3342,.F.);
#1096=ORIENTED_EDGE('',*,*,#3486,.F.);
#1097=ORIENTED_EDGE('',*,*,#3487,.T.);
#1098=ORIENTED_EDGE('',*,*,#3483,.T.);
#1099=ORIENTED_EDGE('',*,*,#3356,.F.);
#1100=ORIENTED_EDGE('',*,*,#3488,.F.);
#1101=ORIENTED_EDGE('',*,*,#3489,.T.);
#1102=ORIENTED_EDGE('',*,*,#3486,.T.);
#1103=ORIENTED_EDGE('',*,*,#3355,.F.);
#1104=ORIENTED_EDGE('',*,*,#3490,.F.);
#1105=ORIENTED_EDGE('',*,*,#3491,.T.);
#1106=ORIENTED_EDGE('',*,*,#3488,.T.);
#1107=ORIENTED_EDGE('',*,*,#3354,.F.);
#1108=ORIENTED_EDGE('',*,*,#3492,.F.);
#1109=ORIENTED_EDGE('',*,*,#3493,.T.);
#1110=ORIENTED_EDGE('',*,*,#3490,.T.);
#1111=ORIENTED_EDGE('',*,*,#3353,.F.);
#1112=ORIENTED_EDGE('',*,*,#3494,.F.);
#1113=ORIENTED_EDGE('',*,*,#3495,.T.);
#1114=ORIENTED_EDGE('',*,*,#3492,.T.);
#1115=ORIENTED_EDGE('',*,*,#3352,.F.);
#1116=ORIENTED_EDGE('',*,*,#3496,.F.);
#1117=ORIENTED_EDGE('',*,*,#3497,.T.);
#1118=ORIENTED_EDGE('',*,*,#3494,.T.);
#1119=ORIENTED_EDGE('',*,*,#3351,.F.);
#1120=ORIENTED_EDGE('',*,*,#3498,.F.);
#1121=ORIENTED_EDGE('',*,*,#3499,.T.);
#1122=ORIENTED_EDGE('',*,*,#3496,.T.);
#1123=ORIENTED_EDGE('',*,*,#3350,.F.);
#1124=ORIENTED_EDGE('',*,*,#3500,.F.);
#1125=ORIENTED_EDGE('',*,*,#3501,.T.);
#1126=ORIENTED_EDGE('',*,*,#3498,.T.);
#1127=ORIENTED_EDGE('',*,*,#3349,.F.);
#1128=ORIENTED_EDGE('',*,*,#3502,.F.);
#1129=ORIENTED_EDGE('',*,*,#3503,.T.);
#1130=ORIENTED_EDGE('',*,*,#3500,.T.);
#1131=ORIENTED_EDGE('',*,*,#3348,.F.);
#1132=ORIENTED_EDGE('',*,*,#3504,.F.);
#1133=ORIENTED_EDGE('',*,*,#3505,.T.);
#1134=ORIENTED_EDGE('',*,*,#3502,.T.);
#1135=ORIENTED_EDGE('',*,*,#3347,.F.);
#1136=ORIENTED_EDGE('',*,*,#3506,.F.);
#1137=ORIENTED_EDGE('',*,*,#3507,.T.);
#1138=ORIENTED_EDGE('',*,*,#3504,.T.);
#1139=ORIENTED_EDGE('',*,*,#3346,.F.);
#1140=ORIENTED_EDGE('',*,*,#3508,.F.);
#1141=ORIENTED_EDGE('',*,*,#3509,.T.);
#1142=ORIENTED_EDGE('',*,*,#3506,.T.);
#1143=ORIENTED_EDGE('',*,*,#3345,.F.);
#1144=ORIENTED_EDGE('',*,*,#3510,.F.);
#1145=ORIENTED_EDGE('',*,*,#3511,.T.);
#1146=ORIENTED_EDGE('',*,*,#3508,.T.);
#1147=ORIENTED_EDGE('',*,*,#3344,.F.);
#1148=ORIENTED_EDGE('',*,*,#3485,.F.);
#1149=ORIENTED_EDGE('',*,*,#3512,.T.);
#1150=ORIENTED_EDGE('',*,*,#3510,.T.);
#1151=ORIENTED_EDGE('',*,*,#3484,.F.);
#1152=ORIENTED_EDGE('',*,*,#3487,.F.);
#1153=ORIENTED_EDGE('',*,*,#3489,.F.);
#1154=ORIENTED_EDGE('',*,*,#3491,.F.);
#1155=ORIENTED_EDGE('',*,*,#3493,.F.);
#1156=ORIENTED_EDGE('',*,*,#3495,.F.);
#1157=ORIENTED_EDGE('',*,*,#3497,.F.);
#1158=ORIENTED_EDGE('',*,*,#3499,.F.);
#1159=ORIENTED_EDGE('',*,*,#3501,.F.);
#1160=ORIENTED_EDGE('',*,*,#3503,.F.);
#1161=ORIENTED_EDGE('',*,*,#3505,.F.);
#1162=ORIENTED_EDGE('',*,*,#3507,.F.);
#1163=ORIENTED_EDGE('',*,*,#3509,.F.);
#1164=ORIENTED_EDGE('',*,*,#3511,.F.);
#1165=ORIENTED_EDGE('',*,*,#3512,.F.);
#1166=ORIENTED_EDGE('',*,*,#3513,.F.);
#1167=ORIENTED_EDGE('',*,*,#3514,.F.);
#1168=ORIENTED_EDGE('',*,*,#3515,.T.);
#1169=ORIENTED_EDGE('',*,*,#3516,.T.);
#1170=ORIENTED_EDGE('',*,*,#3517,.F.);
#1171=ORIENTED_EDGE('',*,*,#3518,.F.);
#1172=ORIENTED_EDGE('',*,*,#3519,.T.);
#1173=ORIENTED_EDGE('',*,*,#3514,.T.);
#1174=ORIENTED_EDGE('',*,*,#3520,.F.);
#1175=ORIENTED_EDGE('',*,*,#3521,.F.);
#1176=ORIENTED_EDGE('',*,*,#3522,.T.);
#1177=ORIENTED_EDGE('',*,*,#3518,.T.);
#1178=ORIENTED_EDGE('',*,*,#3523,.F.);
#1179=ORIENTED_EDGE('',*,*,#3524,.F.);
#1180=ORIENTED_EDGE('',*,*,#3525,.T.);
#1181=ORIENTED_EDGE('',*,*,#3521,.T.);
#1182=ORIENTED_EDGE('',*,*,#3526,.F.);
#1183=ORIENTED_EDGE('',*,*,#3527,.F.);
#1184=ORIENTED_EDGE('',*,*,#3528,.T.);
#1185=ORIENTED_EDGE('',*,*,#3524,.T.);
#1186=ORIENTED_EDGE('',*,*,#3529,.F.);
#1187=ORIENTED_EDGE('',*,*,#3530,.F.);
#1188=ORIENTED_EDGE('',*,*,#3531,.T.);
#1189=ORIENTED_EDGE('',*,*,#3527,.T.);
#1190=ORIENTED_EDGE('',*,*,#3315,.F.);
#1191=ORIENTED_EDGE('',*,*,#3532,.F.);
#1192=ORIENTED_EDGE('',*,*,#3533,.T.);
#1193=ORIENTED_EDGE('',*,*,#3534,.T.);
#1194=ORIENTED_EDGE('',*,*,#3314,.F.);
#1195=ORIENTED_EDGE('',*,*,#3535,.F.);
#1196=ORIENTED_EDGE('',*,*,#3536,.T.);
#1197=ORIENTED_EDGE('',*,*,#3532,.T.);
#1198=ORIENTED_EDGE('',*,*,#3330,.F.);
#1199=ORIENTED_EDGE('',*,*,#3537,.F.);
#1200=ORIENTED_EDGE('',*,*,#3538,.T.);
#1201=ORIENTED_EDGE('',*,*,#3535,.T.);
#1202=ORIENTED_EDGE('',*,*,#3329,.F.);
#1203=ORIENTED_EDGE('',*,*,#3539,.F.);
#1204=ORIENTED_EDGE('',*,*,#3540,.T.);
#1205=ORIENTED_EDGE('',*,*,#3537,.T.);
#1206=ORIENTED_EDGE('',*,*,#3328,.F.);
#1207=ORIENTED_EDGE('',*,*,#3541,.F.);
#1208=ORIENTED_EDGE('',*,*,#3542,.T.);
#1209=ORIENTED_EDGE('',*,*,#3539,.T.);
#1210=ORIENTED_EDGE('',*,*,#3327,.F.);
#1211=ORIENTED_EDGE('',*,*,#3543,.F.);
#1212=ORIENTED_EDGE('',*,*,#3544,.T.);
#1213=ORIENTED_EDGE('',*,*,#3541,.T.);
#1214=ORIENTED_EDGE('',*,*,#3326,.F.);
#1215=ORIENTED_EDGE('',*,*,#3545,.F.);
#1216=ORIENTED_EDGE('',*,*,#3546,.T.);
#1217=ORIENTED_EDGE('',*,*,#3543,.T.);
#1218=ORIENTED_EDGE('',*,*,#3325,.F.);
#1219=ORIENTED_EDGE('',*,*,#3547,.F.);
#1220=ORIENTED_EDGE('',*,*,#3548,.T.);
#1221=ORIENTED_EDGE('',*,*,#3545,.T.);
#1222=ORIENTED_EDGE('',*,*,#3324,.F.);
#1223=ORIENTED_EDGE('',*,*,#3549,.F.);
#1224=ORIENTED_EDGE('',*,*,#3550,.T.);
#1225=ORIENTED_EDGE('',*,*,#3547,.T.);
#1226=ORIENTED_EDGE('',*,*,#3323,.F.);
#1227=ORIENTED_EDGE('',*,*,#3551,.F.);
#1228=ORIENTED_EDGE('',*,*,#3552,.T.);
#1229=ORIENTED_EDGE('',*,*,#3549,.T.);
#1230=ORIENTED_EDGE('',*,*,#3322,.F.);
#1231=ORIENTED_EDGE('',*,*,#3553,.F.);
#1232=ORIENTED_EDGE('',*,*,#3554,.T.);
#1233=ORIENTED_EDGE('',*,*,#3551,.T.);
#1234=ORIENTED_EDGE('',*,*,#3321,.F.);
#1235=ORIENTED_EDGE('',*,*,#3555,.F.);
#1236=ORIENTED_EDGE('',*,*,#3556,.T.);
#1237=ORIENTED_EDGE('',*,*,#3553,.T.);
#1238=ORIENTED_EDGE('',*,*,#3320,.F.);
#1239=ORIENTED_EDGE('',*,*,#3557,.F.);
#1240=ORIENTED_EDGE('',*,*,#3558,.T.);
#1241=ORIENTED_EDGE('',*,*,#3555,.T.);
#1242=ORIENTED_EDGE('',*,*,#3319,.F.);
#1243=ORIENTED_EDGE('',*,*,#3559,.F.);
#1244=ORIENTED_EDGE('',*,*,#3560,.T.);
#1245=ORIENTED_EDGE('',*,*,#3557,.T.);
#1246=ORIENTED_EDGE('',*,*,#3318,.F.);
#1247=ORIENTED_EDGE('',*,*,#3561,.F.);
#1248=ORIENTED_EDGE('',*,*,#3562,.T.);
#1249=ORIENTED_EDGE('',*,*,#3559,.T.);
#1250=ORIENTED_EDGE('',*,*,#3317,.F.);
#1251=ORIENTED_EDGE('',*,*,#3563,.F.);
#1252=ORIENTED_EDGE('',*,*,#3564,.T.);
#1253=ORIENTED_EDGE('',*,*,#3561,.T.);
#1254=ORIENTED_EDGE('',*,*,#3316,.F.);
#1255=ORIENTED_EDGE('',*,*,#3534,.F.);
#1256=ORIENTED_EDGE('',*,*,#3565,.T.);
#1257=ORIENTED_EDGE('',*,*,#3563,.T.);
#1258=ORIENTED_EDGE('',*,*,#3566,.F.);
#1259=ORIENTED_EDGE('',*,*,#3516,.F.);
#1260=ORIENTED_EDGE('',*,*,#3567,.T.);
#1261=ORIENTED_EDGE('',*,*,#3530,.T.);
#1262=ORIENTED_EDGE('',*,*,#3533,.F.);
#1263=ORIENTED_EDGE('',*,*,#3536,.F.);
#1264=ORIENTED_EDGE('',*,*,#3538,.F.);
#1265=ORIENTED_EDGE('',*,*,#3540,.F.);
#1266=ORIENTED_EDGE('',*,*,#3542,.F.);
#1267=ORIENTED_EDGE('',*,*,#3544,.F.);
#1268=ORIENTED_EDGE('',*,*,#3546,.F.);
#1269=ORIENTED_EDGE('',*,*,#3548,.F.);
#1270=ORIENTED_EDGE('',*,*,#3550,.F.);
#1271=ORIENTED_EDGE('',*,*,#3552,.F.);
#1272=ORIENTED_EDGE('',*,*,#3554,.F.);
#1273=ORIENTED_EDGE('',*,*,#3556,.F.);
#1274=ORIENTED_EDGE('',*,*,#3558,.F.);
#1275=ORIENTED_EDGE('',*,*,#3560,.F.);
#1276=ORIENTED_EDGE('',*,*,#3562,.F.);
#1277=ORIENTED_EDGE('',*,*,#3564,.F.);
#1278=ORIENTED_EDGE('',*,*,#3565,.F.);
#1279=ORIENTED_EDGE('',*,*,#3515,.F.);
#1280=ORIENTED_EDGE('',*,*,#3519,.F.);
#1281=ORIENTED_EDGE('',*,*,#3522,.F.);
#1282=ORIENTED_EDGE('',*,*,#3525,.F.);
#1283=ORIENTED_EDGE('',*,*,#3528,.F.);
#1284=ORIENTED_EDGE('',*,*,#3531,.F.);
#1285=ORIENTED_EDGE('',*,*,#3567,.F.);
#1286=ORIENTED_EDGE('',*,*,#3568,.F.);
#1287=ORIENTED_EDGE('',*,*,#3569,.F.);
#1288=ORIENTED_EDGE('',*,*,#3570,.T.);
#1289=ORIENTED_EDGE('',*,*,#3571,.T.);
#1290=ORIENTED_EDGE('',*,*,#3572,.F.);
#1291=ORIENTED_EDGE('',*,*,#3573,.F.);
#1292=ORIENTED_EDGE('',*,*,#3574,.T.);
#1293=ORIENTED_EDGE('',*,*,#3569,.T.);
#1294=ORIENTED_EDGE('',*,*,#3575,.F.);
#1295=ORIENTED_EDGE('',*,*,#3576,.F.);
#1296=ORIENTED_EDGE('',*,*,#3577,.T.);
#1297=ORIENTED_EDGE('',*,*,#3573,.T.);
#1298=ORIENTED_EDGE('',*,*,#3578,.F.);
#1299=ORIENTED_EDGE('',*,*,#3579,.F.);
#1300=ORIENTED_EDGE('',*,*,#3580,.T.);
#1301=ORIENTED_EDGE('',*,*,#3576,.T.);
#1302=ORIENTED_EDGE('',*,*,#3581,.F.);
#1303=ORIENTED_EDGE('',*,*,#3582,.F.);
#1304=ORIENTED_EDGE('',*,*,#3583,.T.);
#1305=ORIENTED_EDGE('',*,*,#3579,.T.);
#1306=ORIENTED_EDGE('',*,*,#3584,.F.);
#1307=ORIENTED_EDGE('',*,*,#3585,.F.);
#1308=ORIENTED_EDGE('',*,*,#3586,.T.);
#1309=ORIENTED_EDGE('',*,*,#3582,.T.);
#1310=ORIENTED_EDGE('',*,*,#3587,.F.);
#1311=ORIENTED_EDGE('',*,*,#3588,.F.);
#1312=ORIENTED_EDGE('',*,*,#3589,.T.);
#1313=ORIENTED_EDGE('',*,*,#3585,.T.);
#1314=ORIENTED_EDGE('',*,*,#3358,.F.);
#1315=ORIENTED_EDGE('',*,*,#3590,.F.);
#1316=ORIENTED_EDGE('',*,*,#3591,.T.);
#1317=ORIENTED_EDGE('',*,*,#3592,.T.);
#1318=ORIENTED_EDGE('',*,*,#3357,.F.);
#1319=ORIENTED_EDGE('',*,*,#3593,.F.);
#1320=ORIENTED_EDGE('',*,*,#3594,.T.);
#1321=ORIENTED_EDGE('',*,*,#3590,.T.);
#1322=ORIENTED_EDGE('',*,*,#3366,.F.);
#1323=ORIENTED_EDGE('',*,*,#3595,.F.);
#1324=ORIENTED_EDGE('',*,*,#3596,.T.);
#1325=ORIENTED_EDGE('',*,*,#3593,.T.);
#1326=ORIENTED_EDGE('',*,*,#3365,.F.);
#1327=ORIENTED_EDGE('',*,*,#3597,.F.);
#1328=ORIENTED_EDGE('',*,*,#3598,.T.);
#1329=ORIENTED_EDGE('',*,*,#3595,.T.);
#1330=ORIENTED_EDGE('',*,*,#3364,.F.);
#1331=ORIENTED_EDGE('',*,*,#3599,.F.);
#1332=ORIENTED_EDGE('',*,*,#3600,.T.);
#1333=ORIENTED_EDGE('',*,*,#3597,.T.);
#1334=ORIENTED_EDGE('',*,*,#3363,.F.);
#1335=ORIENTED_EDGE('',*,*,#3601,.F.);
#1336=ORIENTED_EDGE('',*,*,#3602,.T.);
#1337=ORIENTED_EDGE('',*,*,#3599,.T.);
#1338=ORIENTED_EDGE('',*,*,#3362,.F.);
#1339=ORIENTED_EDGE('',*,*,#3603,.F.);
#1340=ORIENTED_EDGE('',*,*,#3604,.T.);
#1341=ORIENTED_EDGE('',*,*,#3601,.T.);
#1342=ORIENTED_EDGE('',*,*,#3361,.F.);
#1343=ORIENTED_EDGE('',*,*,#3605,.F.);
#1344=ORIENTED_EDGE('',*,*,#3606,.T.);
#1345=ORIENTED_EDGE('',*,*,#3603,.T.);
#1346=ORIENTED_EDGE('',*,*,#3360,.F.);
#1347=ORIENTED_EDGE('',*,*,#3607,.F.);
#1348=ORIENTED_EDGE('',*,*,#3608,.T.);
#1349=ORIENTED_EDGE('',*,*,#3605,.T.);
#1350=ORIENTED_EDGE('',*,*,#3359,.F.);
#1351=ORIENTED_EDGE('',*,*,#3592,.F.);
#1352=ORIENTED_EDGE('',*,*,#3609,.T.);
#1353=ORIENTED_EDGE('',*,*,#3607,.T.);
#1354=ORIENTED_EDGE('',*,*,#3610,.F.);
#1355=ORIENTED_EDGE('',*,*,#3571,.F.);
#1356=ORIENTED_EDGE('',*,*,#3611,.T.);
#1357=ORIENTED_EDGE('',*,*,#3588,.T.);
#1358=ORIENTED_EDGE('',*,*,#3591,.F.);
#1359=ORIENTED_EDGE('',*,*,#3594,.F.);
#1360=ORIENTED_EDGE('',*,*,#3596,.F.);
#1361=ORIENTED_EDGE('',*,*,#3598,.F.);
#1362=ORIENTED_EDGE('',*,*,#3600,.F.);
#1363=ORIENTED_EDGE('',*,*,#3602,.F.);
#1364=ORIENTED_EDGE('',*,*,#3604,.F.);
#1365=ORIENTED_EDGE('',*,*,#3606,.F.);
#1366=ORIENTED_EDGE('',*,*,#3608,.F.);
#1367=ORIENTED_EDGE('',*,*,#3609,.F.);
#1368=ORIENTED_EDGE('',*,*,#3570,.F.);
#1369=ORIENTED_EDGE('',*,*,#3574,.F.);
#1370=ORIENTED_EDGE('',*,*,#3577,.F.);
#1371=ORIENTED_EDGE('',*,*,#3580,.F.);
#1372=ORIENTED_EDGE('',*,*,#3583,.F.);
#1373=ORIENTED_EDGE('',*,*,#3586,.F.);
#1374=ORIENTED_EDGE('',*,*,#3589,.F.);
#1375=ORIENTED_EDGE('',*,*,#3611,.F.);
#1376=ORIENTED_EDGE('',*,*,#3612,.F.);
#1377=ORIENTED_EDGE('',*,*,#3613,.F.);
#1378=ORIENTED_EDGE('',*,*,#3614,.T.);
#1379=ORIENTED_EDGE('',*,*,#3615,.T.);
#1380=ORIENTED_EDGE('',*,*,#3616,.F.);
#1381=ORIENTED_EDGE('',*,*,#3617,.F.);
#1382=ORIENTED_EDGE('',*,*,#3618,.T.);
#1383=ORIENTED_EDGE('',*,*,#3613,.T.);
#1384=ORIENTED_EDGE('',*,*,#3619,.F.);
#1385=ORIENTED_EDGE('',*,*,#3620,.F.);
#1386=ORIENTED_EDGE('',*,*,#3621,.T.);
#1387=ORIENTED_EDGE('',*,*,#3617,.T.);
#1388=ORIENTED_EDGE('',*,*,#3622,.F.);
#1389=ORIENTED_EDGE('',*,*,#3623,.F.);
#1390=ORIENTED_EDGE('',*,*,#3624,.T.);
#1391=ORIENTED_EDGE('',*,*,#3620,.T.);
#1392=ORIENTED_EDGE('',*,*,#3625,.F.);
#1393=ORIENTED_EDGE('',*,*,#3626,.F.);
#1394=ORIENTED_EDGE('',*,*,#3627,.T.);
#1395=ORIENTED_EDGE('',*,*,#3623,.T.);
#1396=ORIENTED_EDGE('',*,*,#3628,.F.);
#1397=ORIENTED_EDGE('',*,*,#3629,.F.);
#1398=ORIENTED_EDGE('',*,*,#3630,.T.);
#1399=ORIENTED_EDGE('',*,*,#3626,.T.);
#1400=ORIENTED_EDGE('',*,*,#3298,.F.);
#1401=ORIENTED_EDGE('',*,*,#3631,.F.);
#1402=ORIENTED_EDGE('',*,*,#3632,.T.);
#1403=ORIENTED_EDGE('',*,*,#3633,.T.);
#1404=ORIENTED_EDGE('',*,*,#3297,.F.);
#1405=ORIENTED_EDGE('',*,*,#3634,.F.);
#1406=ORIENTED_EDGE('',*,*,#3635,.T.);
#1407=ORIENTED_EDGE('',*,*,#3631,.T.);
#1408=ORIENTED_EDGE('',*,*,#3313,.F.);
#1409=ORIENTED_EDGE('',*,*,#3636,.F.);
#1410=ORIENTED_EDGE('',*,*,#3637,.T.);
#1411=ORIENTED_EDGE('',*,*,#3634,.T.);
#1412=ORIENTED_EDGE('',*,*,#3312,.F.);
#1413=ORIENTED_EDGE('',*,*,#3638,.F.);
#1414=ORIENTED_EDGE('',*,*,#3639,.T.);
#1415=ORIENTED_EDGE('',*,*,#3636,.T.);
#1416=ORIENTED_EDGE('',*,*,#3311,.F.);
#1417=ORIENTED_EDGE('',*,*,#3640,.F.);
#1418=ORIENTED_EDGE('',*,*,#3641,.T.);
#1419=ORIENTED_EDGE('',*,*,#3638,.T.);
#1420=ORIENTED_EDGE('',*,*,#3310,.F.);
#1421=ORIENTED_EDGE('',*,*,#3642,.F.);
#1422=ORIENTED_EDGE('',*,*,#3643,.T.);
#1423=ORIENTED_EDGE('',*,*,#3640,.T.);
#1424=ORIENTED_EDGE('',*,*,#3309,.F.);
#1425=ORIENTED_EDGE('',*,*,#3644,.F.);
#1426=ORIENTED_EDGE('',*,*,#3645,.T.);
#1427=ORIENTED_EDGE('',*,*,#3642,.T.);
#1428=ORIENTED_EDGE('',*,*,#3308,.F.);
#1429=ORIENTED_EDGE('',*,*,#3646,.F.);
#1430=ORIENTED_EDGE('',*,*,#3647,.T.);
#1431=ORIENTED_EDGE('',*,*,#3644,.T.);
#1432=ORIENTED_EDGE('',*,*,#3307,.F.);
#1433=ORIENTED_EDGE('',*,*,#3648,.F.);
#1434=ORIENTED_EDGE('',*,*,#3649,.T.);
#1435=ORIENTED_EDGE('',*,*,#3646,.T.);
#1436=ORIENTED_EDGE('',*,*,#3306,.F.);
#1437=ORIENTED_EDGE('',*,*,#3650,.F.);
#1438=ORIENTED_EDGE('',*,*,#3651,.T.);
#1439=ORIENTED_EDGE('',*,*,#3648,.T.);
#1440=ORIENTED_EDGE('',*,*,#3305,.F.);
#1441=ORIENTED_EDGE('',*,*,#3652,.F.);
#1442=ORIENTED_EDGE('',*,*,#3653,.T.);
#1443=ORIENTED_EDGE('',*,*,#3650,.T.);
#1444=ORIENTED_EDGE('',*,*,#3304,.F.);
#1445=ORIENTED_EDGE('',*,*,#3654,.F.);
#1446=ORIENTED_EDGE('',*,*,#3655,.T.);
#1447=ORIENTED_EDGE('',*,*,#3652,.T.);
#1448=ORIENTED_EDGE('',*,*,#3303,.F.);
#1449=ORIENTED_EDGE('',*,*,#3656,.F.);
#1450=ORIENTED_EDGE('',*,*,#3657,.T.);
#1451=ORIENTED_EDGE('',*,*,#3654,.T.);
#1452=ORIENTED_EDGE('',*,*,#3302,.F.);
#1453=ORIENTED_EDGE('',*,*,#3658,.F.);
#1454=ORIENTED_EDGE('',*,*,#3659,.T.);
#1455=ORIENTED_EDGE('',*,*,#3656,.T.);
#1456=ORIENTED_EDGE('',*,*,#3301,.F.);
#1457=ORIENTED_EDGE('',*,*,#3660,.F.);
#1458=ORIENTED_EDGE('',*,*,#3661,.T.);
#1459=ORIENTED_EDGE('',*,*,#3658,.T.);
#1460=ORIENTED_EDGE('',*,*,#3300,.F.);
#1461=ORIENTED_EDGE('',*,*,#3662,.F.);
#1462=ORIENTED_EDGE('',*,*,#3663,.T.);
#1463=ORIENTED_EDGE('',*,*,#3660,.T.);
#1464=ORIENTED_EDGE('',*,*,#3299,.F.);
#1465=ORIENTED_EDGE('',*,*,#3633,.F.);
#1466=ORIENTED_EDGE('',*,*,#3664,.T.);
#1467=ORIENTED_EDGE('',*,*,#3662,.T.);
#1468=ORIENTED_EDGE('',*,*,#3665,.F.);
#1469=ORIENTED_EDGE('',*,*,#3615,.F.);
#1470=ORIENTED_EDGE('',*,*,#3666,.T.);
#1471=ORIENTED_EDGE('',*,*,#3629,.T.);
#1472=ORIENTED_EDGE('',*,*,#3632,.F.);
#1473=ORIENTED_EDGE('',*,*,#3635,.F.);
#1474=ORIENTED_EDGE('',*,*,#3637,.F.);
#1475=ORIENTED_EDGE('',*,*,#3639,.F.);
#1476=ORIENTED_EDGE('',*,*,#3641,.F.);
#1477=ORIENTED_EDGE('',*,*,#3643,.F.);
#1478=ORIENTED_EDGE('',*,*,#3645,.F.);
#1479=ORIENTED_EDGE('',*,*,#3647,.F.);
#1480=ORIENTED_EDGE('',*,*,#3649,.F.);
#1481=ORIENTED_EDGE('',*,*,#3651,.F.);
#1482=ORIENTED_EDGE('',*,*,#3653,.F.);
#1483=ORIENTED_EDGE('',*,*,#3655,.F.);
#1484=ORIENTED_EDGE('',*,*,#3657,.F.);
#1485=ORIENTED_EDGE('',*,*,#3659,.F.);
#1486=ORIENTED_EDGE('',*,*,#3661,.F.);
#1487=ORIENTED_EDGE('',*,*,#3663,.F.);
#1488=ORIENTED_EDGE('',*,*,#3664,.F.);
#1489=ORIENTED_EDGE('',*,*,#3614,.F.);
#1490=ORIENTED_EDGE('',*,*,#3618,.F.);
#1491=ORIENTED_EDGE('',*,*,#3621,.F.);
#1492=ORIENTED_EDGE('',*,*,#3624,.F.);
#1493=ORIENTED_EDGE('',*,*,#3627,.F.);
#1494=ORIENTED_EDGE('',*,*,#3630,.F.);
#1495=ORIENTED_EDGE('',*,*,#3666,.F.);
#1496=ORIENTED_EDGE('',*,*,#3667,.F.);
#1497=ORIENTED_EDGE('',*,*,#3668,.F.);
#1498=ORIENTED_EDGE('',*,*,#3669,.T.);
#1499=ORIENTED_EDGE('',*,*,#3670,.T.);
#1500=ORIENTED_EDGE('',*,*,#3671,.F.);
#1501=ORIENTED_EDGE('',*,*,#3672,.F.);
#1502=ORIENTED_EDGE('',*,*,#3673,.T.);
#1503=ORIENTED_EDGE('',*,*,#3668,.T.);
#1504=ORIENTED_EDGE('',*,*,#3674,.F.);
#1505=ORIENTED_EDGE('',*,*,#3675,.F.);
#1506=ORIENTED_EDGE('',*,*,#3676,.T.);
#1507=ORIENTED_EDGE('',*,*,#3672,.T.);
#1508=ORIENTED_EDGE('',*,*,#3677,.F.);
#1509=ORIENTED_EDGE('',*,*,#3678,.F.);
#1510=ORIENTED_EDGE('',*,*,#3679,.T.);
#1511=ORIENTED_EDGE('',*,*,#3675,.T.);
#1512=ORIENTED_EDGE('',*,*,#3680,.F.);
#1513=ORIENTED_EDGE('',*,*,#3681,.F.);
#1514=ORIENTED_EDGE('',*,*,#3682,.T.);
#1515=ORIENTED_EDGE('',*,*,#3678,.T.);
#1516=ORIENTED_EDGE('',*,*,#3683,.F.);
#1517=ORIENTED_EDGE('',*,*,#3684,.F.);
#1518=ORIENTED_EDGE('',*,*,#3685,.T.);
#1519=ORIENTED_EDGE('',*,*,#3681,.T.);
#1520=ORIENTED_EDGE('',*,*,#3368,.F.);
#1521=ORIENTED_EDGE('',*,*,#3686,.F.);
#1522=ORIENTED_EDGE('',*,*,#3687,.T.);
#1523=ORIENTED_EDGE('',*,*,#3688,.T.);
#1524=ORIENTED_EDGE('',*,*,#3367,.F.);
#1525=ORIENTED_EDGE('',*,*,#3689,.F.);
#1526=ORIENTED_EDGE('',*,*,#3690,.T.);
#1527=ORIENTED_EDGE('',*,*,#3686,.T.);
#1528=ORIENTED_EDGE('',*,*,#3383,.F.);
#1529=ORIENTED_EDGE('',*,*,#3691,.F.);
#1530=ORIENTED_EDGE('',*,*,#3692,.T.);
#1531=ORIENTED_EDGE('',*,*,#3689,.T.);
#1532=ORIENTED_EDGE('',*,*,#3382,.F.);
#1533=ORIENTED_EDGE('',*,*,#3693,.F.);
#1534=ORIENTED_EDGE('',*,*,#3694,.T.);
#1535=ORIENTED_EDGE('',*,*,#3691,.T.);
#1536=ORIENTED_EDGE('',*,*,#3381,.F.);
#1537=ORIENTED_EDGE('',*,*,#3695,.F.);
#1538=ORIENTED_EDGE('',*,*,#3696,.T.);
#1539=ORIENTED_EDGE('',*,*,#3693,.T.);
#1540=ORIENTED_EDGE('',*,*,#3380,.F.);
#1541=ORIENTED_EDGE('',*,*,#3697,.F.);
#1542=ORIENTED_EDGE('',*,*,#3698,.T.);
#1543=ORIENTED_EDGE('',*,*,#3695,.T.);
#1544=ORIENTED_EDGE('',*,*,#3379,.F.);
#1545=ORIENTED_EDGE('',*,*,#3699,.F.);
#1546=ORIENTED_EDGE('',*,*,#3700,.T.);
#1547=ORIENTED_EDGE('',*,*,#3697,.T.);
#1548=ORIENTED_EDGE('',*,*,#3378,.F.);
#1549=ORIENTED_EDGE('',*,*,#3701,.F.);
#1550=ORIENTED_EDGE('',*,*,#3702,.T.);
#1551=ORIENTED_EDGE('',*,*,#3699,.T.);
#1552=ORIENTED_EDGE('',*,*,#3377,.F.);
#1553=ORIENTED_EDGE('',*,*,#3703,.F.);
#1554=ORIENTED_EDGE('',*,*,#3704,.T.);
#1555=ORIENTED_EDGE('',*,*,#3701,.T.);
#1556=ORIENTED_EDGE('',*,*,#3376,.F.);
#1557=ORIENTED_EDGE('',*,*,#3705,.F.);
#1558=ORIENTED_EDGE('',*,*,#3706,.T.);
#1559=ORIENTED_EDGE('',*,*,#3703,.T.);
#1560=ORIENTED_EDGE('',*,*,#3375,.F.);
#1561=ORIENTED_EDGE('',*,*,#3707,.F.);
#1562=ORIENTED_EDGE('',*,*,#3708,.T.);
#1563=ORIENTED_EDGE('',*,*,#3705,.T.);
#1564=ORIENTED_EDGE('',*,*,#3374,.F.);
#1565=ORIENTED_EDGE('',*,*,#3709,.F.);
#1566=ORIENTED_EDGE('',*,*,#3710,.T.);
#1567=ORIENTED_EDGE('',*,*,#3707,.T.);
#1568=ORIENTED_EDGE('',*,*,#3373,.F.);
#1569=ORIENTED_EDGE('',*,*,#3711,.F.);
#1570=ORIENTED_EDGE('',*,*,#3712,.T.);
#1571=ORIENTED_EDGE('',*,*,#3709,.T.);
#1572=ORIENTED_EDGE('',*,*,#3372,.F.);
#1573=ORIENTED_EDGE('',*,*,#3713,.F.);
#1574=ORIENTED_EDGE('',*,*,#3714,.T.);
#1575=ORIENTED_EDGE('',*,*,#3711,.T.);
#1576=ORIENTED_EDGE('',*,*,#3371,.F.);
#1577=ORIENTED_EDGE('',*,*,#3715,.F.);
#1578=ORIENTED_EDGE('',*,*,#3716,.T.);
#1579=ORIENTED_EDGE('',*,*,#3713,.T.);
#1580=ORIENTED_EDGE('',*,*,#3370,.F.);
#1581=ORIENTED_EDGE('',*,*,#3717,.F.);
#1582=ORIENTED_EDGE('',*,*,#3718,.T.);
#1583=ORIENTED_EDGE('',*,*,#3715,.T.);
#1584=ORIENTED_EDGE('',*,*,#3369,.F.);
#1585=ORIENTED_EDGE('',*,*,#3688,.F.);
#1586=ORIENTED_EDGE('',*,*,#3719,.T.);
#1587=ORIENTED_EDGE('',*,*,#3717,.T.);
#1588=ORIENTED_EDGE('',*,*,#3720,.F.);
#1589=ORIENTED_EDGE('',*,*,#3670,.F.);
#1590=ORIENTED_EDGE('',*,*,#3721,.T.);
#1591=ORIENTED_EDGE('',*,*,#3684,.T.);
#1592=ORIENTED_EDGE('',*,*,#3687,.F.);
#1593=ORIENTED_EDGE('',*,*,#3690,.F.);
#1594=ORIENTED_EDGE('',*,*,#3692,.F.);
#1595=ORIENTED_EDGE('',*,*,#3694,.F.);
#1596=ORIENTED_EDGE('',*,*,#3696,.F.);
#1597=ORIENTED_EDGE('',*,*,#3698,.F.);
#1598=ORIENTED_EDGE('',*,*,#3700,.F.);
#1599=ORIENTED_EDGE('',*,*,#3702,.F.);
#1600=ORIENTED_EDGE('',*,*,#3704,.F.);
#1601=ORIENTED_EDGE('',*,*,#3706,.F.);
#1602=ORIENTED_EDGE('',*,*,#3708,.F.);
#1603=ORIENTED_EDGE('',*,*,#3710,.F.);
#1604=ORIENTED_EDGE('',*,*,#3712,.F.);
#1605=ORIENTED_EDGE('',*,*,#3714,.F.);
#1606=ORIENTED_EDGE('',*,*,#3716,.F.);
#1607=ORIENTED_EDGE('',*,*,#3718,.F.);
#1608=ORIENTED_EDGE('',*,*,#3719,.F.);
#1609=ORIENTED_EDGE('',*,*,#3669,.F.);
#1610=ORIENTED_EDGE('',*,*,#3673,.F.);
#1611=ORIENTED_EDGE('',*,*,#3676,.F.);
#1612=ORIENTED_EDGE('',*,*,#3679,.F.);
#1613=ORIENTED_EDGE('',*,*,#3682,.F.);
#1614=ORIENTED_EDGE('',*,*,#3685,.F.);
#1615=ORIENTED_EDGE('',*,*,#3721,.F.);
#1616=ORIENTED_EDGE('',*,*,#3722,.F.);
#1617=ORIENTED_EDGE('',*,*,#3723,.F.);
#1618=ORIENTED_EDGE('',*,*,#3724,.T.);
#1619=ORIENTED_EDGE('',*,*,#3725,.T.);
#1620=ORIENTED_EDGE('',*,*,#3726,.F.);
#1621=ORIENTED_EDGE('',*,*,#3727,.F.);
#1622=ORIENTED_EDGE('',*,*,#3728,.T.);
#1623=ORIENTED_EDGE('',*,*,#3723,.T.);
#1624=ORIENTED_EDGE('',*,*,#3729,.F.);
#1625=ORIENTED_EDGE('',*,*,#3730,.F.);
#1626=ORIENTED_EDGE('',*,*,#3731,.T.);
#1627=ORIENTED_EDGE('',*,*,#3727,.T.);
#1628=ORIENTED_EDGE('',*,*,#3732,.F.);
#1629=ORIENTED_EDGE('',*,*,#3733,.F.);
#1630=ORIENTED_EDGE('',*,*,#3734,.T.);
#1631=ORIENTED_EDGE('',*,*,#3730,.T.);
#1632=ORIENTED_EDGE('',*,*,#3735,.F.);
#1633=ORIENTED_EDGE('',*,*,#3736,.F.);
#1634=ORIENTED_EDGE('',*,*,#3737,.T.);
#1635=ORIENTED_EDGE('',*,*,#3733,.T.);
#1636=ORIENTED_EDGE('',*,*,#3738,.F.);
#1637=ORIENTED_EDGE('',*,*,#3739,.F.);
#1638=ORIENTED_EDGE('',*,*,#3740,.T.);
#1639=ORIENTED_EDGE('',*,*,#3736,.T.);
#1640=ORIENTED_EDGE('',*,*,#3741,.F.);
#1641=ORIENTED_EDGE('',*,*,#3742,.F.);
#1642=ORIENTED_EDGE('',*,*,#3743,.T.);
#1643=ORIENTED_EDGE('',*,*,#3739,.T.);
#1644=ORIENTED_EDGE('',*,*,#3744,.F.);
#1645=ORIENTED_EDGE('',*,*,#3745,.F.);
#1646=ORIENTED_EDGE('',*,*,#3746,.T.);
#1647=ORIENTED_EDGE('',*,*,#3742,.T.);
#1648=ORIENTED_EDGE('',*,*,#3747,.F.);
#1649=ORIENTED_EDGE('',*,*,#3748,.F.);
#1650=ORIENTED_EDGE('',*,*,#3749,.T.);
#1651=ORIENTED_EDGE('',*,*,#3745,.T.);
#1652=ORIENTED_EDGE('',*,*,#3284,.F.);
#1653=ORIENTED_EDGE('',*,*,#3750,.F.);
#1654=ORIENTED_EDGE('',*,*,#3751,.T.);
#1655=ORIENTED_EDGE('',*,*,#3752,.T.);
#1656=ORIENTED_EDGE('',*,*,#3283,.F.);
#1657=ORIENTED_EDGE('',*,*,#3753,.F.);
#1658=ORIENTED_EDGE('',*,*,#3754,.T.);
#1659=ORIENTED_EDGE('',*,*,#3750,.T.);
#1660=ORIENTED_EDGE('',*,*,#3296,.F.);
#1661=ORIENTED_EDGE('',*,*,#3755,.F.);
#1662=ORIENTED_EDGE('',*,*,#3756,.T.);
#1663=ORIENTED_EDGE('',*,*,#3753,.T.);
#1664=ORIENTED_EDGE('',*,*,#3295,.F.);
#1665=ORIENTED_EDGE('',*,*,#3757,.F.);
#1666=ORIENTED_EDGE('',*,*,#3758,.T.);
#1667=ORIENTED_EDGE('',*,*,#3755,.T.);
#1668=ORIENTED_EDGE('',*,*,#3294,.F.);
#1669=ORIENTED_EDGE('',*,*,#3759,.F.);
#1670=ORIENTED_EDGE('',*,*,#3760,.T.);
#1671=ORIENTED_EDGE('',*,*,#3757,.T.);
#1672=ORIENTED_EDGE('',*,*,#3293,.F.);
#1673=ORIENTED_EDGE('',*,*,#3761,.F.);
#1674=ORIENTED_EDGE('',*,*,#3762,.T.);
#1675=ORIENTED_EDGE('',*,*,#3759,.T.);
#1676=ORIENTED_EDGE('',*,*,#3292,.F.);
#1677=ORIENTED_EDGE('',*,*,#3763,.F.);
#1678=ORIENTED_EDGE('',*,*,#3764,.T.);
#1679=ORIENTED_EDGE('',*,*,#3761,.T.);
#1680=ORIENTED_EDGE('',*,*,#3291,.F.);
#1681=ORIENTED_EDGE('',*,*,#3765,.F.);
#1682=ORIENTED_EDGE('',*,*,#3766,.T.);
#1683=ORIENTED_EDGE('',*,*,#3763,.T.);
#1684=ORIENTED_EDGE('',*,*,#3290,.F.);
#1685=ORIENTED_EDGE('',*,*,#3767,.F.);
#1686=ORIENTED_EDGE('',*,*,#3768,.T.);
#1687=ORIENTED_EDGE('',*,*,#3765,.T.);
#1688=ORIENTED_EDGE('',*,*,#3289,.F.);
#1689=ORIENTED_EDGE('',*,*,#3769,.F.);
#1690=ORIENTED_EDGE('',*,*,#3770,.T.);
#1691=ORIENTED_EDGE('',*,*,#3767,.T.);
#1692=ORIENTED_EDGE('',*,*,#3288,.F.);
#1693=ORIENTED_EDGE('',*,*,#3771,.F.);
#1694=ORIENTED_EDGE('',*,*,#3772,.T.);
#1695=ORIENTED_EDGE('',*,*,#3769,.T.);
#1696=ORIENTED_EDGE('',*,*,#3287,.F.);
#1697=ORIENTED_EDGE('',*,*,#3773,.F.);
#1698=ORIENTED_EDGE('',*,*,#3774,.T.);
#1699=ORIENTED_EDGE('',*,*,#3771,.T.);
#1700=ORIENTED_EDGE('',*,*,#3286,.F.);
#1701=ORIENTED_EDGE('',*,*,#3775,.F.);
#1702=ORIENTED_EDGE('',*,*,#3776,.T.);
#1703=ORIENTED_EDGE('',*,*,#3773,.T.);
#1704=ORIENTED_EDGE('',*,*,#3285,.F.);
#1705=ORIENTED_EDGE('',*,*,#3752,.F.);
#1706=ORIENTED_EDGE('',*,*,#3777,.T.);
#1707=ORIENTED_EDGE('',*,*,#3775,.T.);
#1708=ORIENTED_EDGE('',*,*,#3778,.F.);
#1709=ORIENTED_EDGE('',*,*,#3725,.F.);
#1710=ORIENTED_EDGE('',*,*,#3779,.T.);
#1711=ORIENTED_EDGE('',*,*,#3748,.T.);
#1712=ORIENTED_EDGE('',*,*,#3751,.F.);
#1713=ORIENTED_EDGE('',*,*,#3754,.F.);
#1714=ORIENTED_EDGE('',*,*,#3756,.F.);
#1715=ORIENTED_EDGE('',*,*,#3758,.F.);
#1716=ORIENTED_EDGE('',*,*,#3760,.F.);
#1717=ORIENTED_EDGE('',*,*,#3762,.F.);
#1718=ORIENTED_EDGE('',*,*,#3764,.F.);
#1719=ORIENTED_EDGE('',*,*,#3766,.F.);
#1720=ORIENTED_EDGE('',*,*,#3768,.F.);
#1721=ORIENTED_EDGE('',*,*,#3770,.F.);
#1722=ORIENTED_EDGE('',*,*,#3772,.F.);
#1723=ORIENTED_EDGE('',*,*,#3774,.F.);
#1724=ORIENTED_EDGE('',*,*,#3776,.F.);
#1725=ORIENTED_EDGE('',*,*,#3777,.F.);
#1726=ORIENTED_EDGE('',*,*,#3724,.F.);
#1727=ORIENTED_EDGE('',*,*,#3728,.F.);
#1728=ORIENTED_EDGE('',*,*,#3731,.F.);
#1729=ORIENTED_EDGE('',*,*,#3734,.F.);
#1730=ORIENTED_EDGE('',*,*,#3737,.F.);
#1731=ORIENTED_EDGE('',*,*,#3740,.F.);
#1732=ORIENTED_EDGE('',*,*,#3743,.F.);
#1733=ORIENTED_EDGE('',*,*,#3746,.F.);
#1734=ORIENTED_EDGE('',*,*,#3749,.F.);
#1735=ORIENTED_EDGE('',*,*,#3779,.F.);
#1736=ORIENTED_EDGE('',*,*,#3780,.F.);
#1737=ORIENTED_EDGE('',*,*,#3781,.F.);
#1738=ORIENTED_EDGE('',*,*,#3782,.T.);
#1739=ORIENTED_EDGE('',*,*,#3783,.T.);
#1740=ORIENTED_EDGE('',*,*,#3784,.F.);
#1741=ORIENTED_EDGE('',*,*,#3785,.F.);
#1742=ORIENTED_EDGE('',*,*,#3786,.T.);
#1743=ORIENTED_EDGE('',*,*,#3781,.T.);
#1744=ORIENTED_EDGE('',*,*,#3787,.F.);
#1745=ORIENTED_EDGE('',*,*,#3788,.F.);
#1746=ORIENTED_EDGE('',*,*,#3789,.T.);
#1747=ORIENTED_EDGE('',*,*,#3785,.T.);
#1748=ORIENTED_EDGE('',*,*,#3790,.F.);
#1749=ORIENTED_EDGE('',*,*,#3791,.F.);
#1750=ORIENTED_EDGE('',*,*,#3792,.T.);
#1751=ORIENTED_EDGE('',*,*,#3788,.T.);
#1752=ORIENTED_EDGE('',*,*,#3793,.F.);
#1753=ORIENTED_EDGE('',*,*,#3794,.F.);
#1754=ORIENTED_EDGE('',*,*,#3795,.T.);
#1755=ORIENTED_EDGE('',*,*,#3791,.T.);
#1756=ORIENTED_EDGE('',*,*,#3796,.F.);
#1757=ORIENTED_EDGE('',*,*,#3797,.F.);
#1758=ORIENTED_EDGE('',*,*,#3798,.T.);
#1759=ORIENTED_EDGE('',*,*,#3794,.T.);
#1760=ORIENTED_EDGE('',*,*,#3385,.F.);
#1761=ORIENTED_EDGE('',*,*,#3799,.F.);
#1762=ORIENTED_EDGE('',*,*,#3800,.T.);
#1763=ORIENTED_EDGE('',*,*,#3801,.T.);
#1764=ORIENTED_EDGE('',*,*,#3384,.F.);
#1765=ORIENTED_EDGE('',*,*,#3802,.F.);
#1766=ORIENTED_EDGE('',*,*,#3803,.T.);
#1767=ORIENTED_EDGE('',*,*,#3799,.T.);
#1768=ORIENTED_EDGE('',*,*,#3400,.F.);
#1769=ORIENTED_EDGE('',*,*,#3804,.F.);
#1770=ORIENTED_EDGE('',*,*,#3805,.T.);
#1771=ORIENTED_EDGE('',*,*,#3802,.T.);
#1772=ORIENTED_EDGE('',*,*,#3399,.F.);
#1773=ORIENTED_EDGE('',*,*,#3806,.F.);
#1774=ORIENTED_EDGE('',*,*,#3807,.T.);
#1775=ORIENTED_EDGE('',*,*,#3804,.T.);
#1776=ORIENTED_EDGE('',*,*,#3398,.F.);
#1777=ORIENTED_EDGE('',*,*,#3808,.F.);
#1778=ORIENTED_EDGE('',*,*,#3809,.T.);
#1779=ORIENTED_EDGE('',*,*,#3806,.T.);
#1780=ORIENTED_EDGE('',*,*,#3397,.F.);
#1781=ORIENTED_EDGE('',*,*,#3810,.F.);
#1782=ORIENTED_EDGE('',*,*,#3811,.T.);
#1783=ORIENTED_EDGE('',*,*,#3808,.T.);
#1784=ORIENTED_EDGE('',*,*,#3396,.F.);
#1785=ORIENTED_EDGE('',*,*,#3812,.F.);
#1786=ORIENTED_EDGE('',*,*,#3813,.T.);
#1787=ORIENTED_EDGE('',*,*,#3810,.T.);
#1788=ORIENTED_EDGE('',*,*,#3395,.F.);
#1789=ORIENTED_EDGE('',*,*,#3814,.F.);
#1790=ORIENTED_EDGE('',*,*,#3815,.T.);
#1791=ORIENTED_EDGE('',*,*,#3812,.T.);
#1792=ORIENTED_EDGE('',*,*,#3394,.F.);
#1793=ORIENTED_EDGE('',*,*,#3816,.F.);
#1794=ORIENTED_EDGE('',*,*,#3817,.T.);
#1795=ORIENTED_EDGE('',*,*,#3814,.T.);
#1796=ORIENTED_EDGE('',*,*,#3393,.F.);
#1797=ORIENTED_EDGE('',*,*,#3818,.F.);
#1798=ORIENTED_EDGE('',*,*,#3819,.T.);
#1799=ORIENTED_EDGE('',*,*,#3816,.T.);
#1800=ORIENTED_EDGE('',*,*,#3392,.F.);
#1801=ORIENTED_EDGE('',*,*,#3820,.F.);
#1802=ORIENTED_EDGE('',*,*,#3821,.T.);
#1803=ORIENTED_EDGE('',*,*,#3818,.T.);
#1804=ORIENTED_EDGE('',*,*,#3391,.F.);
#1805=ORIENTED_EDGE('',*,*,#3822,.F.);
#1806=ORIENTED_EDGE('',*,*,#3823,.T.);
#1807=ORIENTED_EDGE('',*,*,#3820,.T.);
#1808=ORIENTED_EDGE('',*,*,#3390,.F.);
#1809=ORIENTED_EDGE('',*,*,#3824,.F.);
#1810=ORIENTED_EDGE('',*,*,#3825,.T.);
#1811=ORIENTED_EDGE('',*,*,#3822,.T.);
#1812=ORIENTED_EDGE('',*,*,#3389,.F.);
#1813=ORIENTED_EDGE('',*,*,#3826,.F.);
#1814=ORIENTED_EDGE('',*,*,#3827,.T.);
#1815=ORIENTED_EDGE('',*,*,#3824,.T.);
#1816=ORIENTED_EDGE('',*,*,#3388,.F.);
#1817=ORIENTED_EDGE('',*,*,#3828,.F.);
#1818=ORIENTED_EDGE('',*,*,#3829,.T.);
#1819=ORIENTED_EDGE('',*,*,#3826,.T.);
#1820=ORIENTED_EDGE('',*,*,#3387,.F.);
#1821=ORIENTED_EDGE('',*,*,#3830,.F.);
#1822=ORIENTED_EDGE('',*,*,#3831,.T.);
#1823=ORIENTED_EDGE('',*,*,#3828,.T.);
#1824=ORIENTED_EDGE('',*,*,#3386,.F.);
#1825=ORIENTED_EDGE('',*,*,#3801,.F.);
#1826=ORIENTED_EDGE('',*,*,#3832,.T.);
#1827=ORIENTED_EDGE('',*,*,#3830,.T.);
#1828=ORIENTED_EDGE('',*,*,#3833,.F.);
#1829=ORIENTED_EDGE('',*,*,#3783,.F.);
#1830=ORIENTED_EDGE('',*,*,#3834,.T.);
#1831=ORIENTED_EDGE('',*,*,#3797,.T.);
#1832=ORIENTED_EDGE('',*,*,#3800,.F.);
#1833=ORIENTED_EDGE('',*,*,#3803,.F.);
#1834=ORIENTED_EDGE('',*,*,#3805,.F.);
#1835=ORIENTED_EDGE('',*,*,#3807,.F.);
#1836=ORIENTED_EDGE('',*,*,#3809,.F.);
#1837=ORIENTED_EDGE('',*,*,#3811,.F.);
#1838=ORIENTED_EDGE('',*,*,#3813,.F.);
#1839=ORIENTED_EDGE('',*,*,#3815,.F.);
#1840=ORIENTED_EDGE('',*,*,#3817,.F.);
#1841=ORIENTED_EDGE('',*,*,#3819,.F.);
#1842=ORIENTED_EDGE('',*,*,#3821,.F.);
#1843=ORIENTED_EDGE('',*,*,#3823,.F.);
#1844=ORIENTED_EDGE('',*,*,#3825,.F.);
#1845=ORIENTED_EDGE('',*,*,#3827,.F.);
#1846=ORIENTED_EDGE('',*,*,#3829,.F.);
#1847=ORIENTED_EDGE('',*,*,#3831,.F.);
#1848=ORIENTED_EDGE('',*,*,#3832,.F.);
#1849=ORIENTED_EDGE('',*,*,#3782,.F.);
#1850=ORIENTED_EDGE('',*,*,#3786,.F.);
#1851=ORIENTED_EDGE('',*,*,#3789,.F.);
#1852=ORIENTED_EDGE('',*,*,#3792,.F.);
#1853=ORIENTED_EDGE('',*,*,#3795,.F.);
#1854=ORIENTED_EDGE('',*,*,#3798,.F.);
#1855=ORIENTED_EDGE('',*,*,#3834,.F.);
#1856=ORIENTED_EDGE('',*,*,#3835,.F.);
#1857=ORIENTED_EDGE('',*,*,#3836,.F.);
#1858=ORIENTED_EDGE('',*,*,#3837,.T.);
#1859=ORIENTED_EDGE('',*,*,#3838,.T.);
#1860=ORIENTED_EDGE('',*,*,#3839,.F.);
#1861=ORIENTED_EDGE('',*,*,#3840,.F.);
#1862=ORIENTED_EDGE('',*,*,#3841,.T.);
#1863=ORIENTED_EDGE('',*,*,#3836,.T.);
#1864=ORIENTED_EDGE('',*,*,#3842,.F.);
#1865=ORIENTED_EDGE('',*,*,#3843,.F.);
#1866=ORIENTED_EDGE('',*,*,#3844,.T.);
#1867=ORIENTED_EDGE('',*,*,#3840,.T.);
#1868=ORIENTED_EDGE('',*,*,#3845,.F.);
#1869=ORIENTED_EDGE('',*,*,#3846,.F.);
#1870=ORIENTED_EDGE('',*,*,#3847,.T.);
#1871=ORIENTED_EDGE('',*,*,#3843,.T.);
#1872=ORIENTED_EDGE('',*,*,#3848,.F.);
#1873=ORIENTED_EDGE('',*,*,#3849,.F.);
#1874=ORIENTED_EDGE('',*,*,#3850,.T.);
#1875=ORIENTED_EDGE('',*,*,#3846,.T.);
#1876=ORIENTED_EDGE('',*,*,#3851,.F.);
#1877=ORIENTED_EDGE('',*,*,#3852,.F.);
#1878=ORIENTED_EDGE('',*,*,#3853,.T.);
#1879=ORIENTED_EDGE('',*,*,#3854,.T.);
#1880=ORIENTED_EDGE('',*,*,#3855,.F.);
#1881=ORIENTED_EDGE('',*,*,#3856,.F.);
#1882=ORIENTED_EDGE('',*,*,#3857,.T.);
#1883=ORIENTED_EDGE('',*,*,#3852,.T.);
#1884=ORIENTED_EDGE('',*,*,#3858,.F.);
#1885=ORIENTED_EDGE('',*,*,#3859,.F.);
#1886=ORIENTED_EDGE('',*,*,#3860,.T.);
#1887=ORIENTED_EDGE('',*,*,#3856,.T.);
#1888=ORIENTED_EDGE('',*,*,#3861,.F.);
#1889=ORIENTED_EDGE('',*,*,#3862,.F.);
#1890=ORIENTED_EDGE('',*,*,#3863,.T.);
#1891=ORIENTED_EDGE('',*,*,#3859,.T.);
#1892=ORIENTED_EDGE('',*,*,#3864,.F.);
#1893=ORIENTED_EDGE('',*,*,#3865,.F.);
#1894=ORIENTED_EDGE('',*,*,#3866,.T.);
#1895=ORIENTED_EDGE('',*,*,#3862,.T.);
#1896=ORIENTED_EDGE('',*,*,#3867,.F.);
#1897=ORIENTED_EDGE('',*,*,#3868,.F.);
#1898=ORIENTED_EDGE('',*,*,#3869,.T.);
#1899=ORIENTED_EDGE('',*,*,#3865,.T.);
#1900=ORIENTED_EDGE('',*,*,#3274,.F.);
#1901=ORIENTED_EDGE('',*,*,#3870,.F.);
#1902=ORIENTED_EDGE('',*,*,#3871,.T.);
#1903=ORIENTED_EDGE('',*,*,#3872,.T.);
#1904=ORIENTED_EDGE('',*,*,#3273,.F.);
#1905=ORIENTED_EDGE('',*,*,#3873,.F.);
#1906=ORIENTED_EDGE('',*,*,#3874,.T.);
#1907=ORIENTED_EDGE('',*,*,#3870,.T.);
#1908=ORIENTED_EDGE('',*,*,#3282,.F.);
#1909=ORIENTED_EDGE('',*,*,#3875,.F.);
#1910=ORIENTED_EDGE('',*,*,#3876,.T.);
#1911=ORIENTED_EDGE('',*,*,#3873,.T.);
#1912=ORIENTED_EDGE('',*,*,#3281,.F.);
#1913=ORIENTED_EDGE('',*,*,#3877,.F.);
#1914=ORIENTED_EDGE('',*,*,#3878,.T.);
#1915=ORIENTED_EDGE('',*,*,#3875,.T.);
#1916=ORIENTED_EDGE('',*,*,#3280,.F.);
#1917=ORIENTED_EDGE('',*,*,#3879,.F.);
#1918=ORIENTED_EDGE('',*,*,#3880,.T.);
#1919=ORIENTED_EDGE('',*,*,#3877,.T.);
#1920=ORIENTED_EDGE('',*,*,#3279,.F.);
#1921=ORIENTED_EDGE('',*,*,#3881,.F.);
#1922=ORIENTED_EDGE('',*,*,#3882,.T.);
#1923=ORIENTED_EDGE('',*,*,#3879,.T.);
#1924=ORIENTED_EDGE('',*,*,#3278,.F.);
#1925=ORIENTED_EDGE('',*,*,#3883,.F.);
#1926=ORIENTED_EDGE('',*,*,#3884,.T.);
#1927=ORIENTED_EDGE('',*,*,#3881,.T.);
#1928=ORIENTED_EDGE('',*,*,#3277,.F.);
#1929=ORIENTED_EDGE('',*,*,#3885,.F.);
#1930=ORIENTED_EDGE('',*,*,#3886,.T.);
#1931=ORIENTED_EDGE('',*,*,#3883,.T.);
#1932=ORIENTED_EDGE('',*,*,#3276,.F.);
#1933=ORIENTED_EDGE('',*,*,#3887,.F.);
#1934=ORIENTED_EDGE('',*,*,#3888,.T.);
#1935=ORIENTED_EDGE('',*,*,#3885,.T.);
#1936=ORIENTED_EDGE('',*,*,#3889,.F.);
#1937=ORIENTED_EDGE('',*,*,#3854,.F.);
#1938=ORIENTED_EDGE('',*,*,#3890,.T.);
#1939=ORIENTED_EDGE('',*,*,#3868,.T.);
#1940=ORIENTED_EDGE('',*,*,#3275,.F.);
#1941=ORIENTED_EDGE('',*,*,#3872,.F.);
#1942=ORIENTED_EDGE('',*,*,#3891,.T.);
#1943=ORIENTED_EDGE('',*,*,#3887,.T.);
#1944=ORIENTED_EDGE('',*,*,#3892,.F.);
#1945=ORIENTED_EDGE('',*,*,#3838,.F.);
#1946=ORIENTED_EDGE('',*,*,#3893,.T.);
#1947=ORIENTED_EDGE('',*,*,#3849,.T.);
#1948=ORIENTED_EDGE('',*,*,#3871,.F.);
#1949=ORIENTED_EDGE('',*,*,#3874,.F.);
#1950=ORIENTED_EDGE('',*,*,#3876,.F.);
#1951=ORIENTED_EDGE('',*,*,#3878,.F.);
#1952=ORIENTED_EDGE('',*,*,#3880,.F.);
#1953=ORIENTED_EDGE('',*,*,#3882,.F.);
#1954=ORIENTED_EDGE('',*,*,#3884,.F.);
#1955=ORIENTED_EDGE('',*,*,#3886,.F.);
#1956=ORIENTED_EDGE('',*,*,#3888,.F.);
#1957=ORIENTED_EDGE('',*,*,#3891,.F.);
#1958=ORIENTED_EDGE('',*,*,#3853,.F.);
#1959=ORIENTED_EDGE('',*,*,#3857,.F.);
#1960=ORIENTED_EDGE('',*,*,#3860,.F.);
#1961=ORIENTED_EDGE('',*,*,#3863,.F.);
#1962=ORIENTED_EDGE('',*,*,#3866,.F.);
#1963=ORIENTED_EDGE('',*,*,#3869,.F.);
#1964=ORIENTED_EDGE('',*,*,#3890,.F.);
#1965=ORIENTED_EDGE('',*,*,#3837,.F.);
#1966=ORIENTED_EDGE('',*,*,#3841,.F.);
#1967=ORIENTED_EDGE('',*,*,#3844,.F.);
#1968=ORIENTED_EDGE('',*,*,#3847,.F.);
#1969=ORIENTED_EDGE('',*,*,#3850,.F.);
#1970=ORIENTED_EDGE('',*,*,#3893,.F.);
#1971=ORIENTED_EDGE('',*,*,#3855,.T.);
#1972=ORIENTED_EDGE('',*,*,#3851,.T.);
#1973=ORIENTED_EDGE('',*,*,#3889,.T.);
#1974=ORIENTED_EDGE('',*,*,#3867,.T.);
#1975=ORIENTED_EDGE('',*,*,#3864,.T.);
#1976=ORIENTED_EDGE('',*,*,#3861,.T.);
#1977=ORIENTED_EDGE('',*,*,#3858,.T.);
#1978=ORIENTED_EDGE('',*,*,#3269,.F.);
#1979=ORIENTED_EDGE('',*,*,#3894,.F.);
#1980=ORIENTED_EDGE('',*,*,#3895,.T.);
#1981=ORIENTED_EDGE('',*,*,#3896,.T.);
#1982=ORIENTED_EDGE('',*,*,#3268,.F.);
#1983=ORIENTED_EDGE('',*,*,#3897,.F.);
#1984=ORIENTED_EDGE('',*,*,#3898,.T.);
#1985=ORIENTED_EDGE('',*,*,#3894,.T.);
#1986=ORIENTED_EDGE('',*,*,#3272,.F.);
#1987=ORIENTED_EDGE('',*,*,#3899,.F.);
#1988=ORIENTED_EDGE('',*,*,#3900,.T.);
#1989=ORIENTED_EDGE('',*,*,#3897,.T.);
#1990=ORIENTED_EDGE('',*,*,#3271,.F.);
#1991=ORIENTED_EDGE('',*,*,#3901,.F.);
#1992=ORIENTED_EDGE('',*,*,#3902,.T.);
#1993=ORIENTED_EDGE('',*,*,#3899,.T.);
#1994=ORIENTED_EDGE('',*,*,#3270,.F.);
#1995=ORIENTED_EDGE('',*,*,#3896,.F.);
#1996=ORIENTED_EDGE('',*,*,#3903,.T.);
#1997=ORIENTED_EDGE('',*,*,#3901,.T.);
#1998=ORIENTED_EDGE('',*,*,#3895,.F.);
#1999=ORIENTED_EDGE('',*,*,#3898,.F.);
#2000=ORIENTED_EDGE('',*,*,#3900,.F.);
#2001=ORIENTED_EDGE('',*,*,#3902,.F.);
#2002=ORIENTED_EDGE('',*,*,#3903,.F.);
#2003=ORIENTED_EDGE('',*,*,#3244,.F.);
#2004=ORIENTED_EDGE('',*,*,#3904,.F.);
#2005=ORIENTED_EDGE('',*,*,#3905,.T.);
#2006=ORIENTED_EDGE('',*,*,#3906,.T.);
#2007=ORIENTED_EDGE('',*,*,#3243,.F.);
#2008=ORIENTED_EDGE('',*,*,#3907,.F.);
#2009=ORIENTED_EDGE('',*,*,#3908,.T.);
#2010=ORIENTED_EDGE('',*,*,#3904,.T.);
#2011=ORIENTED_EDGE('',*,*,#3267,.F.);
#2012=ORIENTED_EDGE('',*,*,#3909,.F.);
#2013=ORIENTED_EDGE('',*,*,#3910,.T.);
#2014=ORIENTED_EDGE('',*,*,#3907,.T.);
#2015=ORIENTED_EDGE('',*,*,#3266,.F.);
#2016=ORIENTED_EDGE('',*,*,#3911,.F.);
#2017=ORIENTED_EDGE('',*,*,#3912,.T.);
#2018=ORIENTED_EDGE('',*,*,#3909,.T.);
#2019=ORIENTED_EDGE('',*,*,#3265,.F.);
#2020=ORIENTED_EDGE('',*,*,#3913,.F.);
#2021=ORIENTED_EDGE('',*,*,#3914,.T.);
#2022=ORIENTED_EDGE('',*,*,#3911,.T.);
#2023=ORIENTED_EDGE('',*,*,#3264,.F.);
#2024=ORIENTED_EDGE('',*,*,#3915,.F.);
#2025=ORIENTED_EDGE('',*,*,#3916,.T.);
#2026=ORIENTED_EDGE('',*,*,#3913,.T.);
#2027=ORIENTED_EDGE('',*,*,#3263,.F.);
#2028=ORIENTED_EDGE('',*,*,#3917,.F.);
#2029=ORIENTED_EDGE('',*,*,#3918,.T.);
#2030=ORIENTED_EDGE('',*,*,#3915,.T.);
#2031=ORIENTED_EDGE('',*,*,#3262,.F.);
#2032=ORIENTED_EDGE('',*,*,#3919,.F.);
#2033=ORIENTED_EDGE('',*,*,#3920,.T.);
#2034=ORIENTED_EDGE('',*,*,#3917,.T.);
#2035=ORIENTED_EDGE('',*,*,#3261,.F.);
#2036=ORIENTED_EDGE('',*,*,#3921,.F.);
#2037=ORIENTED_EDGE('',*,*,#3922,.T.);
#2038=ORIENTED_EDGE('',*,*,#3919,.T.);
#2039=ORIENTED_EDGE('',*,*,#3260,.F.);
#2040=ORIENTED_EDGE('',*,*,#3923,.F.);
#2041=ORIENTED_EDGE('',*,*,#3924,.T.);
#2042=ORIENTED_EDGE('',*,*,#3921,.T.);
#2043=ORIENTED_EDGE('',*,*,#3259,.F.);
#2044=ORIENTED_EDGE('',*,*,#3925,.F.);
#2045=ORIENTED_EDGE('',*,*,#3926,.T.);
#2046=ORIENTED_EDGE('',*,*,#3923,.T.);
#2047=ORIENTED_EDGE('',*,*,#3258,.F.);
#2048=ORIENTED_EDGE('',*,*,#3927,.F.);
#2049=ORIENTED_EDGE('',*,*,#3928,.T.);
#2050=ORIENTED_EDGE('',*,*,#3925,.T.);
#2051=ORIENTED_EDGE('',*,*,#3257,.F.);
#2052=ORIENTED_EDGE('',*,*,#3929,.F.);
#2053=ORIENTED_EDGE('',*,*,#3930,.T.);
#2054=ORIENTED_EDGE('',*,*,#3927,.T.);
#2055=ORIENTED_EDGE('',*,*,#3256,.F.);
#2056=ORIENTED_EDGE('',*,*,#3931,.F.);
#2057=ORIENTED_EDGE('',*,*,#3932,.T.);
#2058=ORIENTED_EDGE('',*,*,#3929,.T.);
#2059=ORIENTED_EDGE('',*,*,#3255,.F.);
#2060=ORIENTED_EDGE('',*,*,#3933,.F.);
#2061=ORIENTED_EDGE('',*,*,#3934,.T.);
#2062=ORIENTED_EDGE('',*,*,#3931,.T.);
#2063=ORIENTED_EDGE('',*,*,#3254,.F.);
#2064=ORIENTED_EDGE('',*,*,#3935,.F.);
#2065=ORIENTED_EDGE('',*,*,#3936,.T.);
#2066=ORIENTED_EDGE('',*,*,#3933,.T.);
#2067=ORIENTED_EDGE('',*,*,#3253,.F.);
#2068=ORIENTED_EDGE('',*,*,#3937,.F.);
#2069=ORIENTED_EDGE('',*,*,#3938,.T.);
#2070=ORIENTED_EDGE('',*,*,#3935,.T.);
#2071=ORIENTED_EDGE('',*,*,#3252,.F.);
#2072=ORIENTED_EDGE('',*,*,#3939,.F.);
#2073=ORIENTED_EDGE('',*,*,#3940,.T.);
#2074=ORIENTED_EDGE('',*,*,#3937,.T.);
#2075=ORIENTED_EDGE('',*,*,#3251,.F.);
#2076=ORIENTED_EDGE('',*,*,#3941,.F.);
#2077=ORIENTED_EDGE('',*,*,#3942,.T.);
#2078=ORIENTED_EDGE('',*,*,#3939,.T.);
#2079=ORIENTED_EDGE('',*,*,#3250,.F.);
#2080=ORIENTED_EDGE('',*,*,#3943,.F.);
#2081=ORIENTED_EDGE('',*,*,#3944,.T.);
#2082=ORIENTED_EDGE('',*,*,#3941,.T.);
#2083=ORIENTED_EDGE('',*,*,#3249,.F.);
#2084=ORIENTED_EDGE('',*,*,#3945,.F.);
#2085=ORIENTED_EDGE('',*,*,#3946,.T.);
#2086=ORIENTED_EDGE('',*,*,#3943,.T.);
#2087=ORIENTED_EDGE('',*,*,#3248,.F.);
#2088=ORIENTED_EDGE('',*,*,#3947,.F.);
#2089=ORIENTED_EDGE('',*,*,#3948,.T.);
#2090=ORIENTED_EDGE('',*,*,#3945,.T.);
#2091=ORIENTED_EDGE('',*,*,#3247,.F.);
#2092=ORIENTED_EDGE('',*,*,#3949,.F.);
#2093=ORIENTED_EDGE('',*,*,#3950,.T.);
#2094=ORIENTED_EDGE('',*,*,#3947,.T.);
#2095=ORIENTED_EDGE('',*,*,#3246,.F.);
#2096=ORIENTED_EDGE('',*,*,#3951,.F.);
#2097=ORIENTED_EDGE('',*,*,#3952,.T.);
#2098=ORIENTED_EDGE('',*,*,#3949,.T.);
#2099=ORIENTED_EDGE('',*,*,#3245,.F.);
#2100=ORIENTED_EDGE('',*,*,#3906,.F.);
#2101=ORIENTED_EDGE('',*,*,#3953,.T.);
#2102=ORIENTED_EDGE('',*,*,#3951,.T.);
#2103=ORIENTED_EDGE('',*,*,#3905,.F.);
#2104=ORIENTED_EDGE('',*,*,#3908,.F.);
#2105=ORIENTED_EDGE('',*,*,#3910,.F.);
#2106=ORIENTED_EDGE('',*,*,#3912,.F.);
#2107=ORIENTED_EDGE('',*,*,#3914,.F.);
#2108=ORIENTED_EDGE('',*,*,#3916,.F.);
#2109=ORIENTED_EDGE('',*,*,#3918,.F.);
#2110=ORIENTED_EDGE('',*,*,#3920,.F.);
#2111=ORIENTED_EDGE('',*,*,#3922,.F.);
#2112=ORIENTED_EDGE('',*,*,#3924,.F.);
#2113=ORIENTED_EDGE('',*,*,#3926,.F.);
#2114=ORIENTED_EDGE('',*,*,#3928,.F.);
#2115=ORIENTED_EDGE('',*,*,#3930,.F.);
#2116=ORIENTED_EDGE('',*,*,#3932,.F.);
#2117=ORIENTED_EDGE('',*,*,#3934,.F.);
#2118=ORIENTED_EDGE('',*,*,#3936,.F.);
#2119=ORIENTED_EDGE('',*,*,#3938,.F.);
#2120=ORIENTED_EDGE('',*,*,#3940,.F.);
#2121=ORIENTED_EDGE('',*,*,#3942,.F.);
#2122=ORIENTED_EDGE('',*,*,#3944,.F.);
#2123=ORIENTED_EDGE('',*,*,#3946,.F.);
#2124=ORIENTED_EDGE('',*,*,#3948,.F.);
#2125=ORIENTED_EDGE('',*,*,#3950,.F.);
#2126=ORIENTED_EDGE('',*,*,#3952,.F.);
#2127=ORIENTED_EDGE('',*,*,#3953,.F.);
#2128=ORIENTED_EDGE('',*,*,#3231,.F.);
#2129=ORIENTED_EDGE('',*,*,#3954,.F.);
#2130=ORIENTED_EDGE('',*,*,#3955,.T.);
#2131=ORIENTED_EDGE('',*,*,#3956,.T.);
#2132=ORIENTED_EDGE('',*,*,#3230,.F.);
#2133=ORIENTED_EDGE('',*,*,#3957,.F.);
#2134=ORIENTED_EDGE('',*,*,#3958,.T.);
#2135=ORIENTED_EDGE('',*,*,#3954,.T.);
#2136=ORIENTED_EDGE('',*,*,#3242,.F.);
#2137=ORIENTED_EDGE('',*,*,#3959,.F.);
#2138=ORIENTED_EDGE('',*,*,#3960,.T.);
#2139=ORIENTED_EDGE('',*,*,#3957,.T.);
#2140=ORIENTED_EDGE('',*,*,#3241,.F.);
#2141=ORIENTED_EDGE('',*,*,#3961,.F.);
#2142=ORIENTED_EDGE('',*,*,#3962,.T.);
#2143=ORIENTED_EDGE('',*,*,#3959,.T.);
#2144=ORIENTED_EDGE('',*,*,#3240,.F.);
#2145=ORIENTED_EDGE('',*,*,#3963,.F.);
#2146=ORIENTED_EDGE('',*,*,#3964,.T.);
#2147=ORIENTED_EDGE('',*,*,#3961,.T.);
#2148=ORIENTED_EDGE('',*,*,#3239,.F.);
#2149=ORIENTED_EDGE('',*,*,#3965,.F.);
#2150=ORIENTED_EDGE('',*,*,#3966,.T.);
#2151=ORIENTED_EDGE('',*,*,#3963,.T.);
#2152=ORIENTED_EDGE('',*,*,#3238,.F.);
#2153=ORIENTED_EDGE('',*,*,#3967,.F.);
#2154=ORIENTED_EDGE('',*,*,#3968,.T.);
#2155=ORIENTED_EDGE('',*,*,#3965,.T.);
#2156=ORIENTED_EDGE('',*,*,#3237,.F.);
#2157=ORIENTED_EDGE('',*,*,#3969,.F.);
#2158=ORIENTED_EDGE('',*,*,#3970,.T.);
#2159=ORIENTED_EDGE('',*,*,#3967,.T.);
#2160=ORIENTED_EDGE('',*,*,#3236,.F.);
#2161=ORIENTED_EDGE('',*,*,#3971,.F.);
#2162=ORIENTED_EDGE('',*,*,#3972,.T.);
#2163=ORIENTED_EDGE('',*,*,#3969,.T.);
#2164=ORIENTED_EDGE('',*,*,#3235,.F.);
#2165=ORIENTED_EDGE('',*,*,#3973,.F.);
#2166=ORIENTED_EDGE('',*,*,#3974,.T.);
#2167=ORIENTED_EDGE('',*,*,#3971,.T.);
#2168=ORIENTED_EDGE('',*,*,#3234,.F.);
#2169=ORIENTED_EDGE('',*,*,#3975,.F.);
#2170=ORIENTED_EDGE('',*,*,#3976,.T.);
#2171=ORIENTED_EDGE('',*,*,#3973,.T.);
#2172=ORIENTED_EDGE('',*,*,#3233,.F.);
#2173=ORIENTED_EDGE('',*,*,#3977,.F.);
#2174=ORIENTED_EDGE('',*,*,#3978,.T.);
#2175=ORIENTED_EDGE('',*,*,#3975,.T.);
#2176=ORIENTED_EDGE('',*,*,#3232,.F.);
#2177=ORIENTED_EDGE('',*,*,#3956,.F.);
#2178=ORIENTED_EDGE('',*,*,#3979,.T.);
#2179=ORIENTED_EDGE('',*,*,#3977,.T.);
#2180=ORIENTED_EDGE('',*,*,#3955,.F.);
#2181=ORIENTED_EDGE('',*,*,#3958,.F.);
#2182=ORIENTED_EDGE('',*,*,#3960,.F.);
#2183=ORIENTED_EDGE('',*,*,#3962,.F.);
#2184=ORIENTED_EDGE('',*,*,#3964,.F.);
#2185=ORIENTED_EDGE('',*,*,#3966,.F.);
#2186=ORIENTED_EDGE('',*,*,#3968,.F.);
#2187=ORIENTED_EDGE('',*,*,#3970,.F.);
#2188=ORIENTED_EDGE('',*,*,#3972,.F.);
#2189=ORIENTED_EDGE('',*,*,#3974,.F.);
#2190=ORIENTED_EDGE('',*,*,#3976,.F.);
#2191=ORIENTED_EDGE('',*,*,#3978,.F.);
#2192=ORIENTED_EDGE('',*,*,#3979,.F.);
#2193=ORIENTED_EDGE('',*,*,#3221,.F.);
#2194=ORIENTED_EDGE('',*,*,#3980,.F.);
#2195=ORIENTED_EDGE('',*,*,#3981,.T.);
#2196=ORIENTED_EDGE('',*,*,#3982,.T.);
#2197=ORIENTED_EDGE('',*,*,#3220,.F.);
#2198=ORIENTED_EDGE('',*,*,#3983,.F.);
#2199=ORIENTED_EDGE('',*,*,#3984,.T.);
#2200=ORIENTED_EDGE('',*,*,#3980,.T.);
#2201=ORIENTED_EDGE('',*,*,#3229,.F.);
#2202=ORIENTED_EDGE('',*,*,#3985,.F.);
#2203=ORIENTED_EDGE('',*,*,#3986,.T.);
#2204=ORIENTED_EDGE('',*,*,#3983,.T.);
#2205=ORIENTED_EDGE('',*,*,#3228,.F.);
#2206=ORIENTED_EDGE('',*,*,#3987,.F.);
#2207=ORIENTED_EDGE('',*,*,#3988,.T.);
#2208=ORIENTED_EDGE('',*,*,#3985,.T.);
#2209=ORIENTED_EDGE('',*,*,#3227,.F.);
#2210=ORIENTED_EDGE('',*,*,#3989,.F.);
#2211=ORIENTED_EDGE('',*,*,#3990,.T.);
#2212=ORIENTED_EDGE('',*,*,#3987,.T.);
#2213=ORIENTED_EDGE('',*,*,#3226,.F.);
#2214=ORIENTED_EDGE('',*,*,#3991,.F.);
#2215=ORIENTED_EDGE('',*,*,#3992,.T.);
#2216=ORIENTED_EDGE('',*,*,#3989,.T.);
#2217=ORIENTED_EDGE('',*,*,#3225,.F.);
#2218=ORIENTED_EDGE('',*,*,#3993,.F.);
#2219=ORIENTED_EDGE('',*,*,#3994,.T.);
#2220=ORIENTED_EDGE('',*,*,#3991,.T.);
#2221=ORIENTED_EDGE('',*,*,#3224,.F.);
#2222=ORIENTED_EDGE('',*,*,#3995,.F.);
#2223=ORIENTED_EDGE('',*,*,#3996,.T.);
#2224=ORIENTED_EDGE('',*,*,#3993,.T.);
#2225=ORIENTED_EDGE('',*,*,#3223,.F.);
#2226=ORIENTED_EDGE('',*,*,#3997,.F.);
#2227=ORIENTED_EDGE('',*,*,#3998,.T.);
#2228=ORIENTED_EDGE('',*,*,#3995,.T.);
#2229=ORIENTED_EDGE('',*,*,#3222,.F.);
#2230=ORIENTED_EDGE('',*,*,#3982,.F.);
#2231=ORIENTED_EDGE('',*,*,#3999,.T.);
#2232=ORIENTED_EDGE('',*,*,#3997,.T.);
#2233=ORIENTED_EDGE('',*,*,#3981,.F.);
#2234=ORIENTED_EDGE('',*,*,#3984,.F.);
#2235=ORIENTED_EDGE('',*,*,#3986,.F.);
#2236=ORIENTED_EDGE('',*,*,#3988,.F.);
#2237=ORIENTED_EDGE('',*,*,#3990,.F.);
#2238=ORIENTED_EDGE('',*,*,#3992,.F.);
#2239=ORIENTED_EDGE('',*,*,#3994,.F.);
#2240=ORIENTED_EDGE('',*,*,#3996,.F.);
#2241=ORIENTED_EDGE('',*,*,#3998,.F.);
#2242=ORIENTED_EDGE('',*,*,#3999,.F.);
#2243=ORIENTED_EDGE('',*,*,#3211,.F.);
#2244=ORIENTED_EDGE('',*,*,#4000,.F.);
#2245=ORIENTED_EDGE('',*,*,#4001,.T.);
#2246=ORIENTED_EDGE('',*,*,#4002,.T.);
#2247=ORIENTED_EDGE('',*,*,#3210,.F.);
#2248=ORIENTED_EDGE('',*,*,#4003,.F.);
#2249=ORIENTED_EDGE('',*,*,#4004,.T.);
#2250=ORIENTED_EDGE('',*,*,#4000,.T.);
#2251=ORIENTED_EDGE('',*,*,#3219,.F.);
#2252=ORIENTED_EDGE('',*,*,#4005,.F.);
#2253=ORIENTED_EDGE('',*,*,#4006,.T.);
#2254=ORIENTED_EDGE('',*,*,#4003,.T.);
#2255=ORIENTED_EDGE('',*,*,#3218,.F.);
#2256=ORIENTED_EDGE('',*,*,#4007,.F.);
#2257=ORIENTED_EDGE('',*,*,#4008,.T.);
#2258=ORIENTED_EDGE('',*,*,#4005,.T.);
#2259=ORIENTED_EDGE('',*,*,#3217,.F.);
#2260=ORIENTED_EDGE('',*,*,#4009,.F.);
#2261=ORIENTED_EDGE('',*,*,#4010,.T.);
#2262=ORIENTED_EDGE('',*,*,#4007,.T.);
#2263=ORIENTED_EDGE('',*,*,#3216,.F.);
#2264=ORIENTED_EDGE('',*,*,#4011,.F.);
#2265=ORIENTED_EDGE('',*,*,#4012,.T.);
#2266=ORIENTED_EDGE('',*,*,#4009,.T.);
#2267=ORIENTED_EDGE('',*,*,#3215,.F.);
#2268=ORIENTED_EDGE('',*,*,#4013,.F.);
#2269=ORIENTED_EDGE('',*,*,#4014,.T.);
#2270=ORIENTED_EDGE('',*,*,#4011,.T.);
#2271=ORIENTED_EDGE('',*,*,#3214,.F.);
#2272=ORIENTED_EDGE('',*,*,#4015,.F.);
#2273=ORIENTED_EDGE('',*,*,#4016,.T.);
#2274=ORIENTED_EDGE('',*,*,#4013,.T.);
#2275=ORIENTED_EDGE('',*,*,#3213,.F.);
#2276=ORIENTED_EDGE('',*,*,#4017,.F.);
#2277=ORIENTED_EDGE('',*,*,#4018,.T.);
#2278=ORIENTED_EDGE('',*,*,#4015,.T.);
#2279=ORIENTED_EDGE('',*,*,#3212,.F.);
#2280=ORIENTED_EDGE('',*,*,#4002,.F.);
#2281=ORIENTED_EDGE('',*,*,#4019,.T.);
#2282=ORIENTED_EDGE('',*,*,#4017,.T.);
#2283=ORIENTED_EDGE('',*,*,#4001,.F.);
#2284=ORIENTED_EDGE('',*,*,#4004,.F.);
#2285=ORIENTED_EDGE('',*,*,#4006,.F.);
#2286=ORIENTED_EDGE('',*,*,#4008,.F.);
#2287=ORIENTED_EDGE('',*,*,#4010,.F.);
#2288=ORIENTED_EDGE('',*,*,#4012,.F.);
#2289=ORIENTED_EDGE('',*,*,#4014,.F.);
#2290=ORIENTED_EDGE('',*,*,#4016,.F.);
#2291=ORIENTED_EDGE('',*,*,#4018,.F.);
#2292=ORIENTED_EDGE('',*,*,#4019,.F.);
#2293=ORIENTED_EDGE('',*,*,#3197,.F.);
#2294=ORIENTED_EDGE('',*,*,#4020,.F.);
#2295=ORIENTED_EDGE('',*,*,#4021,.T.);
#2296=ORIENTED_EDGE('',*,*,#4022,.T.);
#2297=ORIENTED_EDGE('',*,*,#3196,.F.);
#2298=ORIENTED_EDGE('',*,*,#4023,.F.);
#2299=ORIENTED_EDGE('',*,*,#4024,.T.);
#2300=ORIENTED_EDGE('',*,*,#4020,.T.);
#2301=ORIENTED_EDGE('',*,*,#3209,.F.);
#2302=ORIENTED_EDGE('',*,*,#4025,.F.);
#2303=ORIENTED_EDGE('',*,*,#4026,.T.);
#2304=ORIENTED_EDGE('',*,*,#4023,.T.);
#2305=ORIENTED_EDGE('',*,*,#3208,.F.);
#2306=ORIENTED_EDGE('',*,*,#4027,.F.);
#2307=ORIENTED_EDGE('',*,*,#4028,.T.);
#2308=ORIENTED_EDGE('',*,*,#4025,.T.);
#2309=ORIENTED_EDGE('',*,*,#3207,.F.);
#2310=ORIENTED_EDGE('',*,*,#4029,.F.);
#2311=ORIENTED_EDGE('',*,*,#4030,.T.);
#2312=ORIENTED_EDGE('',*,*,#4027,.T.);
#2313=ORIENTED_EDGE('',*,*,#3206,.F.);
#2314=ORIENTED_EDGE('',*,*,#4031,.F.);
#2315=ORIENTED_EDGE('',*,*,#4032,.T.);
#2316=ORIENTED_EDGE('',*,*,#4029,.T.);
#2317=ORIENTED_EDGE('',*,*,#3205,.F.);
#2318=ORIENTED_EDGE('',*,*,#4033,.F.);
#2319=ORIENTED_EDGE('',*,*,#4034,.T.);
#2320=ORIENTED_EDGE('',*,*,#4031,.T.);
#2321=ORIENTED_EDGE('',*,*,#3204,.F.);
#2322=ORIENTED_EDGE('',*,*,#4035,.F.);
#2323=ORIENTED_EDGE('',*,*,#4036,.T.);
#2324=ORIENTED_EDGE('',*,*,#4033,.T.);
#2325=ORIENTED_EDGE('',*,*,#3203,.F.);
#2326=ORIENTED_EDGE('',*,*,#4037,.F.);
#2327=ORIENTED_EDGE('',*,*,#4038,.T.);
#2328=ORIENTED_EDGE('',*,*,#4035,.T.);
#2329=ORIENTED_EDGE('',*,*,#3202,.F.);
#2330=ORIENTED_EDGE('',*,*,#4039,.F.);
#2331=ORIENTED_EDGE('',*,*,#4040,.T.);
#2332=ORIENTED_EDGE('',*,*,#4037,.T.);
#2333=ORIENTED_EDGE('',*,*,#3201,.F.);
#2334=ORIENTED_EDGE('',*,*,#4041,.F.);
#2335=ORIENTED_EDGE('',*,*,#4042,.T.);
#2336=ORIENTED_EDGE('',*,*,#4039,.T.);
#2337=ORIENTED_EDGE('',*,*,#3200,.F.);
#2338=ORIENTED_EDGE('',*,*,#4043,.F.);
#2339=ORIENTED_EDGE('',*,*,#4044,.T.);
#2340=ORIENTED_EDGE('',*,*,#4041,.T.);
#2341=ORIENTED_EDGE('',*,*,#3199,.F.);
#2342=ORIENTED_EDGE('',*,*,#4045,.F.);
#2343=ORIENTED_EDGE('',*,*,#4046,.T.);
#2344=ORIENTED_EDGE('',*,*,#4043,.T.);
#2345=ORIENTED_EDGE('',*,*,#3198,.F.);
#2346=ORIENTED_EDGE('',*,*,#4022,.F.);
#2347=ORIENTED_EDGE('',*,*,#4047,.T.);
#2348=ORIENTED_EDGE('',*,*,#4045,.T.);
#2349=ORIENTED_EDGE('',*,*,#4021,.F.);
#2350=ORIENTED_EDGE('',*,*,#4024,.F.);
#2351=ORIENTED_EDGE('',*,*,#4026,.F.);
#2352=ORIENTED_EDGE('',*,*,#4028,.F.);
#2353=ORIENTED_EDGE('',*,*,#4030,.F.);
#2354=ORIENTED_EDGE('',*,*,#4032,.F.);
#2355=ORIENTED_EDGE('',*,*,#4034,.F.);
#2356=ORIENTED_EDGE('',*,*,#4036,.F.);
#2357=ORIENTED_EDGE('',*,*,#4038,.F.);
#2358=ORIENTED_EDGE('',*,*,#4040,.F.);
#2359=ORIENTED_EDGE('',*,*,#4042,.F.);
#2360=ORIENTED_EDGE('',*,*,#4044,.F.);
#2361=ORIENTED_EDGE('',*,*,#4046,.F.);
#2362=ORIENTED_EDGE('',*,*,#4047,.F.);
#2363=ORIENTED_EDGE('',*,*,#3179,.F.);
#2364=ORIENTED_EDGE('',*,*,#4048,.F.);
#2365=ORIENTED_EDGE('',*,*,#4049,.T.);
#2366=ORIENTED_EDGE('',*,*,#4050,.T.);
#2367=ORIENTED_EDGE('',*,*,#3178,.F.);
#2368=ORIENTED_EDGE('',*,*,#4051,.F.);
#2369=ORIENTED_EDGE('',*,*,#4052,.T.);
#2370=ORIENTED_EDGE('',*,*,#4048,.T.);
#2371=ORIENTED_EDGE('',*,*,#3195,.F.);
#2372=ORIENTED_EDGE('',*,*,#4053,.F.);
#2373=ORIENTED_EDGE('',*,*,#4054,.T.);
#2374=ORIENTED_EDGE('',*,*,#4051,.T.);
#2375=ORIENTED_EDGE('',*,*,#3194,.F.);
#2376=ORIENTED_EDGE('',*,*,#4055,.F.);
#2377=ORIENTED_EDGE('',*,*,#4056,.T.);
#2378=ORIENTED_EDGE('',*,*,#4053,.T.);
#2379=ORIENTED_EDGE('',*,*,#3193,.F.);
#2380=ORIENTED_EDGE('',*,*,#4057,.F.);
#2381=ORIENTED_EDGE('',*,*,#4058,.T.);
#2382=ORIENTED_EDGE('',*,*,#4055,.T.);
#2383=ORIENTED_EDGE('',*,*,#3192,.F.);
#2384=ORIENTED_EDGE('',*,*,#4059,.F.);
#2385=ORIENTED_EDGE('',*,*,#4060,.T.);
#2386=ORIENTED_EDGE('',*,*,#4057,.T.);
#2387=ORIENTED_EDGE('',*,*,#3191,.F.);
#2388=ORIENTED_EDGE('',*,*,#4061,.F.);
#2389=ORIENTED_EDGE('',*,*,#4062,.T.);
#2390=ORIENTED_EDGE('',*,*,#4059,.T.);
#2391=ORIENTED_EDGE('',*,*,#3190,.F.);
#2392=ORIENTED_EDGE('',*,*,#4063,.F.);
#2393=ORIENTED_EDGE('',*,*,#4064,.T.);
#2394=ORIENTED_EDGE('',*,*,#4061,.T.);
#2395=ORIENTED_EDGE('',*,*,#3189,.F.);
#2396=ORIENTED_EDGE('',*,*,#4065,.F.);
#2397=ORIENTED_EDGE('',*,*,#4066,.T.);
#2398=ORIENTED_EDGE('',*,*,#4063,.T.);
#2399=ORIENTED_EDGE('',*,*,#3188,.F.);
#2400=ORIENTED_EDGE('',*,*,#4067,.F.);
#2401=ORIENTED_EDGE('',*,*,#4068,.T.);
#2402=ORIENTED_EDGE('',*,*,#4065,.T.);
#2403=ORIENTED_EDGE('',*,*,#3187,.F.);
#2404=ORIENTED_EDGE('',*,*,#4069,.F.);
#2405=ORIENTED_EDGE('',*,*,#4070,.T.);
#2406=ORIENTED_EDGE('',*,*,#4067,.T.);
#2407=ORIENTED_EDGE('',*,*,#3186,.F.);
#2408=ORIENTED_EDGE('',*,*,#4071,.F.);
#2409=ORIENTED_EDGE('',*,*,#4072,.T.);
#2410=ORIENTED_EDGE('',*,*,#4069,.T.);
#2411=ORIENTED_EDGE('',*,*,#3185,.F.);
#2412=ORIENTED_EDGE('',*,*,#4073,.F.);
#2413=ORIENTED_EDGE('',*,*,#4074,.T.);
#2414=ORIENTED_EDGE('',*,*,#4071,.T.);
#2415=ORIENTED_EDGE('',*,*,#3184,.F.);
#2416=ORIENTED_EDGE('',*,*,#4075,.F.);
#2417=ORIENTED_EDGE('',*,*,#4076,.T.);
#2418=ORIENTED_EDGE('',*,*,#4073,.T.);
#2419=ORIENTED_EDGE('',*,*,#3183,.F.);
#2420=ORIENTED_EDGE('',*,*,#4077,.F.);
#2421=ORIENTED_EDGE('',*,*,#4078,.T.);
#2422=ORIENTED_EDGE('',*,*,#4075,.T.);
#2423=ORIENTED_EDGE('',*,*,#3182,.F.);
#2424=ORIENTED_EDGE('',*,*,#4079,.F.);
#2425=ORIENTED_EDGE('',*,*,#4080,.T.);
#2426=ORIENTED_EDGE('',*,*,#4077,.T.);
#2427=ORIENTED_EDGE('',*,*,#3181,.F.);
#2428=ORIENTED_EDGE('',*,*,#4081,.F.);
#2429=ORIENTED_EDGE('',*,*,#4082,.T.);
#2430=ORIENTED_EDGE('',*,*,#4079,.T.);
#2431=ORIENTED_EDGE('',*,*,#3180,.F.);
#2432=ORIENTED_EDGE('',*,*,#4050,.F.);
#2433=ORIENTED_EDGE('',*,*,#4083,.T.);
#2434=ORIENTED_EDGE('',*,*,#4081,.T.);
#2435=ORIENTED_EDGE('',*,*,#4049,.F.);
#2436=ORIENTED_EDGE('',*,*,#4052,.F.);
#2437=ORIENTED_EDGE('',*,*,#4054,.F.);
#2438=ORIENTED_EDGE('',*,*,#4056,.F.);
#2439=ORIENTED_EDGE('',*,*,#4058,.F.);
#2440=ORIENTED_EDGE('',*,*,#4060,.F.);
#2441=ORIENTED_EDGE('',*,*,#4062,.F.);
#2442=ORIENTED_EDGE('',*,*,#4064,.F.);
#2443=ORIENTED_EDGE('',*,*,#4066,.F.);
#2444=ORIENTED_EDGE('',*,*,#4068,.F.);
#2445=ORIENTED_EDGE('',*,*,#4070,.F.);
#2446=ORIENTED_EDGE('',*,*,#4072,.F.);
#2447=ORIENTED_EDGE('',*,*,#4074,.F.);
#2448=ORIENTED_EDGE('',*,*,#4076,.F.);
#2449=ORIENTED_EDGE('',*,*,#4078,.F.);
#2450=ORIENTED_EDGE('',*,*,#4080,.F.);
#2451=ORIENTED_EDGE('',*,*,#4082,.F.);
#2452=ORIENTED_EDGE('',*,*,#4083,.F.);
#2453=ORIENTED_EDGE('',*,*,#3173,.F.);
#2454=ORIENTED_EDGE('',*,*,#4084,.F.);
#2455=ORIENTED_EDGE('',*,*,#4085,.T.);
#2456=ORIENTED_EDGE('',*,*,#4086,.T.);
#2457=ORIENTED_EDGE('',*,*,#3172,.F.);
#2458=ORIENTED_EDGE('',*,*,#4087,.F.);
#2459=ORIENTED_EDGE('',*,*,#4088,.T.);
#2460=ORIENTED_EDGE('',*,*,#4084,.T.);
#2461=ORIENTED_EDGE('',*,*,#3177,.F.);
#2462=ORIENTED_EDGE('',*,*,#4089,.F.);
#2463=ORIENTED_EDGE('',*,*,#4090,.T.);
#2464=ORIENTED_EDGE('',*,*,#4087,.T.);
#2465=ORIENTED_EDGE('',*,*,#3176,.F.);
#2466=ORIENTED_EDGE('',*,*,#4091,.F.);
#2467=ORIENTED_EDGE('',*,*,#4092,.T.);
#2468=ORIENTED_EDGE('',*,*,#4089,.T.);
#2469=ORIENTED_EDGE('',*,*,#3175,.F.);
#2470=ORIENTED_EDGE('',*,*,#4093,.F.);
#2471=ORIENTED_EDGE('',*,*,#4094,.T.);
#2472=ORIENTED_EDGE('',*,*,#4091,.T.);
#2473=ORIENTED_EDGE('',*,*,#3174,.F.);
#2474=ORIENTED_EDGE('',*,*,#4086,.F.);
#2475=ORIENTED_EDGE('',*,*,#4095,.T.);
#2476=ORIENTED_EDGE('',*,*,#4093,.T.);
#2477=ORIENTED_EDGE('',*,*,#4085,.F.);
#2478=ORIENTED_EDGE('',*,*,#4088,.F.);
#2479=ORIENTED_EDGE('',*,*,#4090,.F.);
#2480=ORIENTED_EDGE('',*,*,#4092,.F.);
#2481=ORIENTED_EDGE('',*,*,#4094,.F.);
#2482=ORIENTED_EDGE('',*,*,#4095,.F.);
#2483=ORIENTED_EDGE('',*,*,#3163,.F.);
#2484=ORIENTED_EDGE('',*,*,#4096,.F.);
#2485=ORIENTED_EDGE('',*,*,#4097,.T.);
#2486=ORIENTED_EDGE('',*,*,#4098,.T.);
#2487=ORIENTED_EDGE('',*,*,#3162,.F.);
#2488=ORIENTED_EDGE('',*,*,#4099,.F.);
#2489=ORIENTED_EDGE('',*,*,#4100,.T.);
#2490=ORIENTED_EDGE('',*,*,#4096,.T.);
#2491=ORIENTED_EDGE('',*,*,#3171,.F.);
#2492=ORIENTED_EDGE('',*,*,#4101,.F.);
#2493=ORIENTED_EDGE('',*,*,#4102,.T.);
#2494=ORIENTED_EDGE('',*,*,#4099,.T.);
#2495=ORIENTED_EDGE('',*,*,#3170,.F.);
#2496=ORIENTED_EDGE('',*,*,#4103,.F.);
#2497=ORIENTED_EDGE('',*,*,#4104,.T.);
#2498=ORIENTED_EDGE('',*,*,#4101,.T.);
#2499=ORIENTED_EDGE('',*,*,#3169,.F.);
#2500=ORIENTED_EDGE('',*,*,#4105,.F.);
#2501=ORIENTED_EDGE('',*,*,#4106,.T.);
#2502=ORIENTED_EDGE('',*,*,#4103,.T.);
#2503=ORIENTED_EDGE('',*,*,#3168,.F.);
#2504=ORIENTED_EDGE('',*,*,#4107,.F.);
#2505=ORIENTED_EDGE('',*,*,#4108,.T.);
#2506=ORIENTED_EDGE('',*,*,#4105,.T.);
#2507=ORIENTED_EDGE('',*,*,#3167,.F.);
#2508=ORIENTED_EDGE('',*,*,#4109,.F.);
#2509=ORIENTED_EDGE('',*,*,#4110,.T.);
#2510=ORIENTED_EDGE('',*,*,#4107,.T.);
#2511=ORIENTED_EDGE('',*,*,#3166,.F.);
#2512=ORIENTED_EDGE('',*,*,#4111,.F.);
#2513=ORIENTED_EDGE('',*,*,#4112,.T.);
#2514=ORIENTED_EDGE('',*,*,#4109,.T.);
#2515=ORIENTED_EDGE('',*,*,#3165,.F.);
#2516=ORIENTED_EDGE('',*,*,#4113,.F.);
#2517=ORIENTED_EDGE('',*,*,#4114,.T.);
#2518=ORIENTED_EDGE('',*,*,#4111,.T.);
#2519=ORIENTED_EDGE('',*,*,#3164,.F.);
#2520=ORIENTED_EDGE('',*,*,#4098,.F.);
#2521=ORIENTED_EDGE('',*,*,#4115,.T.);
#2522=ORIENTED_EDGE('',*,*,#4113,.T.);
#2523=ORIENTED_EDGE('',*,*,#4097,.F.);
#2524=ORIENTED_EDGE('',*,*,#4100,.F.);
#2525=ORIENTED_EDGE('',*,*,#4102,.F.);
#2526=ORIENTED_EDGE('',*,*,#4104,.F.);
#2527=ORIENTED_EDGE('',*,*,#4106,.F.);
#2528=ORIENTED_EDGE('',*,*,#4108,.F.);
#2529=ORIENTED_EDGE('',*,*,#4110,.F.);
#2530=ORIENTED_EDGE('',*,*,#4112,.F.);
#2531=ORIENTED_EDGE('',*,*,#4114,.F.);
#2532=ORIENTED_EDGE('',*,*,#4115,.F.);
#2533=ORIENTED_EDGE('',*,*,#3153,.F.);
#2534=ORIENTED_EDGE('',*,*,#4116,.F.);
#2535=ORIENTED_EDGE('',*,*,#4117,.T.);
#2536=ORIENTED_EDGE('',*,*,#4118,.T.);
#2537=ORIENTED_EDGE('',*,*,#3152,.F.);
#2538=ORIENTED_EDGE('',*,*,#4119,.F.);
#2539=ORIENTED_EDGE('',*,*,#4120,.T.);
#2540=ORIENTED_EDGE('',*,*,#4116,.T.);
#2541=ORIENTED_EDGE('',*,*,#3161,.F.);
#2542=ORIENTED_EDGE('',*,*,#4121,.F.);
#2543=ORIENTED_EDGE('',*,*,#4122,.T.);
#2544=ORIENTED_EDGE('',*,*,#4119,.T.);
#2545=ORIENTED_EDGE('',*,*,#3160,.F.);
#2546=ORIENTED_EDGE('',*,*,#4123,.F.);
#2547=ORIENTED_EDGE('',*,*,#4124,.T.);
#2548=ORIENTED_EDGE('',*,*,#4121,.T.);
#2549=ORIENTED_EDGE('',*,*,#3159,.F.);
#2550=ORIENTED_EDGE('',*,*,#4125,.F.);
#2551=ORIENTED_EDGE('',*,*,#4126,.T.);
#2552=ORIENTED_EDGE('',*,*,#4123,.T.);
#2553=ORIENTED_EDGE('',*,*,#3158,.F.);
#2554=ORIENTED_EDGE('',*,*,#4127,.F.);
#2555=ORIENTED_EDGE('',*,*,#4128,.T.);
#2556=ORIENTED_EDGE('',*,*,#4125,.T.);
#2557=ORIENTED_EDGE('',*,*,#3157,.F.);
#2558=ORIENTED_EDGE('',*,*,#4129,.F.);
#2559=ORIENTED_EDGE('',*,*,#4130,.T.);
#2560=ORIENTED_EDGE('',*,*,#4127,.T.);
#2561=ORIENTED_EDGE('',*,*,#3156,.F.);
#2562=ORIENTED_EDGE('',*,*,#4131,.F.);
#2563=ORIENTED_EDGE('',*,*,#4132,.T.);
#2564=ORIENTED_EDGE('',*,*,#4129,.T.);
#2565=ORIENTED_EDGE('',*,*,#3155,.F.);
#2566=ORIENTED_EDGE('',*,*,#4133,.F.);
#2567=ORIENTED_EDGE('',*,*,#4134,.T.);
#2568=ORIENTED_EDGE('',*,*,#4131,.T.);
#2569=ORIENTED_EDGE('',*,*,#3154,.F.);
#2570=ORIENTED_EDGE('',*,*,#4118,.F.);
#2571=ORIENTED_EDGE('',*,*,#4135,.T.);
#2572=ORIENTED_EDGE('',*,*,#4133,.T.);
#2573=ORIENTED_EDGE('',*,*,#4117,.F.);
#2574=ORIENTED_EDGE('',*,*,#4120,.F.);
#2575=ORIENTED_EDGE('',*,*,#4122,.F.);
#2576=ORIENTED_EDGE('',*,*,#4124,.F.);
#2577=ORIENTED_EDGE('',*,*,#4126,.F.);
#2578=ORIENTED_EDGE('',*,*,#4128,.F.);
#2579=ORIENTED_EDGE('',*,*,#4130,.F.);
#2580=ORIENTED_EDGE('',*,*,#4132,.F.);
#2581=ORIENTED_EDGE('',*,*,#4134,.F.);
#2582=ORIENTED_EDGE('',*,*,#4135,.F.);
#2583=ORIENTED_EDGE('',*,*,#3139,.F.);
#2584=ORIENTED_EDGE('',*,*,#4136,.F.);
#2585=ORIENTED_EDGE('',*,*,#4137,.T.);
#2586=ORIENTED_EDGE('',*,*,#4138,.T.);
#2587=ORIENTED_EDGE('',*,*,#3138,.F.);
#2588=ORIENTED_EDGE('',*,*,#4139,.F.);
#2589=ORIENTED_EDGE('',*,*,#4140,.T.);
#2590=ORIENTED_EDGE('',*,*,#4136,.T.);
#2591=ORIENTED_EDGE('',*,*,#3151,.F.);
#2592=ORIENTED_EDGE('',*,*,#4141,.F.);
#2593=ORIENTED_EDGE('',*,*,#4142,.T.);
#2594=ORIENTED_EDGE('',*,*,#4139,.T.);
#2595=ORIENTED_EDGE('',*,*,#3150,.F.);
#2596=ORIENTED_EDGE('',*,*,#4143,.F.);
#2597=ORIENTED_EDGE('',*,*,#4144,.T.);
#2598=ORIENTED_EDGE('',*,*,#4141,.T.);
#2599=ORIENTED_EDGE('',*,*,#3149,.F.);
#2600=ORIENTED_EDGE('',*,*,#4145,.F.);
#2601=ORIENTED_EDGE('',*,*,#4146,.T.);
#2602=ORIENTED_EDGE('',*,*,#4143,.T.);
#2603=ORIENTED_EDGE('',*,*,#3148,.F.);
#2604=ORIENTED_EDGE('',*,*,#4147,.F.);
#2605=ORIENTED_EDGE('',*,*,#4148,.T.);
#2606=ORIENTED_EDGE('',*,*,#4145,.T.);
#2607=ORIENTED_EDGE('',*,*,#3147,.F.);
#2608=ORIENTED_EDGE('',*,*,#4149,.F.);
#2609=ORIENTED_EDGE('',*,*,#4150,.T.);
#2610=ORIENTED_EDGE('',*,*,#4147,.T.);
#2611=ORIENTED_EDGE('',*,*,#3146,.F.);
#2612=ORIENTED_EDGE('',*,*,#4151,.F.);
#2613=ORIENTED_EDGE('',*,*,#4152,.T.);
#2614=ORIENTED_EDGE('',*,*,#4149,.T.);
#2615=ORIENTED_EDGE('',*,*,#3145,.F.);
#2616=ORIENTED_EDGE('',*,*,#4153,.F.);
#2617=ORIENTED_EDGE('',*,*,#4154,.T.);
#2618=ORIENTED_EDGE('',*,*,#4151,.T.);
#2619=ORIENTED_EDGE('',*,*,#3144,.F.);
#2620=ORIENTED_EDGE('',*,*,#4155,.F.);
#2621=ORIENTED_EDGE('',*,*,#4156,.T.);
#2622=ORIENTED_EDGE('',*,*,#4153,.T.);
#2623=ORIENTED_EDGE('',*,*,#3143,.F.);
#2624=ORIENTED_EDGE('',*,*,#4157,.F.);
#2625=ORIENTED_EDGE('',*,*,#4158,.T.);
#2626=ORIENTED_EDGE('',*,*,#4155,.T.);
#2627=ORIENTED_EDGE('',*,*,#3142,.F.);
#2628=ORIENTED_EDGE('',*,*,#4159,.F.);
#2629=ORIENTED_EDGE('',*,*,#4160,.T.);
#2630=ORIENTED_EDGE('',*,*,#4157,.T.);
#2631=ORIENTED_EDGE('',*,*,#3141,.F.);
#2632=ORIENTED_EDGE('',*,*,#4161,.F.);
#2633=ORIENTED_EDGE('',*,*,#4162,.T.);
#2634=ORIENTED_EDGE('',*,*,#4159,.T.);
#2635=ORIENTED_EDGE('',*,*,#3140,.F.);
#2636=ORIENTED_EDGE('',*,*,#4138,.F.);
#2637=ORIENTED_EDGE('',*,*,#4163,.T.);
#2638=ORIENTED_EDGE('',*,*,#4161,.T.);
#2639=ORIENTED_EDGE('',*,*,#4137,.F.);
#2640=ORIENTED_EDGE('',*,*,#4140,.F.);
#2641=ORIENTED_EDGE('',*,*,#4142,.F.);
#2642=ORIENTED_EDGE('',*,*,#4144,.F.);
#2643=ORIENTED_EDGE('',*,*,#4146,.F.);
#2644=ORIENTED_EDGE('',*,*,#4148,.F.);
#2645=ORIENTED_EDGE('',*,*,#4150,.F.);
#2646=ORIENTED_EDGE('',*,*,#4152,.F.);
#2647=ORIENTED_EDGE('',*,*,#4154,.F.);
#2648=ORIENTED_EDGE('',*,*,#4156,.F.);
#2649=ORIENTED_EDGE('',*,*,#4158,.F.);
#2650=ORIENTED_EDGE('',*,*,#4160,.F.);
#2651=ORIENTED_EDGE('',*,*,#4162,.F.);
#2652=ORIENTED_EDGE('',*,*,#4163,.F.);
#2653=ORIENTED_EDGE('',*,*,#3129,.F.);
#2654=ORIENTED_EDGE('',*,*,#4164,.F.);
#2655=ORIENTED_EDGE('',*,*,#4165,.T.);
#2656=ORIENTED_EDGE('',*,*,#4166,.T.);
#2657=ORIENTED_EDGE('',*,*,#3128,.F.);
#2658=ORIENTED_EDGE('',*,*,#4167,.F.);
#2659=ORIENTED_EDGE('',*,*,#4168,.T.);
#2660=ORIENTED_EDGE('',*,*,#4164,.T.);
#2661=ORIENTED_EDGE('',*,*,#3137,.F.);
#2662=ORIENTED_EDGE('',*,*,#4169,.F.);
#2663=ORIENTED_EDGE('',*,*,#4170,.T.);
#2664=ORIENTED_EDGE('',*,*,#4167,.T.);
#2665=ORIENTED_EDGE('',*,*,#3136,.F.);
#2666=ORIENTED_EDGE('',*,*,#4171,.F.);
#2667=ORIENTED_EDGE('',*,*,#4172,.T.);
#2668=ORIENTED_EDGE('',*,*,#4169,.T.);
#2669=ORIENTED_EDGE('',*,*,#3135,.F.);
#2670=ORIENTED_EDGE('',*,*,#4173,.F.);
#2671=ORIENTED_EDGE('',*,*,#4174,.T.);
#2672=ORIENTED_EDGE('',*,*,#4171,.T.);
#2673=ORIENTED_EDGE('',*,*,#3134,.F.);
#2674=ORIENTED_EDGE('',*,*,#4175,.F.);
#2675=ORIENTED_EDGE('',*,*,#4176,.T.);
#2676=ORIENTED_EDGE('',*,*,#4173,.T.);
#2677=ORIENTED_EDGE('',*,*,#3133,.F.);
#2678=ORIENTED_EDGE('',*,*,#4177,.F.);
#2679=ORIENTED_EDGE('',*,*,#4178,.T.);
#2680=ORIENTED_EDGE('',*,*,#4175,.T.);
#2681=ORIENTED_EDGE('',*,*,#3132,.F.);
#2682=ORIENTED_EDGE('',*,*,#4179,.F.);
#2683=ORIENTED_EDGE('',*,*,#4180,.T.);
#2684=ORIENTED_EDGE('',*,*,#4177,.T.);
#2685=ORIENTED_EDGE('',*,*,#3131,.F.);
#2686=ORIENTED_EDGE('',*,*,#4181,.F.);
#2687=ORIENTED_EDGE('',*,*,#4182,.T.);
#2688=ORIENTED_EDGE('',*,*,#4179,.T.);
#2689=ORIENTED_EDGE('',*,*,#3130,.F.);
#2690=ORIENTED_EDGE('',*,*,#4166,.F.);
#2691=ORIENTED_EDGE('',*,*,#4183,.T.);
#2692=ORIENTED_EDGE('',*,*,#4181,.T.);
#2693=ORIENTED_EDGE('',*,*,#4165,.F.);
#2694=ORIENTED_EDGE('',*,*,#4168,.F.);
#2695=ORIENTED_EDGE('',*,*,#4170,.F.);
#2696=ORIENTED_EDGE('',*,*,#4172,.F.);
#2697=ORIENTED_EDGE('',*,*,#4174,.F.);
#2698=ORIENTED_EDGE('',*,*,#4176,.F.);
#2699=ORIENTED_EDGE('',*,*,#4178,.F.);
#2700=ORIENTED_EDGE('',*,*,#4180,.F.);
#2701=ORIENTED_EDGE('',*,*,#4182,.F.);
#2702=ORIENTED_EDGE('',*,*,#4183,.F.);
#2703=ORIENTED_EDGE('',*,*,#4184,.F.);
#2704=ORIENTED_EDGE('',*,*,#4185,.F.);
#2705=ORIENTED_EDGE('',*,*,#4186,.T.);
#2706=ORIENTED_EDGE('',*,*,#4187,.T.);
#2707=ORIENTED_EDGE('',*,*,#4188,.F.);
#2708=ORIENTED_EDGE('',*,*,#4189,.F.);
#2709=ORIENTED_EDGE('',*,*,#4190,.T.);
#2710=ORIENTED_EDGE('',*,*,#4185,.T.);
#2711=ORIENTED_EDGE('',*,*,#4191,.F.);
#2712=ORIENTED_EDGE('',*,*,#4192,.F.);
#2713=ORIENTED_EDGE('',*,*,#4193,.T.);
#2714=ORIENTED_EDGE('',*,*,#4189,.T.);
#2715=ORIENTED_EDGE('',*,*,#4194,.F.);
#2716=ORIENTED_EDGE('',*,*,#4195,.F.);
#2717=ORIENTED_EDGE('',*,*,#4196,.T.);
#2718=ORIENTED_EDGE('',*,*,#4192,.T.);
#2719=ORIENTED_EDGE('',*,*,#4197,.F.);
#2720=ORIENTED_EDGE('',*,*,#4198,.F.);
#2721=ORIENTED_EDGE('',*,*,#4199,.T.);
#2722=ORIENTED_EDGE('',*,*,#4195,.T.);
#2723=ORIENTED_EDGE('',*,*,#4200,.F.);
#2724=ORIENTED_EDGE('',*,*,#4201,.F.);
#2725=ORIENTED_EDGE('',*,*,#4202,.T.);
#2726=ORIENTED_EDGE('',*,*,#4198,.T.);
#2727=ORIENTED_EDGE('',*,*,#4203,.F.);
#2728=ORIENTED_EDGE('',*,*,#4204,.F.);
#2729=ORIENTED_EDGE('',*,*,#4205,.T.);
#2730=ORIENTED_EDGE('',*,*,#4201,.T.);
#2731=ORIENTED_EDGE('',*,*,#3402,.F.);
#2732=ORIENTED_EDGE('',*,*,#4206,.F.);
#2733=ORIENTED_EDGE('',*,*,#4207,.T.);
#2734=ORIENTED_EDGE('',*,*,#4208,.T.);
#2735=ORIENTED_EDGE('',*,*,#3401,.F.);
#2736=ORIENTED_EDGE('',*,*,#4209,.F.);
#2737=ORIENTED_EDGE('',*,*,#4210,.T.);
#2738=ORIENTED_EDGE('',*,*,#4206,.T.);
#2739=ORIENTED_EDGE('',*,*,#3419,.F.);
#2740=ORIENTED_EDGE('',*,*,#4211,.F.);
#2741=ORIENTED_EDGE('',*,*,#4212,.T.);
#2742=ORIENTED_EDGE('',*,*,#4209,.T.);
#2743=ORIENTED_EDGE('',*,*,#3418,.F.);
#2744=ORIENTED_EDGE('',*,*,#4213,.F.);
#2745=ORIENTED_EDGE('',*,*,#4214,.T.);
#2746=ORIENTED_EDGE('',*,*,#4211,.T.);
#2747=ORIENTED_EDGE('',*,*,#3417,.F.);
#2748=ORIENTED_EDGE('',*,*,#4215,.F.);
#2749=ORIENTED_EDGE('',*,*,#4216,.T.);
#2750=ORIENTED_EDGE('',*,*,#4213,.T.);
#2751=ORIENTED_EDGE('',*,*,#3416,.F.);
#2752=ORIENTED_EDGE('',*,*,#4217,.F.);
#2753=ORIENTED_EDGE('',*,*,#4218,.T.);
#2754=ORIENTED_EDGE('',*,*,#4215,.T.);
#2755=ORIENTED_EDGE('',*,*,#3415,.F.);
#2756=ORIENTED_EDGE('',*,*,#4219,.F.);
#2757=ORIENTED_EDGE('',*,*,#4220,.T.);
#2758=ORIENTED_EDGE('',*,*,#4217,.T.);
#2759=ORIENTED_EDGE('',*,*,#3414,.F.);
#2760=ORIENTED_EDGE('',*,*,#4221,.F.);
#2761=ORIENTED_EDGE('',*,*,#4222,.T.);
#2762=ORIENTED_EDGE('',*,*,#4219,.T.);
#2763=ORIENTED_EDGE('',*,*,#3413,.F.);
#2764=ORIENTED_EDGE('',*,*,#4223,.F.);
#2765=ORIENTED_EDGE('',*,*,#4224,.T.);
#2766=ORIENTED_EDGE('',*,*,#4221,.T.);
#2767=ORIENTED_EDGE('',*,*,#3412,.F.);
#2768=ORIENTED_EDGE('',*,*,#4225,.F.);
#2769=ORIENTED_EDGE('',*,*,#4226,.T.);
#2770=ORIENTED_EDGE('',*,*,#4223,.T.);
#2771=ORIENTED_EDGE('',*,*,#3411,.F.);
#2772=ORIENTED_EDGE('',*,*,#4227,.F.);
#2773=ORIENTED_EDGE('',*,*,#4228,.T.);
#2774=ORIENTED_EDGE('',*,*,#4225,.T.);
#2775=ORIENTED_EDGE('',*,*,#3410,.F.);
#2776=ORIENTED_EDGE('',*,*,#4229,.F.);
#2777=ORIENTED_EDGE('',*,*,#4230,.T.);
#2778=ORIENTED_EDGE('',*,*,#4227,.T.);
#2779=ORIENTED_EDGE('',*,*,#3409,.F.);
#2780=ORIENTED_EDGE('',*,*,#4231,.F.);
#2781=ORIENTED_EDGE('',*,*,#4232,.T.);
#2782=ORIENTED_EDGE('',*,*,#4229,.T.);
#2783=ORIENTED_EDGE('',*,*,#3408,.F.);
#2784=ORIENTED_EDGE('',*,*,#4233,.F.);
#2785=ORIENTED_EDGE('',*,*,#4234,.T.);
#2786=ORIENTED_EDGE('',*,*,#4231,.T.);
#2787=ORIENTED_EDGE('',*,*,#3407,.F.);
#2788=ORIENTED_EDGE('',*,*,#4235,.F.);
#2789=ORIENTED_EDGE('',*,*,#4236,.T.);
#2790=ORIENTED_EDGE('',*,*,#4233,.T.);
#2791=ORIENTED_EDGE('',*,*,#3406,.F.);
#2792=ORIENTED_EDGE('',*,*,#4237,.F.);
#2793=ORIENTED_EDGE('',*,*,#4238,.T.);
#2794=ORIENTED_EDGE('',*,*,#4235,.T.);
#2795=ORIENTED_EDGE('',*,*,#3405,.F.);
#2796=ORIENTED_EDGE('',*,*,#4239,.F.);
#2797=ORIENTED_EDGE('',*,*,#4240,.T.);
#2798=ORIENTED_EDGE('',*,*,#4237,.T.);
#2799=ORIENTED_EDGE('',*,*,#3404,.F.);
#2800=ORIENTED_EDGE('',*,*,#4241,.F.);
#2801=ORIENTED_EDGE('',*,*,#4242,.T.);
#2802=ORIENTED_EDGE('',*,*,#4239,.T.);
#2803=ORIENTED_EDGE('',*,*,#3403,.F.);
#2804=ORIENTED_EDGE('',*,*,#4208,.F.);
#2805=ORIENTED_EDGE('',*,*,#4243,.T.);
#2806=ORIENTED_EDGE('',*,*,#4241,.T.);
#2807=ORIENTED_EDGE('',*,*,#4244,.F.);
#2808=ORIENTED_EDGE('',*,*,#4187,.F.);
#2809=ORIENTED_EDGE('',*,*,#4245,.T.);
#2810=ORIENTED_EDGE('',*,*,#4204,.T.);
#2811=ORIENTED_EDGE('',*,*,#4207,.F.);
#2812=ORIENTED_EDGE('',*,*,#4210,.F.);
#2813=ORIENTED_EDGE('',*,*,#4212,.F.);
#2814=ORIENTED_EDGE('',*,*,#4214,.F.);
#2815=ORIENTED_EDGE('',*,*,#4216,.F.);
#2816=ORIENTED_EDGE('',*,*,#4218,.F.);
#2817=ORIENTED_EDGE('',*,*,#4220,.F.);
#2818=ORIENTED_EDGE('',*,*,#4222,.F.);
#2819=ORIENTED_EDGE('',*,*,#4224,.F.);
#2820=ORIENTED_EDGE('',*,*,#4226,.F.);
#2821=ORIENTED_EDGE('',*,*,#4228,.F.);
#2822=ORIENTED_EDGE('',*,*,#4230,.F.);
#2823=ORIENTED_EDGE('',*,*,#4232,.F.);
#2824=ORIENTED_EDGE('',*,*,#4234,.F.);
#2825=ORIENTED_EDGE('',*,*,#4236,.F.);
#2826=ORIENTED_EDGE('',*,*,#4238,.F.);
#2827=ORIENTED_EDGE('',*,*,#4240,.F.);
#2828=ORIENTED_EDGE('',*,*,#4242,.F.);
#2829=ORIENTED_EDGE('',*,*,#4243,.F.);
#2830=ORIENTED_EDGE('',*,*,#4186,.F.);
#2831=ORIENTED_EDGE('',*,*,#4190,.F.);
#2832=ORIENTED_EDGE('',*,*,#4193,.F.);
#2833=ORIENTED_EDGE('',*,*,#4196,.F.);
#2834=ORIENTED_EDGE('',*,*,#4199,.F.);
#2835=ORIENTED_EDGE('',*,*,#4202,.F.);
#2836=ORIENTED_EDGE('',*,*,#4205,.F.);
#2837=ORIENTED_EDGE('',*,*,#4245,.F.);
#2838=ORIENTED_EDGE('',*,*,#3421,.F.);
#2839=ORIENTED_EDGE('',*,*,#4246,.F.);
#2840=ORIENTED_EDGE('',*,*,#4247,.T.);
#2841=ORIENTED_EDGE('',*,*,#4248,.T.);
#2842=ORIENTED_EDGE('',*,*,#3420,.F.);
#2843=ORIENTED_EDGE('',*,*,#4249,.F.);
#2844=ORIENTED_EDGE('',*,*,#4250,.T.);
#2845=ORIENTED_EDGE('',*,*,#4246,.T.);
#2846=ORIENTED_EDGE('',*,*,#3429,.F.);
#2847=ORIENTED_EDGE('',*,*,#4251,.F.);
#2848=ORIENTED_EDGE('',*,*,#4252,.T.);
#2849=ORIENTED_EDGE('',*,*,#4249,.T.);
#2850=ORIENTED_EDGE('',*,*,#3428,.F.);
#2851=ORIENTED_EDGE('',*,*,#4253,.F.);
#2852=ORIENTED_EDGE('',*,*,#4254,.T.);
#2853=ORIENTED_EDGE('',*,*,#4251,.T.);
#2854=ORIENTED_EDGE('',*,*,#3427,.F.);
#2855=ORIENTED_EDGE('',*,*,#4255,.F.);
#2856=ORIENTED_EDGE('',*,*,#4256,.T.);
#2857=ORIENTED_EDGE('',*,*,#4253,.T.);
#2858=ORIENTED_EDGE('',*,*,#3426,.F.);
#2859=ORIENTED_EDGE('',*,*,#4257,.F.);
#2860=ORIENTED_EDGE('',*,*,#4258,.T.);
#2861=ORIENTED_EDGE('',*,*,#4255,.T.);
#2862=ORIENTED_EDGE('',*,*,#3425,.F.);
#2863=ORIENTED_EDGE('',*,*,#4259,.F.);
#2864=ORIENTED_EDGE('',*,*,#4260,.T.);
#2865=ORIENTED_EDGE('',*,*,#4257,.T.);
#2866=ORIENTED_EDGE('',*,*,#3424,.F.);
#2867=ORIENTED_EDGE('',*,*,#4261,.F.);
#2868=ORIENTED_EDGE('',*,*,#4262,.T.);
#2869=ORIENTED_EDGE('',*,*,#4259,.T.);
#2870=ORIENTED_EDGE('',*,*,#3423,.F.);
#2871=ORIENTED_EDGE('',*,*,#4263,.F.);
#2872=ORIENTED_EDGE('',*,*,#4264,.T.);
#2873=ORIENTED_EDGE('',*,*,#4261,.T.);
#2874=ORIENTED_EDGE('',*,*,#3422,.F.);
#2875=ORIENTED_EDGE('',*,*,#4248,.F.);
#2876=ORIENTED_EDGE('',*,*,#4265,.T.);
#2877=ORIENTED_EDGE('',*,*,#4263,.T.);
#2878=ORIENTED_EDGE('',*,*,#4247,.F.);
#2879=ORIENTED_EDGE('',*,*,#4250,.F.);
#2880=ORIENTED_EDGE('',*,*,#4252,.F.);
#2881=ORIENTED_EDGE('',*,*,#4254,.F.);
#2882=ORIENTED_EDGE('',*,*,#4256,.F.);
#2883=ORIENTED_EDGE('',*,*,#4258,.F.);
#2884=ORIENTED_EDGE('',*,*,#4260,.F.);
#2885=ORIENTED_EDGE('',*,*,#4262,.F.);
#2886=ORIENTED_EDGE('',*,*,#4264,.F.);
#2887=ORIENTED_EDGE('',*,*,#4265,.F.);
#2888=ORIENTED_EDGE('',*,*,#3431,.F.);
#2889=ORIENTED_EDGE('',*,*,#4266,.F.);
#2890=ORIENTED_EDGE('',*,*,#4267,.T.);
#2891=ORIENTED_EDGE('',*,*,#4268,.T.);
#2892=ORIENTED_EDGE('',*,*,#3430,.F.);
#2893=ORIENTED_EDGE('',*,*,#4269,.F.);
#2894=ORIENTED_EDGE('',*,*,#4270,.T.);
#2895=ORIENTED_EDGE('',*,*,#4266,.T.);
#2896=ORIENTED_EDGE('',*,*,#3447,.F.);
#2897=ORIENTED_EDGE('',*,*,#4271,.F.);
#2898=ORIENTED_EDGE('',*,*,#4272,.T.);
#2899=ORIENTED_EDGE('',*,*,#4269,.T.);
#2900=ORIENTED_EDGE('',*,*,#3446,.F.);
#2901=ORIENTED_EDGE('',*,*,#4273,.F.);
#2902=ORIENTED_EDGE('',*,*,#4274,.T.);
#2903=ORIENTED_EDGE('',*,*,#4271,.T.);
#2904=ORIENTED_EDGE('',*,*,#3445,.F.);
#2905=ORIENTED_EDGE('',*,*,#4275,.F.);
#2906=ORIENTED_EDGE('',*,*,#4276,.T.);
#2907=ORIENTED_EDGE('',*,*,#4273,.T.);
#2908=ORIENTED_EDGE('',*,*,#3444,.F.);
#2909=ORIENTED_EDGE('',*,*,#4277,.F.);
#2910=ORIENTED_EDGE('',*,*,#4278,.T.);
#2911=ORIENTED_EDGE('',*,*,#4275,.T.);
#2912=ORIENTED_EDGE('',*,*,#3443,.F.);
#2913=ORIENTED_EDGE('',*,*,#4279,.F.);
#2914=ORIENTED_EDGE('',*,*,#4280,.T.);
#2915=ORIENTED_EDGE('',*,*,#4277,.T.);
#2916=ORIENTED_EDGE('',*,*,#3442,.F.);
#2917=ORIENTED_EDGE('',*,*,#4281,.F.);
#2918=ORIENTED_EDGE('',*,*,#4282,.T.);
#2919=ORIENTED_EDGE('',*,*,#4279,.T.);
#2920=ORIENTED_EDGE('',*,*,#3441,.F.);
#2921=ORIENTED_EDGE('',*,*,#4283,.F.);
#2922=ORIENTED_EDGE('',*,*,#4284,.T.);
#2923=ORIENTED_EDGE('',*,*,#4281,.T.);
#2924=ORIENTED_EDGE('',*,*,#3440,.F.);
#2925=ORIENTED_EDGE('',*,*,#4285,.F.);
#2926=ORIENTED_EDGE('',*,*,#4286,.T.);
#2927=ORIENTED_EDGE('',*,*,#4283,.T.);
#2928=ORIENTED_EDGE('',*,*,#3439,.F.);
#2929=ORIENTED_EDGE('',*,*,#4287,.F.);
#2930=ORIENTED_EDGE('',*,*,#4288,.T.);
#2931=ORIENTED_EDGE('',*,*,#4285,.T.);
#2932=ORIENTED_EDGE('',*,*,#3438,.F.);
#2933=ORIENTED_EDGE('',*,*,#4289,.F.);
#2934=ORIENTED_EDGE('',*,*,#4290,.T.);
#2935=ORIENTED_EDGE('',*,*,#4287,.T.);
#2936=ORIENTED_EDGE('',*,*,#3437,.F.);
#2937=ORIENTED_EDGE('',*,*,#4291,.F.);
#2938=ORIENTED_EDGE('',*,*,#4292,.T.);
#2939=ORIENTED_EDGE('',*,*,#4289,.T.);
#2940=ORIENTED_EDGE('',*,*,#3436,.F.);
#2941=ORIENTED_EDGE('',*,*,#4293,.F.);
#2942=ORIENTED_EDGE('',*,*,#4294,.T.);
#2943=ORIENTED_EDGE('',*,*,#4291,.T.);
#2944=ORIENTED_EDGE('',*,*,#3435,.F.);
#2945=ORIENTED_EDGE('',*,*,#4295,.F.);
#2946=ORIENTED_EDGE('',*,*,#4296,.T.);
#2947=ORIENTED_EDGE('',*,*,#4293,.T.);
#2948=ORIENTED_EDGE('',*,*,#3434,.F.);
#2949=ORIENTED_EDGE('',*,*,#4297,.F.);
#2950=ORIENTED_EDGE('',*,*,#4298,.T.);
#2951=ORIENTED_EDGE('',*,*,#4295,.T.);
#2952=ORIENTED_EDGE('',*,*,#3433,.F.);
#2953=ORIENTED_EDGE('',*,*,#4299,.F.);
#2954=ORIENTED_EDGE('',*,*,#4300,.T.);
#2955=ORIENTED_EDGE('',*,*,#4297,.T.);
#2956=ORIENTED_EDGE('',*,*,#3432,.F.);
#2957=ORIENTED_EDGE('',*,*,#4268,.F.);
#2958=ORIENTED_EDGE('',*,*,#4301,.T.);
#2959=ORIENTED_EDGE('',*,*,#4299,.T.);
#2960=ORIENTED_EDGE('',*,*,#4267,.F.);
#2961=ORIENTED_EDGE('',*,*,#4270,.F.);
#2962=ORIENTED_EDGE('',*,*,#4272,.F.);
#2963=ORIENTED_EDGE('',*,*,#4274,.F.);
#2964=ORIENTED_EDGE('',*,*,#4276,.F.);
#2965=ORIENTED_EDGE('',*,*,#4278,.F.);
#2966=ORIENTED_EDGE('',*,*,#4280,.F.);
#2967=ORIENTED_EDGE('',*,*,#4282,.F.);
#2968=ORIENTED_EDGE('',*,*,#4284,.F.);
#2969=ORIENTED_EDGE('',*,*,#4286,.F.);
#2970=ORIENTED_EDGE('',*,*,#4288,.F.);
#2971=ORIENTED_EDGE('',*,*,#4290,.F.);
#2972=ORIENTED_EDGE('',*,*,#4292,.F.);
#2973=ORIENTED_EDGE('',*,*,#4294,.F.);
#2974=ORIENTED_EDGE('',*,*,#4296,.F.);
#2975=ORIENTED_EDGE('',*,*,#4298,.F.);
#2976=ORIENTED_EDGE('',*,*,#4300,.F.);
#2977=ORIENTED_EDGE('',*,*,#4301,.F.);
#2978=ORIENTED_EDGE('',*,*,#3449,.F.);
#2979=ORIENTED_EDGE('',*,*,#4302,.F.);
#2980=ORIENTED_EDGE('',*,*,#4303,.T.);
#2981=ORIENTED_EDGE('',*,*,#4304,.T.);
#2982=ORIENTED_EDGE('',*,*,#3448,.F.);
#2983=ORIENTED_EDGE('',*,*,#4305,.F.);
#2984=ORIENTED_EDGE('',*,*,#4306,.T.);
#2985=ORIENTED_EDGE('',*,*,#4302,.T.);
#2986=ORIENTED_EDGE('',*,*,#3461,.F.);
#2987=ORIENTED_EDGE('',*,*,#4307,.F.);
#2988=ORIENTED_EDGE('',*,*,#4308,.T.);
#2989=ORIENTED_EDGE('',*,*,#4305,.T.);
#2990=ORIENTED_EDGE('',*,*,#3460,.F.);
#2991=ORIENTED_EDGE('',*,*,#4309,.F.);
#2992=ORIENTED_EDGE('',*,*,#4310,.T.);
#2993=ORIENTED_EDGE('',*,*,#4307,.T.);
#2994=ORIENTED_EDGE('',*,*,#3459,.F.);
#2995=ORIENTED_EDGE('',*,*,#4311,.F.);
#2996=ORIENTED_EDGE('',*,*,#4312,.T.);
#2997=ORIENTED_EDGE('',*,*,#4309,.T.);
#2998=ORIENTED_EDGE('',*,*,#3458,.F.);
#2999=ORIENTED_EDGE('',*,*,#4313,.F.);
#3000=ORIENTED_EDGE('',*,*,#4314,.T.);
#3001=ORIENTED_EDGE('',*,*,#4311,.T.);
#3002=ORIENTED_EDGE('',*,*,#3457,.F.);
#3003=ORIENTED_EDGE('',*,*,#4315,.F.);
#3004=ORIENTED_EDGE('',*,*,#4316,.T.);
#3005=ORIENTED_EDGE('',*,*,#4313,.T.);
#3006=ORIENTED_EDGE('',*,*,#3456,.F.);
#3007=ORIENTED_EDGE('',*,*,#4317,.F.);
#3008=ORIENTED_EDGE('',*,*,#4318,.T.);
#3009=ORIENTED_EDGE('',*,*,#4315,.T.);
#3010=ORIENTED_EDGE('',*,*,#3455,.F.);
#3011=ORIENTED_EDGE('',*,*,#4319,.F.);
#3012=ORIENTED_EDGE('',*,*,#4320,.T.);
#3013=ORIENTED_EDGE('',*,*,#4317,.T.);
#3014=ORIENTED_EDGE('',*,*,#3454,.F.);
#3015=ORIENTED_EDGE('',*,*,#4321,.F.);
#3016=ORIENTED_EDGE('',*,*,#4322,.T.);
#3017=ORIENTED_EDGE('',*,*,#4319,.T.);
#3018=ORIENTED_EDGE('',*,*,#3453,.F.);
#3019=ORIENTED_EDGE('',*,*,#4323,.F.);
#3020=ORIENTED_EDGE('',*,*,#4324,.T.);
#3021=ORIENTED_EDGE('',*,*,#4321,.T.);
#3022=ORIENTED_EDGE('',*,*,#3452,.F.);
#3023=ORIENTED_EDGE('',*,*,#4325,.F.);
#3024=ORIENTED_EDGE('',*,*,#4326,.T.);
#3025=ORIENTED_EDGE('',*,*,#4323,.T.);
#3026=ORIENTED_EDGE('',*,*,#3451,.F.);
#3027=ORIENTED_EDGE('',*,*,#4327,.F.);
#3028=ORIENTED_EDGE('',*,*,#4328,.T.);
#3029=ORIENTED_EDGE('',*,*,#4325,.T.);
#3030=ORIENTED_EDGE('',*,*,#3450,.F.);
#3031=ORIENTED_EDGE('',*,*,#4304,.F.);
#3032=ORIENTED_EDGE('',*,*,#4329,.T.);
#3033=ORIENTED_EDGE('',*,*,#4327,.T.);
#3034=ORIENTED_EDGE('',*,*,#4303,.F.);
#3035=ORIENTED_EDGE('',*,*,#4306,.F.);
#3036=ORIENTED_EDGE('',*,*,#4308,.F.);
#3037=ORIENTED_EDGE('',*,*,#4310,.F.);
#3038=ORIENTED_EDGE('',*,*,#4312,.F.);
#3039=ORIENTED_EDGE('',*,*,#4314,.F.);
#3040=ORIENTED_EDGE('',*,*,#4316,.F.);
#3041=ORIENTED_EDGE('',*,*,#4318,.F.);
#3042=ORIENTED_EDGE('',*,*,#4320,.F.);
#3043=ORIENTED_EDGE('',*,*,#4322,.F.);
#3044=ORIENTED_EDGE('',*,*,#4324,.F.);
#3045=ORIENTED_EDGE('',*,*,#4326,.F.);
#3046=ORIENTED_EDGE('',*,*,#4328,.F.);
#3047=ORIENTED_EDGE('',*,*,#4329,.F.);
#3048=ORIENTED_EDGE('',*,*,#3517,.T.);
#3049=ORIENTED_EDGE('',*,*,#3513,.T.);
#3050=ORIENTED_EDGE('',*,*,#3566,.T.);
#3051=ORIENTED_EDGE('',*,*,#3529,.T.);
#3052=ORIENTED_EDGE('',*,*,#3526,.T.);
#3053=ORIENTED_EDGE('',*,*,#3523,.T.);
#3054=ORIENTED_EDGE('',*,*,#3520,.T.);
#3055=ORIENTED_EDGE('',*,*,#3572,.T.);
#3056=ORIENTED_EDGE('',*,*,#3568,.T.);
#3057=ORIENTED_EDGE('',*,*,#3610,.T.);
#3058=ORIENTED_EDGE('',*,*,#3587,.T.);
#3059=ORIENTED_EDGE('',*,*,#3584,.T.);
#3060=ORIENTED_EDGE('',*,*,#3581,.T.);
#3061=ORIENTED_EDGE('',*,*,#3578,.T.);
#3062=ORIENTED_EDGE('',*,*,#3575,.T.);
#3063=ORIENTED_EDGE('',*,*,#3616,.T.);
#3064=ORIENTED_EDGE('',*,*,#3612,.T.);
#3065=ORIENTED_EDGE('',*,*,#3665,.T.);
#3066=ORIENTED_EDGE('',*,*,#3628,.T.);
#3067=ORIENTED_EDGE('',*,*,#3625,.T.);
#3068=ORIENTED_EDGE('',*,*,#3622,.T.);
#3069=ORIENTED_EDGE('',*,*,#3619,.T.);
#3070=ORIENTED_EDGE('',*,*,#3671,.T.);
#3071=ORIENTED_EDGE('',*,*,#3667,.T.);
#3072=ORIENTED_EDGE('',*,*,#3720,.T.);
#3073=ORIENTED_EDGE('',*,*,#3683,.T.);
#3074=ORIENTED_EDGE('',*,*,#3680,.T.);
#3075=ORIENTED_EDGE('',*,*,#3677,.T.);
#3076=ORIENTED_EDGE('',*,*,#3674,.T.);
#3077=ORIENTED_EDGE('',*,*,#3726,.T.);
#3078=ORIENTED_EDGE('',*,*,#3722,.T.);
#3079=ORIENTED_EDGE('',*,*,#3778,.T.);
#3080=ORIENTED_EDGE('',*,*,#3747,.T.);
#3081=ORIENTED_EDGE('',*,*,#3744,.T.);
#3082=ORIENTED_EDGE('',*,*,#3741,.T.);
#3083=ORIENTED_EDGE('',*,*,#3738,.T.);
#3084=ORIENTED_EDGE('',*,*,#3735,.T.);
#3085=ORIENTED_EDGE('',*,*,#3732,.T.);
#3086=ORIENTED_EDGE('',*,*,#3729,.T.);
#3087=ORIENTED_EDGE('',*,*,#3784,.T.);
#3088=ORIENTED_EDGE('',*,*,#3780,.T.);
#3089=ORIENTED_EDGE('',*,*,#3833,.T.);
#3090=ORIENTED_EDGE('',*,*,#3796,.T.);
#3091=ORIENTED_EDGE('',*,*,#3793,.T.);
#3092=ORIENTED_EDGE('',*,*,#3790,.T.);
#3093=ORIENTED_EDGE('',*,*,#3787,.T.);
#3094=ORIENTED_EDGE('',*,*,#3839,.T.);
#3095=ORIENTED_EDGE('',*,*,#3835,.T.);
#3096=ORIENTED_EDGE('',*,*,#3892,.T.);
#3097=ORIENTED_EDGE('',*,*,#3848,.T.);
#3098=ORIENTED_EDGE('',*,*,#3845,.T.);
#3099=ORIENTED_EDGE('',*,*,#3842,.T.);
#3100=ORIENTED_EDGE('',*,*,#4188,.T.);
#3101=ORIENTED_EDGE('',*,*,#4184,.T.);
#3102=ORIENTED_EDGE('',*,*,#4244,.T.);
#3103=ORIENTED_EDGE('',*,*,#4203,.T.);
#3104=ORIENTED_EDGE('',*,*,#4200,.T.);
#3105=ORIENTED_EDGE('',*,*,#4197,.T.);
#3106=ORIENTED_EDGE('',*,*,#4194,.T.);
#3107=ORIENTED_EDGE('',*,*,#4191,.T.);
#3108=ORIENTED_EDGE('',*,*,#3463,.F.);
#3109=ORIENTED_EDGE('',*,*,#4330,.F.);
#3110=ORIENTED_EDGE('',*,*,#4331,.T.);
#3111=ORIENTED_EDGE('',*,*,#4332,.T.);
#3112=ORIENTED_EDGE('',*,*,#3462,.T.);
#3113=ORIENTED_EDGE('',*,*,#4333,.F.);
#3114=ORIENTED_EDGE('',*,*,#4334,.F.);
#3115=ORIENTED_EDGE('',*,*,#4330,.T.);
#3116=ORIENTED_EDGE('',*,*,#3465,.T.);
#3117=ORIENTED_EDGE('',*,*,#4335,.F.);
#3118=ORIENTED_EDGE('',*,*,#4336,.F.);
#3119=ORIENTED_EDGE('',*,*,#4333,.T.);
#3120=ORIENTED_EDGE('',*,*,#3464,.F.);
#3121=ORIENTED_EDGE('',*,*,#4332,.F.);
#3122=ORIENTED_EDGE('',*,*,#4337,.T.);
#3123=ORIENTED_EDGE('',*,*,#4335,.T.);
#3124=ORIENTED_EDGE('',*,*,#4331,.F.);
#3125=ORIENTED_EDGE('',*,*,#4334,.T.);
#3126=ORIENTED_EDGE('',*,*,#4336,.T.);
#3127=ORIENTED_EDGE('',*,*,#4337,.F.);
#3128=EDGE_CURVE('',#4338,#4339,#5148,.T.);
#3129=EDGE_CURVE('',#4339,#4340,#5149,.T.);
#3130=EDGE_CURVE('',#4340,#4341,#5150,.T.);
#3131=EDGE_CURVE('',#4341,#4342,#5151,.T.);
#3132=EDGE_CURVE('',#4342,#4343,#5152,.T.);
#3133=EDGE_CURVE('',#4343,#4344,#5153,.T.);
#3134=EDGE_CURVE('',#4344,#4345,#5154,.T.);
#3135=EDGE_CURVE('',#4345,#4346,#5155,.T.);
#3136=EDGE_CURVE('',#4346,#4347,#5156,.T.);
#3137=EDGE_CURVE('',#4347,#4338,#5157,.T.);
#3138=EDGE_CURVE('',#4348,#4349,#5158,.T.);
#3139=EDGE_CURVE('',#4349,#4350,#344,.T.);
#3140=EDGE_CURVE('',#4350,#4351,#345,.T.);
#3141=EDGE_CURVE('',#4351,#4352,#346,.T.);
#3142=EDGE_CURVE('',#4352,#4353,#5159,.T.);
#3143=EDGE_CURVE('',#4353,#4354,#5160,.T.);
#3144=EDGE_CURVE('',#4354,#4355,#5161,.T.);
#3145=EDGE_CURVE('',#4355,#4356,#244,.T.);
#3146=EDGE_CURVE('',#4356,#4357,#347,.T.);
#3147=EDGE_CURVE('',#4357,#4358,#348,.T.);
#3148=EDGE_CURVE('',#4358,#4359,#5162,.T.);
#3149=EDGE_CURVE('',#4359,#4360,#5163,.T.);
#3150=EDGE_CURVE('',#4360,#4361,#5164,.T.);
#3151=EDGE_CURVE('',#4361,#4348,#5165,.T.);
#3152=EDGE_CURVE('',#4362,#4363,#5166,.T.);
#3153=EDGE_CURVE('',#4363,#4364,#5167,.T.);
#3154=EDGE_CURVE('',#4364,#4365,#5168,.T.);
#3155=EDGE_CURVE('',#4365,#4366,#5169,.T.);
#3156=EDGE_CURVE('',#4366,#4367,#5170,.T.);
#3157=EDGE_CURVE('',#4367,#4368,#5171,.T.);
#3158=EDGE_CURVE('',#4368,#4369,#5172,.T.);
#3159=EDGE_CURVE('',#4369,#4370,#5173,.T.);
#3160=EDGE_CURVE('',#4370,#4371,#5174,.T.);
#3161=EDGE_CURVE('',#4371,#4362,#5175,.T.);
#3162=EDGE_CURVE('',#4372,#4373,#5176,.T.);
#3163=EDGE_CURVE('',#4373,#4374,#245,.T.);
#3164=EDGE_CURVE('',#4374,#4375,#349,.T.);
#3165=EDGE_CURVE('',#4375,#4376,#5177,.T.);
#3166=EDGE_CURVE('',#4376,#4377,#5178,.T.);
#3167=EDGE_CURVE('',#4377,#4378,#5179,.T.);
#3168=EDGE_CURVE('',#4378,#4379,#5180,.T.);
#3169=EDGE_CURVE('',#4379,#4380,#5181,.T.);
#3170=EDGE_CURVE('',#4380,#4381,#350,.T.);
#3171=EDGE_CURVE('',#4381,#4372,#246,.F.);
#3172=EDGE_CURVE('',#4382,#4383,#5182,.T.);
#3173=EDGE_CURVE('',#4383,#4384,#5183,.T.);
#3174=EDGE_CURVE('',#4384,#4385,#5184,.T.);
#3175=EDGE_CURVE('',#4385,#4386,#5185,.T.);
#3176=EDGE_CURVE('',#4386,#4387,#5186,.T.);
#3177=EDGE_CURVE('',#4387,#4382,#5187,.T.);
#3178=EDGE_CURVE('',#4388,#4389,#5188,.T.);
#3179=EDGE_CURVE('',#4389,#4390,#5189,.T.);
#3180=EDGE_CURVE('',#4390,#4391,#5190,.T.);
#3181=EDGE_CURVE('',#4391,#4392,#5191,.T.);
#3182=EDGE_CURVE('',#4392,#4393,#5192,.T.);
#3183=EDGE_CURVE('',#4393,#4394,#5193,.T.);
#3184=EDGE_CURVE('',#4394,#4395,#351,.T.);
#3185=EDGE_CURVE('',#4395,#4396,#352,.T.);
#3186=EDGE_CURVE('',#4396,#4397,#353,.T.);
#3187=EDGE_CURVE('',#4397,#4398,#5194,.T.);
#3188=EDGE_CURVE('',#4398,#4399,#247,.F.);
#3189=EDGE_CURVE('',#4399,#4400,#354,.T.);
#3190=EDGE_CURVE('',#4400,#4401,#355,.T.);
#3191=EDGE_CURVE('',#4401,#4402,#5195,.T.);
#3192=EDGE_CURVE('',#4402,#4403,#5196,.T.);
#3193=EDGE_CURVE('',#4403,#4404,#5197,.T.);
#3194=EDGE_CURVE('',#4404,#4405,#5198,.T.);
#3195=EDGE_CURVE('',#4405,#4388,#5199,.T.);
#3196=EDGE_CURVE('',#4406,#4407,#5200,.T.);
#3197=EDGE_CURVE('',#4407,#4408,#5201,.T.);
#3198=EDGE_CURVE('',#4408,#4409,#356,.T.);
#3199=EDGE_CURVE('',#4409,#4410,#357,.T.);
#3200=EDGE_CURVE('',#4410,#4411,#358,.T.);
#3201=EDGE_CURVE('',#4411,#4412,#5202,.T.);
#3202=EDGE_CURVE('',#4412,#4413,#5203,.T.);
#3203=EDGE_CURVE('',#4413,#4414,#5204,.T.);
#3204=EDGE_CURVE('',#4414,#4415,#248,.T.);
#3205=EDGE_CURVE('',#4415,#4416,#359,.T.);
#3206=EDGE_CURVE('',#4416,#4417,#360,.T.);
#3207=EDGE_CURVE('',#4417,#4418,#5205,.T.);
#3208=EDGE_CURVE('',#4418,#4419,#5206,.T.);
#3209=EDGE_CURVE('',#4419,#4406,#5207,.T.);
#3210=EDGE_CURVE('',#4420,#4421,#5208,.T.);
#3211=EDGE_CURVE('',#4421,#4422,#249,.T.);
#3212=EDGE_CURVE('',#4422,#4423,#361,.T.);
#3213=EDGE_CURVE('',#4423,#4424,#5209,.T.);
#3214=EDGE_CURVE('',#4424,#4425,#5210,.T.);
#3215=EDGE_CURVE('',#4425,#4426,#5211,.T.);
#3216=EDGE_CURVE('',#4426,#4427,#5212,.T.);
#3217=EDGE_CURVE('',#4427,#4428,#5213,.T.);
#3218=EDGE_CURVE('',#4428,#4429,#362,.T.);
#3219=EDGE_CURVE('',#4429,#4420,#250,.F.);
#3220=EDGE_CURVE('',#4430,#4431,#5214,.T.);
#3221=EDGE_CURVE('',#4431,#4432,#251,.T.);
#3222=EDGE_CURVE('',#4432,#4433,#363,.T.);
#3223=EDGE_CURVE('',#4433,#4434,#5215,.T.);
#3224=EDGE_CURVE('',#4434,#4435,#5216,.T.);
#3225=EDGE_CURVE('',#4435,#4436,#5217,.T.);
#3226=EDGE_CURVE('',#4436,#4437,#5218,.T.);
#3227=EDGE_CURVE('',#4437,#4438,#5219,.T.);
#3228=EDGE_CURVE('',#4438,#4439,#364,.T.);
#3229=EDGE_CURVE('',#4439,#4430,#252,.F.);
#3230=EDGE_CURVE('',#4440,#4441,#5220,.T.);
#3231=EDGE_CURVE('',#4441,#4442,#5221,.T.);
#3232=EDGE_CURVE('',#4442,#4443,#5222,.T.);
#3233=EDGE_CURVE('',#4443,#4444,#5223,.T.);
#3234=EDGE_CURVE('',#4444,#4445,#365,.T.);
#3235=EDGE_CURVE('',#4445,#4446,#366,.T.);
#3236=EDGE_CURVE('',#4446,#4447,#367,.T.);
#3237=EDGE_CURVE('',#4447,#4448,#5224,.T.);
#3238=EDGE_CURVE('',#4448,#4449,#5225,.T.);
#3239=EDGE_CURVE('',#4449,#4450,#368,.T.);
#3240=EDGE_CURVE('',#4450,#4451,#5226,.T.);
#3241=EDGE_CURVE('',#4451,#4452,#5227,.T.);
#3242=EDGE_CURVE('',#4452,#4440,#5228,.T.);
#3243=EDGE_CURVE('',#4453,#4454,#369,.T.);
#3244=EDGE_CURVE('',#4454,#4455,#370,.T.);
#3245=EDGE_CURVE('',#4455,#4456,#5229,.T.);
#3246=EDGE_CURVE('',#4456,#4457,#371,.T.);
#3247=EDGE_CURVE('',#4457,#4458,#372,.T.);
#3248=EDGE_CURVE('',#4458,#4459,#373,.T.);
#3249=EDGE_CURVE('',#4459,#4460,#374,.T.);
#3250=EDGE_CURVE('',#4460,#4461,#375,.T.);
#3251=EDGE_CURVE('',#4461,#4462,#5230,.T.);
#3252=EDGE_CURVE('',#4462,#4463,#376,.T.);
#3253=EDGE_CURVE('',#4463,#4464,#377,.T.);
#3254=EDGE_CURVE('',#4464,#4465,#253,.T.);
#3255=EDGE_CURVE('',#4465,#4466,#378,.T.);
#3256=EDGE_CURVE('',#4466,#4467,#5231,.T.);
#3257=EDGE_CURVE('',#4467,#4468,#379,.T.);
#3258=EDGE_CURVE('',#4468,#4469,#380,.T.);
#3259=EDGE_CURVE('',#4469,#4470,#381,.T.);
#3260=EDGE_CURVE('',#4470,#4471,#254,.F.);
#3261=EDGE_CURVE('',#4471,#4472,#382,.T.);
#3262=EDGE_CURVE('',#4472,#4473,#255,.F.);
#3263=EDGE_CURVE('',#4473,#4474,#383,.T.);
#3264=EDGE_CURVE('',#4474,#4475,#384,.T.);
#3265=EDGE_CURVE('',#4475,#4476,#5232,.T.);
#3266=EDGE_CURVE('',#4476,#4477,#385,.T.);
#3267=EDGE_CURVE('',#4477,#4453,#386,.T.);
#3268=EDGE_CURVE('',#4478,#4479,#5233,.T.);
#3269=EDGE_CURVE('',#4479,#4480,#5234,.T.);
#3270=EDGE_CURVE('',#4480,#4481,#5235,.T.);
#3271=EDGE_CURVE('',#4481,#4482,#5236,.T.);
#3272=EDGE_CURVE('',#4482,#4478,#5237,.T.);
#3273=EDGE_CURVE('',#4483,#4484,#5238,.T.);
#3274=EDGE_CURVE('',#4484,#4485,#5239,.T.);
#3275=EDGE_CURVE('',#4485,#4486,#5240,.T.);
#3276=EDGE_CURVE('',#4486,#4487,#387,.T.);
#3277=EDGE_CURVE('',#4487,#4488,#388,.T.);
#3278=EDGE_CURVE('',#4488,#4489,#389,.T.);
#3279=EDGE_CURVE('',#4489,#4490,#256,.F.);
#3280=EDGE_CURVE('',#4490,#4491,#390,.T.);
#3281=EDGE_CURVE('',#4491,#4492,#391,.T.);
#3282=EDGE_CURVE('',#4492,#4483,#392,.T.);
#3283=EDGE_CURVE('',#4493,#4494,#393,.T.);
#3284=EDGE_CURVE('',#4494,#4495,#394,.T.);
#3285=EDGE_CURVE('',#4495,#4496,#395,.T.);
#3286=EDGE_CURVE('',#4496,#4497,#396,.T.);
#3287=EDGE_CURVE('',#4497,#4498,#397,.T.);
#3288=EDGE_CURVE('',#4498,#4499,#398,.T.);
#3289=EDGE_CURVE('',#4499,#4500,#399,.T.);
#3290=EDGE_CURVE('',#4500,#4501,#257,.F.);
#3291=EDGE_CURVE('',#4501,#4502,#400,.T.);
#3292=EDGE_CURVE('',#4502,#4503,#401,.T.);
#3293=EDGE_CURVE('',#4503,#4504,#402,.T.);
#3294=EDGE_CURVE('',#4504,#4505,#403,.T.);
#3295=EDGE_CURVE('',#4505,#4506,#404,.T.);
#3296=EDGE_CURVE('',#4506,#4493,#405,.T.);
#3297=EDGE_CURVE('',#4507,#4508,#258,.F.);
#3298=EDGE_CURVE('',#4508,#4509,#406,.T.);
#3299=EDGE_CURVE('',#4509,#4510,#259,.F.);
#3300=EDGE_CURVE('',#4510,#4511,#407,.T.);
#3301=EDGE_CURVE('',#4511,#4512,#5241,.T.);
#3302=EDGE_CURVE('',#4512,#4513,#260,.F.);
#3303=EDGE_CURVE('',#4513,#4514,#408,.T.);
#3304=EDGE_CURVE('',#4514,#4515,#409,.T.);
#3305=EDGE_CURVE('',#4515,#4516,#410,.T.);
#3306=EDGE_CURVE('',#4516,#4517,#411,.T.);
#3307=EDGE_CURVE('',#4517,#4518,#5242,.T.);
#3308=EDGE_CURVE('',#4518,#4519,#5243,.T.);
#3309=EDGE_CURVE('',#4519,#4520,#412,.T.);
#3310=EDGE_CURVE('',#4520,#4521,#413,.T.);
#3311=EDGE_CURVE('',#4521,#4522,#414,.T.);
#3312=EDGE_CURVE('',#4522,#4523,#5244,.T.);
#3313=EDGE_CURVE('',#4523,#4507,#415,.T.);
#3314=EDGE_CURVE('',#4524,#4525,#261,.F.);
#3315=EDGE_CURVE('',#4525,#4526,#416,.T.);
#3316=EDGE_CURVE('',#4526,#4527,#262,.F.);
#3317=EDGE_CURVE('',#4527,#4528,#417,.T.);
#3318=EDGE_CURVE('',#4528,#4529,#5245,.T.);
#3319=EDGE_CURVE('',#4529,#4530,#263,.F.);
#3320=EDGE_CURVE('',#4530,#4531,#418,.T.);
#3321=EDGE_CURVE('',#4531,#4532,#419,.T.);
#3322=EDGE_CURVE('',#4532,#4533,#420,.T.);
#3323=EDGE_CURVE('',#4533,#4534,#421,.T.);
#3324=EDGE_CURVE('',#4534,#4535,#5246,.T.);
#3325=EDGE_CURVE('',#4535,#4536,#5247,.T.);
#3326=EDGE_CURVE('',#4536,#4537,#422,.T.);
#3327=EDGE_CURVE('',#4537,#4538,#423,.T.);
#3328=EDGE_CURVE('',#4538,#4539,#424,.T.);
#3329=EDGE_CURVE('',#4539,#4540,#5248,.T.);
#3330=EDGE_CURVE('',#4540,#4524,#425,.T.);
#3331=EDGE_CURVE('',#4541,#4541,#264,.T.);
#3332=EDGE_CURVE('',#4542,#4542,#265,.T.);
#3333=EDGE_CURVE('',#4543,#4543,#266,.T.);
#3334=EDGE_CURVE('',#4544,#4544,#267,.T.);
#3335=EDGE_CURVE('',#4545,#4545,#268,.T.);
#3336=EDGE_CURVE('',#4546,#4547,#5249,.T.);
#3337=EDGE_CURVE('',#4548,#4546,#5250,.T.);
#3338=EDGE_CURVE('',#4548,#4549,#5251,.T.);
#3339=EDGE_CURVE('',#4549,#4550,#5252,.T.);
#3340=EDGE_CURVE('',#4550,#4551,#5253,.T.);
#3341=EDGE_CURVE('',#4547,#4551,#5254,.T.);
#3342=EDGE_CURVE('',#4552,#4553,#5255,.T.);
#3343=EDGE_CURVE('',#4553,#4554,#5256,.T.);
#3344=EDGE_CURVE('',#4554,#4555,#426,.T.);
#3345=EDGE_CURVE('',#4555,#4556,#427,.T.);
#3346=EDGE_CURVE('',#4556,#4557,#428,.T.);
#3347=EDGE_CURVE('',#4557,#4558,#269,.F.);
#3348=EDGE_CURVE('',#4558,#4559,#429,.T.);
#3349=EDGE_CURVE('',#4559,#4560,#5257,.T.);
#3350=EDGE_CURVE('',#4560,#4561,#5258,.T.);
#3351=EDGE_CURVE('',#4561,#4562,#5259,.T.);
#3352=EDGE_CURVE('',#4562,#4563,#270,.T.);
#3353=EDGE_CURVE('',#4563,#4564,#430,.T.);
#3354=EDGE_CURVE('',#4564,#4565,#431,.T.);
#3355=EDGE_CURVE('',#4565,#4566,#432,.T.);
#3356=EDGE_CURVE('',#4566,#4552,#5260,.T.);
#3357=EDGE_CURVE('',#4567,#4568,#433,.T.);
#3358=EDGE_CURVE('',#4568,#4569,#434,.T.);
#3359=EDGE_CURVE('',#4569,#4570,#435,.T.);
#3360=EDGE_CURVE('',#4570,#4571,#436,.T.);
#3361=EDGE_CURVE('',#4571,#4572,#437,.T.);
#3362=EDGE_CURVE('',#4572,#4573,#438,.T.);
#3363=EDGE_CURVE('',#4573,#4574,#439,.T.);
#3364=EDGE_CURVE('',#4574,#4575,#440,.T.);
#3365=EDGE_CURVE('',#4575,#4576,#441,.T.);
#3366=EDGE_CURVE('',#4576,#4567,#442,.T.);
#3367=EDGE_CURVE('',#4577,#4578,#271,.F.);
#3368=EDGE_CURVE('',#4578,#4579,#443,.T.);
#3369=EDGE_CURVE('',#4579,#4580,#272,.F.);
#3370=EDGE_CURVE('',#4580,#4581,#444,.T.);
#3371=EDGE_CURVE('',#4581,#4582,#5261,.T.);
#3372=EDGE_CURVE('',#4582,#4583,#273,.F.);
#3373=EDGE_CURVE('',#4583,#4584,#445,.T.);
#3374=EDGE_CURVE('',#4584,#4585,#446,.T.);
#3375=EDGE_CURVE('',#4585,#4586,#447,.T.);
#3376=EDGE_CURVE('',#4586,#4587,#448,.T.);
#3377=EDGE_CURVE('',#4587,#4588,#5262,.T.);
#3378=EDGE_CURVE('',#4588,#4589,#5263,.T.);
#3379=EDGE_CURVE('',#4589,#4590,#449,.T.);
#3380=EDGE_CURVE('',#4590,#4591,#450,.T.);
#3381=EDGE_CURVE('',#4591,#4592,#451,.T.);
#3382=EDGE_CURVE('',#4592,#4593,#5264,.T.);
#3383=EDGE_CURVE('',#4593,#4577,#452,.T.);
#3384=EDGE_CURVE('',#4594,#4595,#274,.F.);
#3385=EDGE_CURVE('',#4595,#4596,#453,.T.);
#3386=EDGE_CURVE('',#4596,#4597,#275,.F.);
#3387=EDGE_CURVE('',#4597,#4598,#454,.T.);
#3388=EDGE_CURVE('',#4598,#4599,#5265,.T.);
#3389=EDGE_CURVE('',#4599,#4600,#276,.F.);
#3390=EDGE_CURVE('',#4600,#4601,#455,.T.);
#3391=EDGE_CURVE('',#4601,#4602,#456,.T.);
#3392=EDGE_CURVE('',#4602,#4603,#457,.T.);
#3393=EDGE_CURVE('',#4603,#4604,#458,.T.);
#3394=EDGE_CURVE('',#4604,#4605,#5266,.T.);
#3395=EDGE_CURVE('',#4605,#4606,#5267,.T.);
#3396=EDGE_CURVE('',#4606,#4607,#459,.T.);
#3397=EDGE_CURVE('',#4607,#4608,#460,.T.);
#3398=EDGE_CURVE('',#4608,#4609,#461,.T.);
#3399=EDGE_CURVE('',#4609,#4610,#5268,.T.);
#3400=EDGE_CURVE('',#4610,#4594,#462,.T.);
#3401=EDGE_CURVE('',#4611,#4612,#277,.F.);
#3402=EDGE_CURVE('',#4612,#4613,#463,.T.);
#3403=EDGE_CURVE('',#4613,#4614,#464,.T.);
#3404=EDGE_CURVE('',#4614,#4615,#465,.T.);
#3405=EDGE_CURVE('',#4615,#4616,#5269,.T.);
#3406=EDGE_CURVE('',#4616,#4617,#5270,.T.);
#3407=EDGE_CURVE('',#4617,#4618,#5271,.T.);
#3408=EDGE_CURVE('',#4618,#4619,#466,.T.);
#3409=EDGE_CURVE('',#4619,#4620,#467,.T.);
#3410=EDGE_CURVE('',#4620,#4621,#278,.F.);
#3411=EDGE_CURVE('',#4621,#4622,#279,.F.);
#3412=EDGE_CURVE('',#4622,#4623,#5272,.T.);
#3413=EDGE_CURVE('',#4623,#4624,#468,.T.);
#3414=EDGE_CURVE('',#4624,#4625,#469,.T.);
#3415=EDGE_CURVE('',#4625,#4626,#470,.T.);
#3416=EDGE_CURVE('',#4626,#4627,#5273,.T.);
#3417=EDGE_CURVE('',#4627,#4628,#471,.T.);
#3418=EDGE_CURVE('',#4628,#4629,#472,.T.);
#3419=EDGE_CURVE('',#4629,#4611,#473,.T.);
#3420=EDGE_CURVE('',#4630,#4631,#5274,.T.);
#3421=EDGE_CURVE('',#4631,#4632,#280,.T.);
#3422=EDGE_CURVE('',#4632,#4633,#474,.T.);
#3423=EDGE_CURVE('',#4633,#4634,#5275,.T.);
#3424=EDGE_CURVE('',#4634,#4635,#5276,.T.);
#3425=EDGE_CURVE('',#4635,#4636,#5277,.T.);
#3426=EDGE_CURVE('',#4636,#4637,#5278,.T.);
#3427=EDGE_CURVE('',#4637,#4638,#5279,.T.);
#3428=EDGE_CURVE('',#4638,#4639,#475,.T.);
#3429=EDGE_CURVE('',#4639,#4630,#281,.F.);
#3430=EDGE_CURVE('',#4640,#4641,#5280,.T.);
#3431=EDGE_CURVE('',#4641,#4642,#5281,.T.);
#3432=EDGE_CURVE('',#4642,#4643,#5282,.T.);
#3433=EDGE_CURVE('',#4643,#4644,#5283,.T.);
#3434=EDGE_CURVE('',#4644,#4645,#5284,.T.);
#3435=EDGE_CURVE('',#4645,#4646,#5285,.T.);
#3436=EDGE_CURVE('',#4646,#4647,#476,.T.);
#3437=EDGE_CURVE('',#4647,#4648,#477,.T.);
#3438=EDGE_CURVE('',#4648,#4649,#478,.T.);
#3439=EDGE_CURVE('',#4649,#4650,#5286,.T.);
#3440=EDGE_CURVE('',#4650,#4651,#282,.F.);
#3441=EDGE_CURVE('',#4651,#4652,#479,.T.);
#3442=EDGE_CURVE('',#4652,#4653,#480,.T.);
#3443=EDGE_CURVE('',#4653,#4654,#5287,.T.);
#3444=EDGE_CURVE('',#4654,#4655,#5288,.T.);
#3445=EDGE_CURVE('',#4655,#4656,#5289,.T.);
#3446=EDGE_CURVE('',#4656,#4657,#5290,.T.);
#3447=EDGE_CURVE('',#4657,#4640,#5291,.T.);
#3448=EDGE_CURVE('',#4658,#4659,#5292,.T.);
#3449=EDGE_CURVE('',#4659,#4660,#481,.T.);
#3450=EDGE_CURVE('',#4660,#4661,#482,.T.);
#3451=EDGE_CURVE('',#4661,#4662,#483,.T.);
#3452=EDGE_CURVE('',#4662,#4663,#5293,.T.);
#3453=EDGE_CURVE('',#4663,#4664,#5294,.T.);
#3454=EDGE_CURVE('',#4664,#4665,#5295,.T.);
#3455=EDGE_CURVE('',#4665,#4666,#283,.T.);
#3456=EDGE_CURVE('',#4666,#4667,#484,.T.);
#3457=EDGE_CURVE('',#4667,#4668,#485,.T.);
#3458=EDGE_CURVE('',#4668,#4669,#5296,.T.);
#3459=EDGE_CURVE('',#4669,#4670,#5297,.T.);
#3460=EDGE_CURVE('',#4670,#4671,#5298,.T.);
#3461=EDGE_CURVE('',#4671,#4658,#5299,.T.);
#3462=EDGE_CURVE('',#4672,#4673,#5300,.T.);
#3463=EDGE_CURVE('',#4672,#4674,#5301,.T.);
#3464=EDGE_CURVE('',#4674,#4675,#5302,.T.);
#3465=EDGE_CURVE('',#4673,#4675,#5303,.T.);
#3466=EDGE_CURVE('',#4676,#4549,#5304,.T.);
#3467=EDGE_CURVE('',#4676,#4677,#5305,.T.);
#3468=EDGE_CURVE('',#4550,#4677,#5306,.T.);
#3469=EDGE_CURVE('',#4677,#4678,#5307,.T.);
#3470=EDGE_CURVE('',#4551,#4678,#5308,.T.);
#3471=EDGE_CURVE('',#4679,#4678,#5309,.T.);
#3472=EDGE_CURVE('',#4547,#4679,#5310,.T.);
#3473=EDGE_CURVE('',#4680,#4679,#5311,.T.);
#3474=EDGE_CURVE('',#4546,#4680,#5312,.T.);
#3475=EDGE_CURVE('',#4681,#4681,#284,.T.);
#3476=EDGE_CURVE('',#4682,#4682,#285,.T.);
#3477=EDGE_CURVE('',#4683,#4683,#286,.T.);
#3478=EDGE_CURVE('',#4684,#4684,#287,.T.);
#3479=EDGE_CURVE('',#4685,#4685,#288,.T.);
#3480=EDGE_CURVE('',#4686,#4680,#5313,.T.);
#3481=EDGE_CURVE('',#4686,#4676,#5314,.T.);
#3482=EDGE_CURVE('',#4548,#4686,#5315,.T.);
#3483=EDGE_CURVE('',#4687,#4553,#5316,.T.);
#3484=EDGE_CURVE('',#4687,#4688,#5317,.T.);
#3485=EDGE_CURVE('',#4688,#4554,#5318,.T.);
#3486=EDGE_CURVE('',#4689,#4552,#5319,.T.);
#3487=EDGE_CURVE('',#4689,#4687,#5320,.T.);
#3488=EDGE_CURVE('',#4690,#4566,#5321,.T.);
#3489=EDGE_CURVE('',#4690,#4689,#5322,.T.);
#3490=EDGE_CURVE('',#4691,#4565,#5323,.T.);
#3491=EDGE_CURVE('',#4691,#4690,#486,.T.);
#3492=EDGE_CURVE('',#4692,#4564,#5324,.T.);
#3493=EDGE_CURVE('',#4692,#4691,#487,.T.);
#3494=EDGE_CURVE('',#4693,#4563,#5325,.T.);
#3495=EDGE_CURVE('',#4693,#4692,#488,.T.);
#3496=EDGE_CURVE('',#4694,#4562,#5326,.T.);
#3497=EDGE_CURVE('',#4694,#4693,#289,.T.);
#3498=EDGE_CURVE('',#4695,#4561,#5327,.T.);
#3499=EDGE_CURVE('',#4695,#4694,#5328,.T.);
#3500=EDGE_CURVE('',#4696,#4560,#5329,.T.);
#3501=EDGE_CURVE('',#4696,#4695,#5330,.T.);
#3502=EDGE_CURVE('',#4697,#4559,#5331,.T.);
#3503=EDGE_CURVE('',#4697,#4696,#5332,.T.);
#3504=EDGE_CURVE('',#4698,#4558,#5333,.T.);
#3505=EDGE_CURVE('',#4698,#4697,#489,.T.);
#3506=EDGE_CURVE('',#4699,#4557,#5334,.T.);
#3507=EDGE_CURVE('',#4699,#4698,#290,.F.);
#3508=EDGE_CURVE('',#4700,#4556,#5335,.T.);
#3509=EDGE_CURVE('',#4700,#4699,#490,.T.);
#3510=EDGE_CURVE('',#4701,#4555,#5336,.T.);
#3511=EDGE_CURVE('',#4701,#4700,#491,.T.);
#3512=EDGE_CURVE('',#4688,#4701,#492,.T.);
#3513=EDGE_CURVE('',#4702,#4703,#291,.T.);
#3514=EDGE_CURVE('',#4704,#4702,#5337,.T.);
#3515=EDGE_CURVE('',#4704,#4705,#292,.T.);
#3516=EDGE_CURVE('',#4705,#4703,#5338,.T.);
#3517=EDGE_CURVE('',#4706,#4702,#493,.T.);
#3518=EDGE_CURVE('',#4707,#4706,#5339,.T.);
#3519=EDGE_CURVE('',#4707,#4704,#494,.T.);
#3520=EDGE_CURVE('',#4708,#4706,#495,.T.);
#3521=EDGE_CURVE('',#4709,#4708,#5340,.T.);
#3522=EDGE_CURVE('',#4709,#4707,#496,.T.);
#3523=EDGE_CURVE('',#4710,#4708,#293,.T.);
#3524=EDGE_CURVE('',#4711,#4710,#5341,.T.);
#3525=EDGE_CURVE('',#4711,#4709,#294,.T.);
#3526=EDGE_CURVE('',#4712,#4710,#5342,.T.);
#3527=EDGE_CURVE('',#4713,#4712,#5343,.T.);
#3528=EDGE_CURVE('',#4713,#4711,#5344,.T.);
#3529=EDGE_CURVE('',#4714,#4712,#5345,.T.);
#3530=EDGE_CURVE('',#4715,#4714,#5346,.T.);
#3531=EDGE_CURVE('',#4715,#4713,#5347,.T.);
#3532=EDGE_CURVE('',#4716,#4525,#5348,.T.);
#3533=EDGE_CURVE('',#4716,#4717,#497,.T.);
#3534=EDGE_CURVE('',#4717,#4526,#5349,.T.);
#3535=EDGE_CURVE('',#4718,#4524,#5350,.T.);
#3536=EDGE_CURVE('',#4718,#4716,#295,.F.);
#3537=EDGE_CURVE('',#4719,#4540,#5351,.T.);
#3538=EDGE_CURVE('',#4719,#4718,#498,.T.);
#3539=EDGE_CURVE('',#4720,#4539,#5352,.T.);
#3540=EDGE_CURVE('',#4720,#4719,#5353,.T.);
#3541=EDGE_CURVE('',#4721,#4538,#5354,.T.);
#3542=EDGE_CURVE('',#4721,#4720,#499,.T.);
#3543=EDGE_CURVE('',#4722,#4537,#5355,.T.);
#3544=EDGE_CURVE('',#4722,#4721,#500,.T.);
#3545=EDGE_CURVE('',#4723,#4536,#5356,.T.);
#3546=EDGE_CURVE('',#4723,#4722,#501,.T.);
#3547=EDGE_CURVE('',#4724,#4535,#5357,.T.);
#3548=EDGE_CURVE('',#4724,#4723,#5358,.T.);
#3549=EDGE_CURVE('',#4725,#4534,#5359,.T.);
#3550=EDGE_CURVE('',#4725,#4724,#5360,.T.);
#3551=EDGE_CURVE('',#4726,#4533,#5361,.T.);
#3552=EDGE_CURVE('',#4726,#4725,#502,.T.);
#3553=EDGE_CURVE('',#4727,#4532,#5362,.T.);
#3554=EDGE_CURVE('',#4727,#4726,#503,.T.);
#3555=EDGE_CURVE('',#4728,#4531,#5363,.T.);
#3556=EDGE_CURVE('',#4728,#4727,#504,.T.);
#3557=EDGE_CURVE('',#4729,#4530,#5364,.T.);
#3558=EDGE_CURVE('',#4729,#4728,#505,.T.);
#3559=EDGE_CURVE('',#4730,#4529,#5365,.T.);
#3560=EDGE_CURVE('',#4730,#4729,#296,.F.);
#3561=EDGE_CURVE('',#4731,#4528,#5366,.T.);
#3562=EDGE_CURVE('',#4731,#4730,#5367,.T.);
#3563=EDGE_CURVE('',#4732,#4527,#5368,.T.);
#3564=EDGE_CURVE('',#4732,#4731,#506,.T.);
#3565=EDGE_CURVE('',#4717,#4732,#297,.F.);
#3566=EDGE_CURVE('',#4703,#4714,#507,.T.);
#3567=EDGE_CURVE('',#4705,#4715,#508,.T.);
#3568=EDGE_CURVE('',#4733,#4734,#509,.T.);
#3569=EDGE_CURVE('',#4735,#4733,#5369,.T.);
#3570=EDGE_CURVE('',#4735,#4736,#510,.T.);
#3571=EDGE_CURVE('',#4736,#4734,#5370,.T.);
#3572=EDGE_CURVE('',#4737,#4733,#511,.T.);
#3573=EDGE_CURVE('',#4738,#4737,#5371,.T.);
#3574=EDGE_CURVE('',#4738,#4735,#512,.T.);
#3575=EDGE_CURVE('',#4739,#4737,#513,.T.);
#3576=EDGE_CURVE('',#4740,#4739,#5372,.T.);
#3577=EDGE_CURVE('',#4740,#4738,#514,.T.);
#3578=EDGE_CURVE('',#4741,#4739,#515,.T.);
#3579=EDGE_CURVE('',#4742,#4741,#5373,.T.);
#3580=EDGE_CURVE('',#4742,#4740,#516,.T.);
#3581=EDGE_CURVE('',#4743,#4741,#517,.T.);
#3582=EDGE_CURVE('',#4744,#4743,#5374,.T.);
#3583=EDGE_CURVE('',#4744,#4742,#518,.T.);
#3584=EDGE_CURVE('',#4745,#4743,#519,.T.);
#3585=EDGE_CURVE('',#4746,#4745,#5375,.T.);
#3586=EDGE_CURVE('',#4746,#4744,#520,.T.);
#3587=EDGE_CURVE('',#4747,#4745,#521,.T.);
#3588=EDGE_CURVE('',#4748,#4747,#5376,.T.);
#3589=EDGE_CURVE('',#4748,#4746,#522,.T.);
#3590=EDGE_CURVE('',#4749,#4568,#5377,.T.);
#3591=EDGE_CURVE('',#4749,#4750,#523,.T.);
#3592=EDGE_CURVE('',#4750,#4569,#5378,.T.);
#3593=EDGE_CURVE('',#4751,#4567,#5379,.T.);
#3594=EDGE_CURVE('',#4751,#4749,#524,.T.);
#3595=EDGE_CURVE('',#4752,#4576,#5380,.T.);
#3596=EDGE_CURVE('',#4752,#4751,#525,.T.);
#3597=EDGE_CURVE('',#4753,#4575,#5381,.T.);
#3598=EDGE_CURVE('',#4753,#4752,#526,.T.);
#3599=EDGE_CURVE('',#4754,#4574,#5382,.T.);
#3600=EDGE_CURVE('',#4754,#4753,#527,.T.);
#3601=EDGE_CURVE('',#4755,#4573,#5383,.T.);
#3602=EDGE_CURVE('',#4755,#4754,#528,.T.);
#3603=EDGE_CURVE('',#4756,#4572,#5384,.T.);
#3604=EDGE_CURVE('',#4756,#4755,#529,.T.);
#3605=EDGE_CURVE('',#4757,#4571,#5385,.T.);
#3606=EDGE_CURVE('',#4757,#4756,#530,.T.);
#3607=EDGE_CURVE('',#4758,#4570,#5386,.T.);
#3608=EDGE_CURVE('',#4758,#4757,#531,.T.);
#3609=EDGE_CURVE('',#4750,#4758,#532,.T.);
#3610=EDGE_CURVE('',#4734,#4747,#533,.T.);
#3611=EDGE_CURVE('',#4736,#4748,#534,.T.);
#3612=EDGE_CURVE('',#4759,#4760,#298,.T.);
#3613=EDGE_CURVE('',#4761,#4759,#5387,.T.);
#3614=EDGE_CURVE('',#4761,#4762,#299,.T.);
#3615=EDGE_CURVE('',#4762,#4760,#5388,.T.);
#3616=EDGE_CURVE('',#4763,#4759,#535,.T.);
#3617=EDGE_CURVE('',#4764,#4763,#5389,.T.);
#3618=EDGE_CURVE('',#4764,#4761,#536,.T.);
#3619=EDGE_CURVE('',#4765,#4763,#537,.T.);
#3620=EDGE_CURVE('',#4766,#4765,#5390,.T.);
#3621=EDGE_CURVE('',#4766,#4764,#538,.T.);
#3622=EDGE_CURVE('',#4767,#4765,#300,.T.);
#3623=EDGE_CURVE('',#4768,#4767,#5391,.T.);
#3624=EDGE_CURVE('',#4768,#4766,#301,.T.);
#3625=EDGE_CURVE('',#4769,#4767,#5392,.T.);
#3626=EDGE_CURVE('',#4770,#4769,#5393,.T.);
#3627=EDGE_CURVE('',#4770,#4768,#5394,.T.);
#3628=EDGE_CURVE('',#4771,#4769,#5395,.T.);
#3629=EDGE_CURVE('',#4772,#4771,#5396,.T.);
#3630=EDGE_CURVE('',#4772,#4770,#5397,.T.);
#3631=EDGE_CURVE('',#4773,#4508,#5398,.T.);
#3632=EDGE_CURVE('',#4773,#4774,#539,.T.);
#3633=EDGE_CURVE('',#4774,#4509,#5399,.T.);
#3634=EDGE_CURVE('',#4775,#4507,#5400,.T.);
#3635=EDGE_CURVE('',#4775,#4773,#302,.F.);
#3636=EDGE_CURVE('',#4776,#4523,#5401,.T.);
#3637=EDGE_CURVE('',#4776,#4775,#540,.T.);
#3638=EDGE_CURVE('',#4777,#4522,#5402,.T.);
#3639=EDGE_CURVE('',#4777,#4776,#5403,.T.);
#3640=EDGE_CURVE('',#4778,#4521,#5404,.T.);
#3641=EDGE_CURVE('',#4778,#4777,#541,.T.);
#3642=EDGE_CURVE('',#4779,#4520,#5405,.T.);
#3643=EDGE_CURVE('',#4779,#4778,#542,.T.);
#3644=EDGE_CURVE('',#4780,#4519,#5406,.T.);
#3645=EDGE_CURVE('',#4780,#4779,#543,.T.);
#3646=EDGE_CURVE('',#4781,#4518,#5407,.T.);
#3647=EDGE_CURVE('',#4781,#4780,#5408,.T.);
#3648=EDGE_CURVE('',#4782,#4517,#5409,.T.);
#3649=EDGE_CURVE('',#4782,#4781,#5410,.T.);
#3650=EDGE_CURVE('',#4783,#4516,#5411,.T.);
#3651=EDGE_CURVE('',#4783,#4782,#544,.T.);
#3652=EDGE_CURVE('',#4784,#4515,#5412,.T.);
#3653=EDGE_CURVE('',#4784,#4783,#545,.T.);
#3654=EDGE_CURVE('',#4785,#4514,#5413,.T.);
#3655=EDGE_CURVE('',#4785,#4784,#546,.T.);
#3656=EDGE_CURVE('',#4786,#4513,#5414,.T.);
#3657=EDGE_CURVE('',#4786,#4785,#547,.T.);
#3658=EDGE_CURVE('',#4787,#4512,#5415,.T.);
#3659=EDGE_CURVE('',#4787,#4786,#303,.F.);
#3660=EDGE_CURVE('',#4788,#4511,#5416,.T.);
#3661=EDGE_CURVE('',#4788,#4787,#5417,.T.);
#3662=EDGE_CURVE('',#4789,#4510,#5418,.T.);
#3663=EDGE_CURVE('',#4789,#4788,#548,.T.);
#3664=EDGE_CURVE('',#4774,#4789,#304,.F.);
#3665=EDGE_CURVE('',#4760,#4771,#549,.T.);
#3666=EDGE_CURVE('',#4762,#4772,#550,.T.);
#3667=EDGE_CURVE('',#4790,#4791,#305,.T.);
#3668=EDGE_CURVE('',#4792,#4790,#5419,.T.);
#3669=EDGE_CURVE('',#4792,#4793,#306,.T.);
#3670=EDGE_CURVE('',#4793,#4791,#5420,.T.);
#3671=EDGE_CURVE('',#4794,#4790,#551,.T.);
#3672=EDGE_CURVE('',#4795,#4794,#5421,.T.);
#3673=EDGE_CURVE('',#4795,#4792,#552,.T.);
#3674=EDGE_CURVE('',#4796,#4794,#553,.T.);
#3675=EDGE_CURVE('',#4797,#4796,#5422,.T.);
#3676=EDGE_CURVE('',#4797,#4795,#554,.T.);
#3677=EDGE_CURVE('',#4798,#4796,#307,.T.);
#3678=EDGE_CURVE('',#4799,#4798,#5423,.T.);
#3679=EDGE_CURVE('',#4799,#4797,#308,.T.);
#3680=EDGE_CURVE('',#4800,#4798,#5424,.T.);
#3681=EDGE_CURVE('',#4801,#4800,#5425,.T.);
#3682=EDGE_CURVE('',#4801,#4799,#5426,.T.);
#3683=EDGE_CURVE('',#4802,#4800,#5427,.T.);
#3684=EDGE_CURVE('',#4803,#4802,#5428,.T.);
#3685=EDGE_CURVE('',#4803,#4801,#5429,.T.);
#3686=EDGE_CURVE('',#4804,#4578,#5430,.T.);
#3687=EDGE_CURVE('',#4804,#4805,#555,.T.);
#3688=EDGE_CURVE('',#4805,#4579,#5431,.T.);
#3689=EDGE_CURVE('',#4806,#4577,#5432,.T.);
#3690=EDGE_CURVE('',#4806,#4804,#309,.F.);
#3691=EDGE_CURVE('',#4807,#4593,#5433,.T.);
#3692=EDGE_CURVE('',#4807,#4806,#556,.T.);
#3693=EDGE_CURVE('',#4808,#4592,#5434,.T.);
#3694=EDGE_CURVE('',#4808,#4807,#5435,.T.);
#3695=EDGE_CURVE('',#4809,#4591,#5436,.T.);
#3696=EDGE_CURVE('',#4809,#4808,#557,.T.);
#3697=EDGE_CURVE('',#4810,#4590,#5437,.T.);
#3698=EDGE_CURVE('',#4810,#4809,#558,.T.);
#3699=EDGE_CURVE('',#4811,#4589,#5438,.T.);
#3700=EDGE_CURVE('',#4811,#4810,#559,.T.);
#3701=EDGE_CURVE('',#4812,#4588,#5439,.T.);
#3702=EDGE_CURVE('',#4812,#4811,#5440,.T.);
#3703=EDGE_CURVE('',#4813,#4587,#5441,.T.);
#3704=EDGE_CURVE('',#4813,#4812,#5442,.T.);
#3705=EDGE_CURVE('',#4814,#4586,#5443,.T.);
#3706=EDGE_CURVE('',#4814,#4813,#560,.T.);
#3707=EDGE_CURVE('',#4815,#4585,#5444,.T.);
#3708=EDGE_CURVE('',#4815,#4814,#561,.T.);
#3709=EDGE_CURVE('',#4816,#4584,#5445,.T.);
#3710=EDGE_CURVE('',#4816,#4815,#562,.T.);
#3711=EDGE_CURVE('',#4817,#4583,#5446,.T.);
#3712=EDGE_CURVE('',#4817,#4816,#563,.T.);
#3713=EDGE_CURVE('',#4818,#4582,#5447,.T.);
#3714=EDGE_CURVE('',#4818,#4817,#310,.F.);
#3715=EDGE_CURVE('',#4819,#4581,#5448,.T.);
#3716=EDGE_CURVE('',#4819,#4818,#5449,.T.);
#3717=EDGE_CURVE('',#4820,#4580,#5450,.T.);
#3718=EDGE_CURVE('',#4820,#4819,#564,.T.);
#3719=EDGE_CURVE('',#4805,#4820,#311,.F.);
#3720=EDGE_CURVE('',#4791,#4802,#565,.T.);
#3721=EDGE_CURVE('',#4793,#4803,#566,.T.);
#3722=EDGE_CURVE('',#4821,#4822,#5451,.T.);
#3723=EDGE_CURVE('',#4823,#4821,#5452,.T.);
#3724=EDGE_CURVE('',#4823,#4824,#5453,.T.);
#3725=EDGE_CURVE('',#4824,#4822,#5454,.T.);
#3726=EDGE_CURVE('',#4825,#4821,#5455,.T.);
#3727=EDGE_CURVE('',#4826,#4825,#5456,.T.);
#3728=EDGE_CURVE('',#4826,#4823,#5457,.T.);
#3729=EDGE_CURVE('',#4827,#4825,#567,.T.);
#3730=EDGE_CURVE('',#4828,#4827,#5458,.T.);
#3731=EDGE_CURVE('',#4828,#4826,#568,.T.);
#3732=EDGE_CURVE('',#4829,#4827,#569,.T.);
#3733=EDGE_CURVE('',#4830,#4829,#5459,.T.);
#3734=EDGE_CURVE('',#4830,#4828,#570,.T.);
#3735=EDGE_CURVE('',#4831,#4829,#571,.T.);
#3736=EDGE_CURVE('',#4832,#4831,#5460,.T.);
#3737=EDGE_CURVE('',#4832,#4830,#572,.T.);
#3738=EDGE_CURVE('',#4833,#4831,#573,.T.);
#3739=EDGE_CURVE('',#4834,#4833,#5461,.T.);
#3740=EDGE_CURVE('',#4834,#4832,#574,.T.);
#3741=EDGE_CURVE('',#4835,#4833,#575,.T.);
#3742=EDGE_CURVE('',#4836,#4835,#5462,.T.);
#3743=EDGE_CURVE('',#4836,#4834,#576,.T.);
#3744=EDGE_CURVE('',#4837,#4835,#577,.T.);
#3745=EDGE_CURVE('',#4838,#4837,#5463,.T.);
#3746=EDGE_CURVE('',#4838,#4836,#578,.T.);
#3747=EDGE_CURVE('',#4839,#4837,#579,.T.);
#3748=EDGE_CURVE('',#4840,#4839,#5464,.T.);
#3749=EDGE_CURVE('',#4840,#4838,#580,.T.);
#3750=EDGE_CURVE('',#4841,#4494,#5465,.T.);
#3751=EDGE_CURVE('',#4841,#4842,#581,.T.);
#3752=EDGE_CURVE('',#4842,#4495,#5466,.T.);
#3753=EDGE_CURVE('',#4843,#4493,#5467,.T.);
#3754=EDGE_CURVE('',#4843,#4841,#582,.T.);
#3755=EDGE_CURVE('',#4844,#4506,#5468,.T.);
#3756=EDGE_CURVE('',#4844,#4843,#583,.T.);
#3757=EDGE_CURVE('',#4845,#4505,#5469,.T.);
#3758=EDGE_CURVE('',#4845,#4844,#584,.T.);
#3759=EDGE_CURVE('',#4846,#4504,#5470,.T.);
#3760=EDGE_CURVE('',#4846,#4845,#585,.T.);
#3761=EDGE_CURVE('',#4847,#4503,#5471,.T.);
#3762=EDGE_CURVE('',#4847,#4846,#586,.T.);
#3763=EDGE_CURVE('',#4848,#4502,#5472,.T.);
#3764=EDGE_CURVE('',#4848,#4847,#587,.T.);
#3765=EDGE_CURVE('',#4849,#4501,#5473,.T.);
#3766=EDGE_CURVE('',#4849,#4848,#588,.T.);
#3767=EDGE_CURVE('',#4850,#4500,#5474,.T.);
#3768=EDGE_CURVE('',#4850,#4849,#312,.F.);
#3769=EDGE_CURVE('',#4851,#4499,#5475,.T.);
#3770=EDGE_CURVE('',#4851,#4850,#589,.T.);
#3771=EDGE_CURVE('',#4852,#4498,#5476,.T.);
#3772=EDGE_CURVE('',#4852,#4851,#590,.T.);
#3773=EDGE_CURVE('',#4853,#4497,#5477,.T.);
#3774=EDGE_CURVE('',#4853,#4852,#591,.T.);
#3775=EDGE_CURVE('',#4854,#4496,#5478,.T.);
#3776=EDGE_CURVE('',#4854,#4853,#592,.T.);
#3777=EDGE_CURVE('',#4842,#4854,#593,.T.);
#3778=EDGE_CURVE('',#4822,#4839,#594,.T.);
#3779=EDGE_CURVE('',#4824,#4840,#595,.T.);
#3780=EDGE_CURVE('',#4855,#4856,#313,.T.);
#3781=EDGE_CURVE('',#4857,#4855,#5479,.T.);
#3782=EDGE_CURVE('',#4857,#4858,#314,.T.);
#3783=EDGE_CURVE('',#4858,#4856,#5480,.T.);
#3784=EDGE_CURVE('',#4859,#4855,#596,.T.);
#3785=EDGE_CURVE('',#4860,#4859,#5481,.T.);
#3786=EDGE_CURVE('',#4860,#4857,#597,.T.);
#3787=EDGE_CURVE('',#4861,#4859,#598,.T.);
#3788=EDGE_CURVE('',#4862,#4861,#5482,.T.);
#3789=EDGE_CURVE('',#4862,#4860,#599,.T.);
#3790=EDGE_CURVE('',#4863,#4861,#315,.T.);
#3791=EDGE_CURVE('',#4864,#4863,#5483,.T.);
#3792=EDGE_CURVE('',#4864,#4862,#316,.T.);
#3793=EDGE_CURVE('',#4865,#4863,#5484,.T.);
#3794=EDGE_CURVE('',#4866,#4865,#5485,.T.);
#3795=EDGE_CURVE('',#4866,#4864,#5486,.T.);
#3796=EDGE_CURVE('',#4867,#4865,#5487,.T.);
#3797=EDGE_CURVE('',#4868,#4867,#5488,.T.);
#3798=EDGE_CURVE('',#4868,#4866,#5489,.T.);
#3799=EDGE_CURVE('',#4869,#4595,#5490,.T.);
#3800=EDGE_CURVE('',#4869,#4870,#600,.T.);
#3801=EDGE_CURVE('',#4870,#4596,#5491,.T.);
#3802=EDGE_CURVE('',#4871,#4594,#5492,.T.);
#3803=EDGE_CURVE('',#4871,#4869,#317,.F.);
#3804=EDGE_CURVE('',#4872,#4610,#5493,.T.);
#3805=EDGE_CURVE('',#4872,#4871,#601,.T.);
#3806=EDGE_CURVE('',#4873,#4609,#5494,.T.);
#3807=EDGE_CURVE('',#4873,#4872,#5495,.T.);
#3808=EDGE_CURVE('',#4874,#4608,#5496,.T.);
#3809=EDGE_CURVE('',#4874,#4873,#602,.T.);
#3810=EDGE_CURVE('',#4875,#4607,#5497,.T.);
#3811=EDGE_CURVE('',#4875,#4874,#603,.T.);
#3812=EDGE_CURVE('',#4876,#4606,#5498,.T.);
#3813=EDGE_CURVE('',#4876,#4875,#604,.T.);
#3814=EDGE_CURVE('',#4877,#4605,#5499,.T.);
#3815=EDGE_CURVE('',#4877,#4876,#5500,.T.);
#3816=EDGE_CURVE('',#4878,#4604,#5501,.T.);
#3817=EDGE_CURVE('',#4878,#4877,#5502,.T.);
#3818=EDGE_CURVE('',#4879,#4603,#5503,.T.);
#3819=EDGE_CURVE('',#4879,#4878,#605,.T.);
#3820=EDGE_CURVE('',#4880,#4602,#5504,.T.);
#3821=EDGE_CURVE('',#4880,#4879,#606,.T.);
#3822=EDGE_CURVE('',#4881,#4601,#5505,.T.);
#3823=EDGE_CURVE('',#4881,#4880,#607,.T.);
#3824=EDGE_CURVE('',#4882,#4600,#5506,.T.);
#3825=EDGE_CURVE('',#4882,#4881,#608,.T.);
#3826=EDGE_CURVE('',#4883,#4599,#5507,.T.);
#3827=EDGE_CURVE('',#4883,#4882,#318,.F.);
#3828=EDGE_CURVE('',#4884,#4598,#5508,.T.);
#3829=EDGE_CURVE('',#4884,#4883,#5509,.T.);
#3830=EDGE_CURVE('',#4885,#4597,#5510,.T.);
#3831=EDGE_CURVE('',#4885,#4884,#609,.T.);
#3832=EDGE_CURVE('',#4870,#4885,#319,.F.);
#3833=EDGE_CURVE('',#4856,#4867,#610,.T.);
#3834=EDGE_CURVE('',#4858,#4868,#611,.T.);
#3835=EDGE_CURVE('',#4886,#4887,#5511,.T.);
#3836=EDGE_CURVE('',#4888,#4886,#5512,.T.);
#3837=EDGE_CURVE('',#4888,#4889,#5513,.T.);
#3838=EDGE_CURVE('',#4889,#4887,#5514,.T.);
#3839=EDGE_CURVE('',#4890,#4886,#5515,.T.);
#3840=EDGE_CURVE('',#4891,#4890,#5516,.T.);
#3841=EDGE_CURVE('',#4891,#4888,#5517,.T.);
#3842=EDGE_CURVE('',#4892,#4890,#5518,.T.);
#3843=EDGE_CURVE('',#4893,#4892,#5519,.T.);
#3844=EDGE_CURVE('',#4893,#4891,#5520,.T.);
#3845=EDGE_CURVE('',#4894,#4892,#612,.T.);
#3846=EDGE_CURVE('',#4895,#4894,#5521,.T.);
#3847=EDGE_CURVE('',#4895,#4893,#613,.T.);
#3848=EDGE_CURVE('',#4896,#4894,#614,.T.);
#3849=EDGE_CURVE('',#4897,#4896,#5522,.T.);
#3850=EDGE_CURVE('',#4897,#4895,#615,.T.);
#3851=EDGE_CURVE('',#4898,#4899,#5523,.T.);
#3852=EDGE_CURVE('',#4900,#4898,#5524,.T.);
#3853=EDGE_CURVE('',#4900,#4901,#5525,.T.);
#3854=EDGE_CURVE('',#4901,#4899,#5526,.T.);
#3855=EDGE_CURVE('',#4902,#4898,#5527,.T.);
#3856=EDGE_CURVE('',#4903,#4902,#5528,.T.);
#3857=EDGE_CURVE('',#4903,#4900,#5529,.T.);
#3858=EDGE_CURVE('',#4904,#4902,#616,.T.);
#3859=EDGE_CURVE('',#4905,#4904,#5530,.T.);
#3860=EDGE_CURVE('',#4905,#4903,#617,.T.);
#3861=EDGE_CURVE('',#4906,#4904,#618,.T.);
#3862=EDGE_CURVE('',#4907,#4906,#5531,.T.);
#3863=EDGE_CURVE('',#4907,#4905,#619,.T.);
#3864=EDGE_CURVE('',#4908,#4906,#320,.T.);
#3865=EDGE_CURVE('',#4909,#4908,#5532,.T.);
#3866=EDGE_CURVE('',#4909,#4907,#321,.T.);
#3867=EDGE_CURVE('',#4910,#4908,#620,.T.);
#3868=EDGE_CURVE('',#4911,#4910,#5533,.T.);
#3869=EDGE_CURVE('',#4911,#4909,#621,.T.);
#3870=EDGE_CURVE('',#4912,#4484,#5534,.T.);
#3871=EDGE_CURVE('',#4912,#4913,#5535,.T.);
#3872=EDGE_CURVE('',#4913,#4485,#5536,.T.);
#3873=EDGE_CURVE('',#4914,#4483,#5537,.T.);
#3874=EDGE_CURVE('',#4914,#4912,#5538,.T.);
#3875=EDGE_CURVE('',#4915,#4492,#5539,.T.);
#3876=EDGE_CURVE('',#4915,#4914,#622,.T.);
#3877=EDGE_CURVE('',#4916,#4491,#5540,.T.);
#3878=EDGE_CURVE('',#4916,#4915,#623,.T.);
#3879=EDGE_CURVE('',#4917,#4490,#5541,.T.);
#3880=EDGE_CURVE('',#4917,#4916,#624,.T.);
#3881=EDGE_CURVE('',#4918,#4489,#5542,.T.);
#3882=EDGE_CURVE('',#4918,#4917,#322,.F.);
#3883=EDGE_CURVE('',#4919,#4488,#5543,.T.);
#3884=EDGE_CURVE('',#4919,#4918,#625,.T.);
#3885=EDGE_CURVE('',#4920,#4487,#5544,.T.);
#3886=EDGE_CURVE('',#4920,#4919,#626,.T.);
#3887=EDGE_CURVE('',#4921,#4486,#5545,.T.);
#3888=EDGE_CURVE('',#4921,#4920,#627,.T.);
#3889=EDGE_CURVE('',#4899,#4910,#5546,.T.);
#3890=EDGE_CURVE('',#4901,#4911,#5547,.T.);
#3891=EDGE_CURVE('',#4913,#4921,#5548,.T.);
#3892=EDGE_CURVE('',#4887,#4896,#628,.T.);
#3893=EDGE_CURVE('',#4889,#4897,#629,.T.);
#3894=EDGE_CURVE('',#4922,#4479,#5549,.T.);
#3895=EDGE_CURVE('',#4922,#4923,#5550,.T.);
#3896=EDGE_CURVE('',#4923,#4480,#5551,.T.);
#3897=EDGE_CURVE('',#4924,#4478,#5552,.T.);
#3898=EDGE_CURVE('',#4924,#4922,#5553,.T.);
#3899=EDGE_CURVE('',#4925,#4482,#5554,.T.);
#3900=EDGE_CURVE('',#4925,#4924,#5555,.T.);
#3901=EDGE_CURVE('',#4926,#4481,#5556,.T.);
#3902=EDGE_CURVE('',#4926,#4925,#5557,.T.);
#3903=EDGE_CURVE('',#4923,#4926,#5558,.T.);
#3904=EDGE_CURVE('',#4927,#4454,#5559,.T.);
#3905=EDGE_CURVE('',#4927,#4928,#630,.T.);
#3906=EDGE_CURVE('',#4928,#4455,#5560,.T.);
#3907=EDGE_CURVE('',#4929,#4453,#5561,.T.);
#3908=EDGE_CURVE('',#4929,#4927,#631,.T.);
#3909=EDGE_CURVE('',#4930,#4477,#5562,.T.);
#3910=EDGE_CURVE('',#4930,#4929,#632,.T.);
#3911=EDGE_CURVE('',#4931,#4476,#5563,.T.);
#3912=EDGE_CURVE('',#4931,#4930,#633,.T.);
#3913=EDGE_CURVE('',#4932,#4475,#5564,.T.);
#3914=EDGE_CURVE('',#4932,#4931,#5565,.T.);
#3915=EDGE_CURVE('',#4933,#4474,#5566,.T.);
#3916=EDGE_CURVE('',#4933,#4932,#634,.T.);
#3917=EDGE_CURVE('',#4934,#4473,#5567,.T.);
#3918=EDGE_CURVE('',#4934,#4933,#635,.T.);
#3919=EDGE_CURVE('',#4935,#4472,#5568,.T.);
#3920=EDGE_CURVE('',#4935,#4934,#323,.F.);
#3921=EDGE_CURVE('',#4936,#4471,#5569,.T.);
#3922=EDGE_CURVE('',#4936,#4935,#636,.T.);
#3923=EDGE_CURVE('',#4937,#4470,#5570,.T.);
#3924=EDGE_CURVE('',#4937,#4936,#324,.F.);
#3925=EDGE_CURVE('',#4938,#4469,#5571,.T.);
#3926=EDGE_CURVE('',#4938,#4937,#637,.T.);
#3927=EDGE_CURVE('',#4939,#4468,#5572,.T.);
#3928=EDGE_CURVE('',#4939,#4938,#638,.T.);
#3929=EDGE_CURVE('',#4940,#4467,#5573,.T.);
#3930=EDGE_CURVE('',#4940,#4939,#639,.T.);
#3931=EDGE_CURVE('',#4941,#4466,#5574,.T.);
#3932=EDGE_CURVE('',#4941,#4940,#5575,.T.);
#3933=EDGE_CURVE('',#4942,#4465,#5576,.T.);
#3934=EDGE_CURVE('',#4942,#4941,#640,.T.);
#3935=EDGE_CURVE('',#4943,#4464,#5577,.T.);
#3936=EDGE_CURVE('',#4943,#4942,#325,.T.);
#3937=EDGE_CURVE('',#4944,#4463,#5578,.T.);
#3938=EDGE_CURVE('',#4944,#4943,#641,.T.);
#3939=EDGE_CURVE('',#4945,#4462,#5579,.T.);
#3940=EDGE_CURVE('',#4945,#4944,#642,.T.);
#3941=EDGE_CURVE('',#4946,#4461,#5580,.T.);
#3942=EDGE_CURVE('',#4946,#4945,#5581,.T.);
#3943=EDGE_CURVE('',#4947,#4460,#5582,.T.);
#3944=EDGE_CURVE('',#4947,#4946,#643,.T.);
#3945=EDGE_CURVE('',#4948,#4459,#5583,.T.);
#3946=EDGE_CURVE('',#4948,#4947,#644,.T.);
#3947=EDGE_CURVE('',#4949,#4458,#5584,.T.);
#3948=EDGE_CURVE('',#4949,#4948,#645,.T.);
#3949=EDGE_CURVE('',#4950,#4457,#5585,.T.);
#3950=EDGE_CURVE('',#4950,#4949,#646,.T.);
#3951=EDGE_CURVE('',#4951,#4456,#5586,.T.);
#3952=EDGE_CURVE('',#4951,#4950,#647,.T.);
#3953=EDGE_CURVE('',#4928,#4951,#5587,.T.);
#3954=EDGE_CURVE('',#4952,#4441,#5588,.T.);
#3955=EDGE_CURVE('',#4952,#4953,#5589,.T.);
#3956=EDGE_CURVE('',#4953,#4442,#5590,.T.);
#3957=EDGE_CURVE('',#4954,#4440,#5591,.T.);
#3958=EDGE_CURVE('',#4954,#4952,#5592,.T.);
#3959=EDGE_CURVE('',#4955,#4452,#5593,.T.);
#3960=EDGE_CURVE('',#4955,#4954,#5594,.T.);
#3961=EDGE_CURVE('',#4956,#4451,#5595,.T.);
#3962=EDGE_CURVE('',#4956,#4955,#5596,.T.);
#3963=EDGE_CURVE('',#4957,#4450,#5597,.T.);
#3964=EDGE_CURVE('',#4957,#4956,#5598,.T.);
#3965=EDGE_CURVE('',#4958,#4449,#5599,.T.);
#3966=EDGE_CURVE('',#4958,#4957,#648,.T.);
#3967=EDGE_CURVE('',#4959,#4448,#5600,.T.);
#3968=EDGE_CURVE('',#4959,#4958,#5601,.T.);
#3969=EDGE_CURVE('',#4960,#4447,#5602,.T.);
#3970=EDGE_CURVE('',#4960,#4959,#5603,.T.);
#3971=EDGE_CURVE('',#4961,#4446,#5604,.T.);
#3972=EDGE_CURVE('',#4961,#4960,#649,.T.);
#3973=EDGE_CURVE('',#4962,#4445,#5605,.T.);
#3974=EDGE_CURVE('',#4962,#4961,#650,.T.);
#3975=EDGE_CURVE('',#4963,#4444,#5606,.T.);
#3976=EDGE_CURVE('',#4963,#4962,#651,.T.);
#3977=EDGE_CURVE('',#4964,#4443,#5607,.T.);
#3978=EDGE_CURVE('',#4964,#4963,#5608,.T.);
#3979=EDGE_CURVE('',#4953,#4964,#5609,.T.);
#3980=EDGE_CURVE('',#4965,#4431,#5610,.T.);
#3981=EDGE_CURVE('',#4965,#4966,#326,.T.);
#3982=EDGE_CURVE('',#4966,#4432,#5611,.T.);
#3983=EDGE_CURVE('',#4967,#4430,#5612,.T.);
#3984=EDGE_CURVE('',#4967,#4965,#5613,.T.);
#3985=EDGE_CURVE('',#4968,#4439,#5614,.T.);
#3986=EDGE_CURVE('',#4968,#4967,#327,.F.);
#3987=EDGE_CURVE('',#4969,#4438,#5615,.T.);
#3988=EDGE_CURVE('',#4969,#4968,#652,.T.);
#3989=EDGE_CURVE('',#4970,#4437,#5616,.T.);
#3990=EDGE_CURVE('',#4970,#4969,#5617,.T.);
#3991=EDGE_CURVE('',#4971,#4436,#5618,.T.);
#3992=EDGE_CURVE('',#4971,#4970,#5619,.T.);
#3993=EDGE_CURVE('',#4972,#4435,#5620,.T.);
#3994=EDGE_CURVE('',#4972,#4971,#5621,.T.);
#3995=EDGE_CURVE('',#4973,#4434,#5622,.T.);
#3996=EDGE_CURVE('',#4973,#4972,#5623,.T.);
#3997=EDGE_CURVE('',#4974,#4433,#5624,.T.);
#3998=EDGE_CURVE('',#4974,#4973,#5625,.T.);
#3999=EDGE_CURVE('',#4966,#4974,#653,.T.);
#4000=EDGE_CURVE('',#4975,#4421,#5626,.T.);
#4001=EDGE_CURVE('',#4975,#4976,#328,.T.);
#4002=EDGE_CURVE('',#4976,#4422,#5627,.T.);
#4003=EDGE_CURVE('',#4977,#4420,#5628,.T.);
#4004=EDGE_CURVE('',#4977,#4975,#5629,.T.);
#4005=EDGE_CURVE('',#4978,#4429,#5630,.T.);
#4006=EDGE_CURVE('',#4978,#4977,#329,.F.);
#4007=EDGE_CURVE('',#4979,#4428,#5631,.T.);
#4008=EDGE_CURVE('',#4979,#4978,#654,.T.);
#4009=EDGE_CURVE('',#4980,#4427,#5632,.T.);
#4010=EDGE_CURVE('',#4980,#4979,#5633,.T.);
#4011=EDGE_CURVE('',#4981,#4426,#5634,.T.);
#4012=EDGE_CURVE('',#4981,#4980,#5635,.T.);
#4013=EDGE_CURVE('',#4982,#4425,#5636,.T.);
#4014=EDGE_CURVE('',#4982,#4981,#5637,.T.);
#4015=EDGE_CURVE('',#4983,#4424,#5638,.T.);
#4016=EDGE_CURVE('',#4983,#4982,#5639,.T.);
#4017=EDGE_CURVE('',#4984,#4423,#5640,.T.);
#4018=EDGE_CURVE('',#4984,#4983,#5641,.T.);
#4019=EDGE_CURVE('',#4976,#4984,#655,.T.);
#4020=EDGE_CURVE('',#4985,#4407,#5642,.T.);
#4021=EDGE_CURVE('',#4985,#4986,#5643,.T.);
#4022=EDGE_CURVE('',#4986,#4408,#5644,.T.);
#4023=EDGE_CURVE('',#4987,#4406,#5645,.T.);
#4024=EDGE_CURVE('',#4987,#4985,#5646,.T.);
#4025=EDGE_CURVE('',#4988,#4419,#5647,.T.);
#4026=EDGE_CURVE('',#4988,#4987,#5648,.T.);
#4027=EDGE_CURVE('',#4989,#4418,#5649,.T.);
#4028=EDGE_CURVE('',#4989,#4988,#5650,.T.);
#4029=EDGE_CURVE('',#4990,#4417,#5651,.T.);
#4030=EDGE_CURVE('',#4990,#4989,#5652,.T.);
#4031=EDGE_CURVE('',#4991,#4416,#5653,.T.);
#4032=EDGE_CURVE('',#4991,#4990,#656,.T.);
#4033=EDGE_CURVE('',#4992,#4415,#5654,.T.);
#4034=EDGE_CURVE('',#4992,#4991,#657,.T.);
#4035=EDGE_CURVE('',#4993,#4414,#5655,.T.);
#4036=EDGE_CURVE('',#4993,#4992,#330,.T.);
#4037=EDGE_CURVE('',#4994,#4413,#5656,.T.);
#4038=EDGE_CURVE('',#4994,#4993,#5657,.T.);
#4039=EDGE_CURVE('',#4995,#4412,#5658,.T.);
#4040=EDGE_CURVE('',#4995,#4994,#5659,.T.);
#4041=EDGE_CURVE('',#4996,#4411,#5660,.T.);
#4042=EDGE_CURVE('',#4996,#4995,#5661,.T.);
#4043=EDGE_CURVE('',#4997,#4410,#5662,.T.);
#4044=EDGE_CURVE('',#4997,#4996,#658,.T.);
#4045=EDGE_CURVE('',#4998,#4409,#5663,.T.);
#4046=EDGE_CURVE('',#4998,#4997,#659,.T.);
#4047=EDGE_CURVE('',#4986,#4998,#660,.T.);
#4048=EDGE_CURVE('',#4999,#4389,#5664,.T.);
#4049=EDGE_CURVE('',#4999,#5000,#5665,.T.);
#4050=EDGE_CURVE('',#5000,#4390,#5666,.T.);
#4051=EDGE_CURVE('',#5001,#4388,#5667,.T.);
#4052=EDGE_CURVE('',#5001,#4999,#5668,.T.);
#4053=EDGE_CURVE('',#5002,#4405,#5669,.T.);
#4054=EDGE_CURVE('',#5002,#5001,#5670,.T.);
#4055=EDGE_CURVE('',#5003,#4404,#5671,.T.);
#4056=EDGE_CURVE('',#5003,#5002,#5672,.T.);
#4057=EDGE_CURVE('',#5004,#4403,#5673,.T.);
#4058=EDGE_CURVE('',#5004,#5003,#5674,.T.);
#4059=EDGE_CURVE('',#5005,#4402,#5675,.T.);
#4060=EDGE_CURVE('',#5005,#5004,#5676,.T.);
#4061=EDGE_CURVE('',#5006,#4401,#5677,.T.);
#4062=EDGE_CURVE('',#5006,#5005,#5678,.T.);
#4063=EDGE_CURVE('',#5007,#4400,#5679,.T.);
#4064=EDGE_CURVE('',#5007,#5006,#661,.T.);
#4065=EDGE_CURVE('',#5008,#4399,#5680,.T.);
#4066=EDGE_CURVE('',#5008,#5007,#662,.T.);
#4067=EDGE_CURVE('',#5009,#4398,#5681,.T.);
#4068=EDGE_CURVE('',#5009,#5008,#331,.F.);
#4069=EDGE_CURVE('',#5010,#4397,#5682,.T.);
#4070=EDGE_CURVE('',#5010,#5009,#5683,.T.);
#4071=EDGE_CURVE('',#5011,#4396,#5684,.T.);
#4072=EDGE_CURVE('',#5011,#5010,#663,.T.);
#4073=EDGE_CURVE('',#5012,#4395,#5685,.T.);
#4074=EDGE_CURVE('',#5012,#5011,#664,.T.);
#4075=EDGE_CURVE('',#5013,#4394,#5686,.T.);
#4076=EDGE_CURVE('',#5013,#5012,#665,.T.);
#4077=EDGE_CURVE('',#5014,#4393,#5687,.T.);
#4078=EDGE_CURVE('',#5014,#5013,#5688,.T.);
#4079=EDGE_CURVE('',#5015,#4392,#5689,.T.);
#4080=EDGE_CURVE('',#5015,#5014,#5690,.T.);
#4081=EDGE_CURVE('',#5016,#4391,#5691,.T.);
#4082=EDGE_CURVE('',#5016,#5015,#5692,.T.);
#4083=EDGE_CURVE('',#5000,#5016,#5693,.T.);
#4084=EDGE_CURVE('',#5017,#4383,#5694,.T.);
#4085=EDGE_CURVE('',#5017,#5018,#5695,.T.);
#4086=EDGE_CURVE('',#5018,#4384,#5696,.T.);
#4087=EDGE_CURVE('',#5019,#4382,#5697,.T.);
#4088=EDGE_CURVE('',#5019,#5017,#5698,.T.);
#4089=EDGE_CURVE('',#5020,#4387,#5699,.T.);
#4090=EDGE_CURVE('',#5020,#5019,#5700,.T.);
#4091=EDGE_CURVE('',#5021,#4386,#5701,.T.);
#4092=EDGE_CURVE('',#5021,#5020,#5702,.T.);
#4093=EDGE_CURVE('',#5022,#4385,#5703,.T.);
#4094=EDGE_CURVE('',#5022,#5021,#5704,.T.);
#4095=EDGE_CURVE('',#5018,#5022,#5705,.T.);
#4096=EDGE_CURVE('',#5023,#4373,#5706,.T.);
#4097=EDGE_CURVE('',#5023,#5024,#332,.T.);
#4098=EDGE_CURVE('',#5024,#4374,#5707,.T.);
#4099=EDGE_CURVE('',#5025,#4372,#5708,.T.);
#4100=EDGE_CURVE('',#5025,#5023,#5709,.T.);
#4101=EDGE_CURVE('',#5026,#4381,#5710,.T.);
#4102=EDGE_CURVE('',#5026,#5025,#333,.F.);
#4103=EDGE_CURVE('',#5027,#4380,#5711,.T.);
#4104=EDGE_CURVE('',#5027,#5026,#666,.T.);
#4105=EDGE_CURVE('',#5028,#4379,#5712,.T.);
#4106=EDGE_CURVE('',#5028,#5027,#5713,.T.);
#4107=EDGE_CURVE('',#5029,#4378,#5714,.T.);
#4108=EDGE_CURVE('',#5029,#5028,#5715,.T.);
#4109=EDGE_CURVE('',#5030,#4377,#5716,.T.);
#4110=EDGE_CURVE('',#5030,#5029,#5717,.T.);
#4111=EDGE_CURVE('',#5031,#4376,#5718,.T.);
#4112=EDGE_CURVE('',#5031,#5030,#5719,.T.);
#4113=EDGE_CURVE('',#5032,#4375,#5720,.T.);
#4114=EDGE_CURVE('',#5032,#5031,#5721,.T.);
#4115=EDGE_CURVE('',#5024,#5032,#667,.T.);
#4116=EDGE_CURVE('',#5033,#4363,#5722,.T.);
#4117=EDGE_CURVE('',#5033,#5034,#5723,.T.);
#4118=EDGE_CURVE('',#5034,#4364,#5724,.T.);
#4119=EDGE_CURVE('',#5035,#4362,#5725,.T.);
#4120=EDGE_CURVE('',#5035,#5033,#5726,.T.);
#4121=EDGE_CURVE('',#5036,#4371,#5727,.T.);
#4122=EDGE_CURVE('',#5036,#5035,#5728,.T.);
#4123=EDGE_CURVE('',#5037,#4370,#5729,.T.);
#4124=EDGE_CURVE('',#5037,#5036,#5730,.T.);
#4125=EDGE_CURVE('',#5038,#4369,#5731,.T.);
#4126=EDGE_CURVE('',#5038,#5037,#5732,.T.);
#4127=EDGE_CURVE('',#5039,#4368,#5733,.T.);
#4128=EDGE_CURVE('',#5039,#5038,#5734,.T.);
#4129=EDGE_CURVE('',#5040,#4367,#5735,.T.);
#4130=EDGE_CURVE('',#5040,#5039,#5736,.T.);
#4131=EDGE_CURVE('',#5041,#4366,#5737,.T.);
#4132=EDGE_CURVE('',#5041,#5040,#5738,.T.);
#4133=EDGE_CURVE('',#5042,#4365,#5739,.T.);
#4134=EDGE_CURVE('',#5042,#5041,#5740,.T.);
#4135=EDGE_CURVE('',#5034,#5042,#5741,.T.);
#4136=EDGE_CURVE('',#5043,#4349,#5742,.T.);
#4137=EDGE_CURVE('',#5043,#5044,#668,.T.);
#4138=EDGE_CURVE('',#5044,#4350,#5743,.T.);
#4139=EDGE_CURVE('',#5045,#4348,#5744,.T.);
#4140=EDGE_CURVE('',#5045,#5043,#5745,.T.);
#4141=EDGE_CURVE('',#5046,#4361,#5746,.T.);
#4142=EDGE_CURVE('',#5046,#5045,#5747,.T.);
#4143=EDGE_CURVE('',#5047,#4360,#5748,.T.);
#4144=EDGE_CURVE('',#5047,#5046,#5749,.T.);
#4145=EDGE_CURVE('',#5048,#4359,#5750,.T.);
#4146=EDGE_CURVE('',#5048,#5047,#5751,.T.);
#4147=EDGE_CURVE('',#5049,#4358,#5752,.T.);
#4148=EDGE_CURVE('',#5049,#5048,#5753,.T.);
#4149=EDGE_CURVE('',#5050,#4357,#5754,.T.);
#4150=EDGE_CURVE('',#5050,#5049,#669,.T.);
#4151=EDGE_CURVE('',#5051,#4356,#5755,.T.);
#4152=EDGE_CURVE('',#5051,#5050,#670,.T.);
#4153=EDGE_CURVE('',#5052,#4355,#5756,.T.);
#4154=EDGE_CURVE('',#5052,#5051,#334,.T.);
#4155=EDGE_CURVE('',#5053,#4354,#5757,.T.);
#4156=EDGE_CURVE('',#5053,#5052,#5758,.T.);
#4157=EDGE_CURVE('',#5054,#4353,#5759,.T.);
#4158=EDGE_CURVE('',#5054,#5053,#5760,.T.);
#4159=EDGE_CURVE('',#5055,#4352,#5761,.T.);
#4160=EDGE_CURVE('',#5055,#5054,#5762,.T.);
#4161=EDGE_CURVE('',#5056,#4351,#5763,.T.);
#4162=EDGE_CURVE('',#5056,#5055,#671,.T.);
#4163=EDGE_CURVE('',#5044,#5056,#672,.T.);
#4164=EDGE_CURVE('',#5057,#4339,#5764,.T.);
#4165=EDGE_CURVE('',#5057,#5058,#5765,.T.);
#4166=EDGE_CURVE('',#5058,#4340,#5766,.T.);
#4167=EDGE_CURVE('',#5059,#4338,#5767,.T.);
#4168=EDGE_CURVE('',#5059,#5057,#5768,.T.);
#4169=EDGE_CURVE('',#5060,#4347,#5769,.T.);
#4170=EDGE_CURVE('',#5060,#5059,#5770,.T.);
#4171=EDGE_CURVE('',#5061,#4346,#5771,.T.);
#4172=EDGE_CURVE('',#5061,#5060,#5772,.T.);
#4173=EDGE_CURVE('',#5062,#4345,#5773,.T.);
#4174=EDGE_CURVE('',#5062,#5061,#5774,.T.);
#4175=EDGE_CURVE('',#5063,#4344,#5775,.T.);
#4176=EDGE_CURVE('',#5063,#5062,#5776,.T.);
#4177=EDGE_CURVE('',#5064,#4343,#5777,.T.);
#4178=EDGE_CURVE('',#5064,#5063,#5778,.T.);
#4179=EDGE_CURVE('',#5065,#4342,#5779,.T.);
#4180=EDGE_CURVE('',#5065,#5064,#5780,.T.);
#4181=EDGE_CURVE('',#5066,#4341,#5781,.T.);
#4182=EDGE_CURVE('',#5066,#5065,#5782,.T.);
#4183=EDGE_CURVE('',#5058,#5066,#5783,.T.);
#4184=EDGE_CURVE('',#5067,#5068,#673,.T.);
#4185=EDGE_CURVE('',#5069,#5067,#5784,.T.);
#4186=EDGE_CURVE('',#5069,#5070,#674,.T.);
#4187=EDGE_CURVE('',#5070,#5068,#5785,.T.);
#4188=EDGE_CURVE('',#5071,#5067,#335,.T.);
#4189=EDGE_CURVE('',#5072,#5071,#5786,.T.);
#4190=EDGE_CURVE('',#5072,#5069,#336,.T.);
#4191=EDGE_CURVE('',#5073,#5071,#675,.T.);
#4192=EDGE_CURVE('',#5074,#5073,#5787,.T.);
#4193=EDGE_CURVE('',#5074,#5072,#676,.T.);
#4194=EDGE_CURVE('',#5075,#5073,#677,.T.);
#4195=EDGE_CURVE('',#5076,#5075,#5788,.T.);
#4196=EDGE_CURVE('',#5076,#5074,#678,.T.);
#4197=EDGE_CURVE('',#5077,#5075,#679,.T.);
#4198=EDGE_CURVE('',#5078,#5077,#5789,.T.);
#4199=EDGE_CURVE('',#5078,#5076,#680,.T.);
#4200=EDGE_CURVE('',#5079,#5077,#5790,.T.);
#4201=EDGE_CURVE('',#5080,#5079,#5791,.T.);
#4202=EDGE_CURVE('',#5080,#5078,#5792,.T.);
#4203=EDGE_CURVE('',#5081,#5079,#681,.T.);
#4204=EDGE_CURVE('',#5082,#5081,#5793,.T.);
#4205=EDGE_CURVE('',#5082,#5080,#682,.T.);
#4206=EDGE_CURVE('',#5083,#4612,#5794,.T.);
#4207=EDGE_CURVE('',#5083,#5084,#683,.T.);
#4208=EDGE_CURVE('',#5084,#4613,#5795,.T.);
#4209=EDGE_CURVE('',#5085,#4611,#5796,.T.);
#4210=EDGE_CURVE('',#5085,#5083,#337,.F.);
#4211=EDGE_CURVE('',#5086,#4629,#5797,.T.);
#4212=EDGE_CURVE('',#5086,#5085,#684,.T.);
#4213=EDGE_CURVE('',#5087,#4628,#5798,.T.);
#4214=EDGE_CURVE('',#5087,#5086,#685,.T.);
#4215=EDGE_CURVE('',#5088,#4627,#5799,.T.);
#4216=EDGE_CURVE('',#5088,#5087,#686,.T.);
#4217=EDGE_CURVE('',#5089,#4626,#5800,.T.);
#4218=EDGE_CURVE('',#5089,#5088,#5801,.T.);
#4219=EDGE_CURVE('',#5090,#4625,#5802,.T.);
#4220=EDGE_CURVE('',#5090,#5089,#687,.T.);
#4221=EDGE_CURVE('',#5091,#4624,#5803,.T.);
#4222=EDGE_CURVE('',#5091,#5090,#688,.T.);
#4223=EDGE_CURVE('',#5092,#4623,#5804,.T.);
#4224=EDGE_CURVE('',#5092,#5091,#689,.T.);
#4225=EDGE_CURVE('',#5093,#4622,#5805,.T.);
#4226=EDGE_CURVE('',#5093,#5092,#5806,.T.);
#4227=EDGE_CURVE('',#5094,#4621,#5807,.T.);
#4228=EDGE_CURVE('',#5094,#5093,#338,.F.);
#4229=EDGE_CURVE('',#5095,#4620,#5808,.T.);
#4230=EDGE_CURVE('',#5095,#5094,#339,.F.);
#4231=EDGE_CURVE('',#5096,#4619,#5809,.T.);
#4232=EDGE_CURVE('',#5096,#5095,#690,.T.);
#4233=EDGE_CURVE('',#5097,#4618,#5810,.T.);
#4234=EDGE_CURVE('',#5097,#5096,#691,.T.);
#4235=EDGE_CURVE('',#5098,#4617,#5811,.T.);
#4236=EDGE_CURVE('',#5098,#5097,#5812,.T.);
#4237=EDGE_CURVE('',#5099,#4616,#5813,.T.);
#4238=EDGE_CURVE('',#5099,#5098,#5814,.T.);
#4239=EDGE_CURVE('',#5100,#4615,#5815,.T.);
#4240=EDGE_CURVE('',#5100,#5099,#5816,.T.);
#4241=EDGE_CURVE('',#5101,#4614,#5817,.T.);
#4242=EDGE_CURVE('',#5101,#5100,#692,.T.);
#4243=EDGE_CURVE('',#5084,#5101,#693,.T.);
#4244=EDGE_CURVE('',#5068,#5081,#694,.T.);
#4245=EDGE_CURVE('',#5070,#5082,#695,.T.);
#4246=EDGE_CURVE('',#5102,#4631,#5818,.T.);
#4247=EDGE_CURVE('',#5102,#5103,#340,.T.);
#4248=EDGE_CURVE('',#5103,#4632,#5819,.T.);
#4249=EDGE_CURVE('',#5104,#4630,#5820,.T.);
#4250=EDGE_CURVE('',#5104,#5102,#5821,.T.);
#4251=EDGE_CURVE('',#5105,#4639,#5822,.T.);
#4252=EDGE_CURVE('',#5105,#5104,#341,.F.);
#4253=EDGE_CURVE('',#5106,#4638,#5823,.T.);
#4254=EDGE_CURVE('',#5106,#5105,#696,.T.);
#4255=EDGE_CURVE('',#5107,#4637,#5824,.T.);
#4256=EDGE_CURVE('',#5107,#5106,#5825,.T.);
#4257=EDGE_CURVE('',#5108,#4636,#5826,.T.);
#4258=EDGE_CURVE('',#5108,#5107,#5827,.T.);
#4259=EDGE_CURVE('',#5109,#4635,#5828,.T.);
#4260=EDGE_CURVE('',#5109,#5108,#5829,.T.);
#4261=EDGE_CURVE('',#5110,#4634,#5830,.T.);
#4262=EDGE_CURVE('',#5110,#5109,#5831,.T.);
#4263=EDGE_CURVE('',#5111,#4633,#5832,.T.);
#4264=EDGE_CURVE('',#5111,#5110,#5833,.T.);
#4265=EDGE_CURVE('',#5103,#5111,#697,.T.);
#4266=EDGE_CURVE('',#5112,#4641,#5834,.T.);
#4267=EDGE_CURVE('',#5112,#5113,#5835,.T.);
#4268=EDGE_CURVE('',#5113,#4642,#5836,.T.);
#4269=EDGE_CURVE('',#5114,#4640,#5837,.T.);
#4270=EDGE_CURVE('',#5114,#5112,#5838,.T.);
#4271=EDGE_CURVE('',#5115,#4657,#5839,.T.);
#4272=EDGE_CURVE('',#5115,#5114,#5840,.T.);
#4273=EDGE_CURVE('',#5116,#4656,#5841,.T.);
#4274=EDGE_CURVE('',#5116,#5115,#5842,.T.);
#4275=EDGE_CURVE('',#5117,#4655,#5843,.T.);
#4276=EDGE_CURVE('',#5117,#5116,#5844,.T.);
#4277=EDGE_CURVE('',#5118,#4654,#5845,.T.);
#4278=EDGE_CURVE('',#5118,#5117,#5846,.T.);
#4279=EDGE_CURVE('',#5119,#4653,#5847,.T.);
#4280=EDGE_CURVE('',#5119,#5118,#5848,.T.);
#4281=EDGE_CURVE('',#5120,#4652,#5849,.T.);
#4282=EDGE_CURVE('',#5120,#5119,#698,.T.);
#4283=EDGE_CURVE('',#5121,#4651,#5850,.T.);
#4284=EDGE_CURVE('',#5121,#5120,#699,.T.);
#4285=EDGE_CURVE('',#5122,#4650,#5851,.T.);
#4286=EDGE_CURVE('',#5122,#5121,#342,.F.);
#4287=EDGE_CURVE('',#5123,#4649,#5852,.T.);
#4288=EDGE_CURVE('',#5123,#5122,#5853,.T.);
#4289=EDGE_CURVE('',#5124,#4648,#5854,.T.);
#4290=EDGE_CURVE('',#5124,#5123,#700,.T.);
#4291=EDGE_CURVE('',#5125,#4647,#5855,.T.);
#4292=EDGE_CURVE('',#5125,#5124,#701,.T.);
#4293=EDGE_CURVE('',#5126,#4646,#5856,.T.);
#4294=EDGE_CURVE('',#5126,#5125,#702,.T.);
#4295=EDGE_CURVE('',#5127,#4645,#5857,.T.);
#4296=EDGE_CURVE('',#5127,#5126,#5858,.T.);
#4297=EDGE_CURVE('',#5128,#4644,#5859,.T.);
#4298=EDGE_CURVE('',#5128,#5127,#5860,.T.);
#4299=EDGE_CURVE('',#5129,#4643,#5861,.T.);
#4300=EDGE_CURVE('',#5129,#5128,#5862,.T.);
#4301=EDGE_CURVE('',#5113,#5129,#5863,.T.);
#4302=EDGE_CURVE('',#5130,#4659,#5864,.T.);
#4303=EDGE_CURVE('',#5130,#5131,#703,.T.);
#4304=EDGE_CURVE('',#5131,#4660,#5865,.T.);
#4305=EDGE_CURVE('',#5132,#4658,#5866,.T.);
#4306=EDGE_CURVE('',#5132,#5130,#5867,.T.);
#4307=EDGE_CURVE('',#5133,#4671,#5868,.T.);
#4308=EDGE_CURVE('',#5133,#5132,#5869,.T.);
#4309=EDGE_CURVE('',#5134,#4670,#5870,.T.);
#4310=EDGE_CURVE('',#5134,#5133,#5871,.T.);
#4311=EDGE_CURVE('',#5135,#4669,#5872,.T.);
#4312=EDGE_CURVE('',#5135,#5134,#5873,.T.);
#4313=EDGE_CURVE('',#5136,#4668,#5874,.T.);
#4314=EDGE_CURVE('',#5136,#5135,#5875,.T.);
#4315=EDGE_CURVE('',#5137,#4667,#5876,.T.);
#4316=EDGE_CURVE('',#5137,#5136,#704,.T.);
#4317=EDGE_CURVE('',#5138,#4666,#5877,.T.);
#4318=EDGE_CURVE('',#5138,#5137,#705,.T.);
#4319=EDGE_CURVE('',#5139,#4665,#5878,.T.);
#4320=EDGE_CURVE('',#5139,#5138,#343,.T.);
#4321=EDGE_CURVE('',#5140,#4664,#5879,.T.);
#4322=EDGE_CURVE('',#5140,#5139,#5880,.T.);
#4323=EDGE_CURVE('',#5141,#4663,#5881,.T.);
#4324=EDGE_CURVE('',#5141,#5140,#5882,.T.);
#4325=EDGE_CURVE('',#5142,#4662,#5883,.T.);
#4326=EDGE_CURVE('',#5142,#5141,#5884,.T.);
#4327=EDGE_CURVE('',#5143,#4661,#5885,.T.);
#4328=EDGE_CURVE('',#5143,#5142,#706,.T.);
#4329=EDGE_CURVE('',#5131,#5143,#707,.T.);
#4330=EDGE_CURVE('',#5144,#4672,#5886,.T.);
#4331=EDGE_CURVE('',#5144,#5145,#5887,.T.);
#4332=EDGE_CURVE('',#5145,#4674,#5888,.T.);
#4333=EDGE_CURVE('',#5146,#4673,#5889,.T.);
#4334=EDGE_CURVE('',#5144,#5146,#5890,.T.);
#4335=EDGE_CURVE('',#5147,#4675,#5891,.T.);
#4336=EDGE_CURVE('',#5146,#5147,#5892,.T.);
#4337=EDGE_CURVE('',#5145,#5147,#5893,.T.);
#4338=VERTEX_POINT('',#10111);
#4339=VERTEX_POINT('',#10112);
#4340=VERTEX_POINT('',#10114);
#4341=VERTEX_POINT('',#10116);
#4342=VERTEX_POINT('',#10118);
#4343=VERTEX_POINT('',#10120);
#4344=VERTEX_POINT('',#10122);
#4345=VERTEX_POINT('',#10124);
#4346=VERTEX_POINT('',#10126);
#4347=VERTEX_POINT('',#10128);
#4348=VERTEX_POINT('',#10131);
#4349=VERTEX_POINT('',#10132);
#4350=VERTEX_POINT('',#10136);
#4351=VERTEX_POINT('',#10140);
#4352=VERTEX_POINT('',#10144);
#4353=VERTEX_POINT('',#10146);
#4354=VERTEX_POINT('',#10148);
#4355=VERTEX_POINT('',#10150);
#4356=VERTEX_POINT('',#10152);
#4357=VERTEX_POINT('',#10156);
#4358=VERTEX_POINT('',#10160);
#4359=VERTEX_POINT('',#10162);
#4360=VERTEX_POINT('',#10164);
#4361=VERTEX_POINT('',#10166);
#4362=VERTEX_POINT('',#10169);
#4363=VERTEX_POINT('',#10170);
#4364=VERTEX_POINT('',#10172);
#4365=VERTEX_POINT('',#10174);
#4366=VERTEX_POINT('',#10176);
#4367=VERTEX_POINT('',#10178);
#4368=VERTEX_POINT('',#10180);
#4369=VERTEX_POINT('',#10182);
#4370=VERTEX_POINT('',#10184);
#4371=VERTEX_POINT('',#10186);
#4372=VERTEX_POINT('',#10189);
#4373=VERTEX_POINT('',#10190);
#4374=VERTEX_POINT('',#10192);
#4375=VERTEX_POINT('',#10196);
#4376=VERTEX_POINT('',#10198);
#4377=VERTEX_POINT('',#10200);
#4378=VERTEX_POINT('',#10202);
#4379=VERTEX_POINT('',#10204);
#4380=VERTEX_POINT('',#10206);
#4381=VERTEX_POINT('',#10210);
#4382=VERTEX_POINT('',#10213);
#4383=VERTEX_POINT('',#10214);
#4384=VERTEX_POINT('',#10216);
#4385=VERTEX_POINT('',#10218);
#4386=VERTEX_POINT('',#10220);
#4387=VERTEX_POINT('',#10222);
#4388=VERTEX_POINT('',#10225);
#4389=VERTEX_POINT('',#10226);
#4390=VERTEX_POINT('',#10228);
#4391=VERTEX_POINT('',#10230);
#4392=VERTEX_POINT('',#10232);
#4393=VERTEX_POINT('',#10234);
#4394=VERTEX_POINT('',#10236);
#4395=VERTEX_POINT('',#10240);
#4396=VERTEX_POINT('',#10244);
#4397=VERTEX_POINT('',#10248);
#4398=VERTEX_POINT('',#10250);
#4399=VERTEX_POINT('',#10252);
#4400=VERTEX_POINT('',#10256);
#4401=VERTEX_POINT('',#10260);
#4402=VERTEX_POINT('',#10262);
#4403=VERTEX_POINT('',#10264);
#4404=VERTEX_POINT('',#10266);
#4405=VERTEX_POINT('',#10268);
#4406=VERTEX_POINT('',#10271);
#4407=VERTEX_POINT('',#10272);
#4408=VERTEX_POINT('',#10274);
#4409=VERTEX_POINT('',#10278);
#4410=VERTEX_POINT('',#10282);
#4411=VERTEX_POINT('',#10286);
#4412=VERTEX_POINT('',#10288);
#4413=VERTEX_POINT('',#10290);
#4414=VERTEX_POINT('',#10292);
#4415=VERTEX_POINT('',#10294);
#4416=VERTEX_POINT('',#10298);
#4417=VERTEX_POINT('',#10302);
#4418=VERTEX_POINT('',#10304);
#4419=VERTEX_POINT('',#10306);
#4420=VERTEX_POINT('',#10309);
#4421=VERTEX_POINT('',#10310);
#4422=VERTEX_POINT('',#10312);
#4423=VERTEX_POINT('',#10316);
#4424=VERTEX_POINT('',#10318);
#4425=VERTEX_POINT('',#10320);
#4426=VERTEX_POINT('',#10322);
#4427=VERTEX_POINT('',#10324);
#4428=VERTEX_POINT('',#10326);
#4429=VERTEX_POINT('',#10330);
#4430=VERTEX_POINT('',#10333);
#4431=VERTEX_POINT('',#10334);
#4432=VERTEX_POINT('',#10336);
#4433=VERTEX_POINT('',#10340);
#4434=VERTEX_POINT('',#10342);
#4435=VERTEX_POINT('',#10344);
#4436=VERTEX_POINT('',#10346);
#4437=VERTEX_POINT('',#10348);
#4438=VERTEX_POINT('',#10350);
#4439=VERTEX_POINT('',#10354);
#4440=VERTEX_POINT('',#10357);
#4441=VERTEX_POINT('',#10358);
#4442=VERTEX_POINT('',#10360);
#4443=VERTEX_POINT('',#10362);
#4444=VERTEX_POINT('',#10364);
#4445=VERTEX_POINT('',#10368);
#4446=VERTEX_POINT('',#10372);
#4447=VERTEX_POINT('',#10376);
#4448=VERTEX_POINT('',#10378);
#4449=VERTEX_POINT('',#10380);
#4450=VERTEX_POINT('',#10384);
#4451=VERTEX_POINT('',#10386);
#4452=VERTEX_POINT('',#10388);
#4453=VERTEX_POINT('',#10393);
#4454=VERTEX_POINT('',#10394);
#4455=VERTEX_POINT('',#10398);
#4456=VERTEX_POINT('',#10400);
#4457=VERTEX_POINT('',#10404);
#4458=VERTEX_POINT('',#10408);
#4459=VERTEX_POINT('',#10412);
#4460=VERTEX_POINT('',#10416);
#4461=VERTEX_POINT('',#10420);
#4462=VERTEX_POINT('',#10422);
#4463=VERTEX_POINT('',#10426);
#4464=VERTEX_POINT('',#10430);
#4465=VERTEX_POINT('',#10432);
#4466=VERTEX_POINT('',#10436);
#4467=VERTEX_POINT('',#10438);
#4468=VERTEX_POINT('',#10442);
#4469=VERTEX_POINT('',#10446);
#4470=VERTEX_POINT('',#10450);
#4471=VERTEX_POINT('',#10452);
#4472=VERTEX_POINT('',#10456);
#4473=VERTEX_POINT('',#10458);
#4474=VERTEX_POINT('',#10462);
#4475=VERTEX_POINT('',#10466);
#4476=VERTEX_POINT('',#10468);
#4477=VERTEX_POINT('',#10472);
#4478=VERTEX_POINT('',#10477);
#4479=VERTEX_POINT('',#10478);
#4480=VERTEX_POINT('',#10480);
#4481=VERTEX_POINT('',#10482);
#4482=VERTEX_POINT('',#10484);
#4483=VERTEX_POINT('',#10487);
#4484=VERTEX_POINT('',#10488);
#4485=VERTEX_POINT('',#10490);
#4486=VERTEX_POINT('',#10492);
#4487=VERTEX_POINT('',#10496);
#4488=VERTEX_POINT('',#10500);
#4489=VERTEX_POINT('',#10504);
#4490=VERTEX_POINT('',#10506);
#4491=VERTEX_POINT('',#10510);
#4492=VERTEX_POINT('',#10514);
#4493=VERTEX_POINT('',#10521);
#4494=VERTEX_POINT('',#10522);
#4495=VERTEX_POINT('',#10526);
#4496=VERTEX_POINT('',#10530);
#4497=VERTEX_POINT('',#10534);
#4498=VERTEX_POINT('',#10538);
#4499=VERTEX_POINT('',#10542);
#4500=VERTEX_POINT('',#10546);
#4501=VERTEX_POINT('',#10548);
#4502=VERTEX_POINT('',#10552);
#4503=VERTEX_POINT('',#10556);
#4504=VERTEX_POINT('',#10560);
#4505=VERTEX_POINT('',#10564);
#4506=VERTEX_POINT('',#10568);
#4507=VERTEX_POINT('',#10573);
#4508=VERTEX_POINT('',#10574);
#4509=VERTEX_POINT('',#10578);
#4510=VERTEX_POINT('',#10580);
#4511=VERTEX_POINT('',#10584);
#4512=VERTEX_POINT('',#10586);
#4513=VERTEX_POINT('',#10588);
#4514=VERTEX_POINT('',#10592);
#4515=VERTEX_POINT('',#10596);
#4516=VERTEX_POINT('',#10600);
#4517=VERTEX_POINT('',#10604);
#4518=VERTEX_POINT('',#10606);
#4519=VERTEX_POINT('',#10608);
#4520=VERTEX_POINT('',#10612);
#4521=VERTEX_POINT('',#10616);
#4522=VERTEX_POINT('',#10620);
#4523=VERTEX_POINT('',#10622);
#4524=VERTEX_POINT('',#10627);
#4525=VERTEX_POINT('',#10628);
#4526=VERTEX_POINT('',#10632);
#4527=VERTEX_POINT('',#10634);
#4528=VERTEX_POINT('',#10638);
#4529=VERTEX_POINT('',#10640);
#4530=VERTEX_POINT('',#10642);
#4531=VERTEX_POINT('',#10646);
#4532=VERTEX_POINT('',#10650);
#4533=VERTEX_POINT('',#10654);
#4534=VERTEX_POINT('',#10658);
#4535=VERTEX_POINT('',#10660);
#4536=VERTEX_POINT('',#10662);
#4537=VERTEX_POINT('',#10666);
#4538=VERTEX_POINT('',#10670);
#4539=VERTEX_POINT('',#10674);
#4540=VERTEX_POINT('',#10676);
#4541=VERTEX_POINT('',#10681);
#4542=VERTEX_POINT('',#10683);
#4543=VERTEX_POINT('',#10685);
#4544=VERTEX_POINT('',#10687);
#4545=VERTEX_POINT('',#10689);
#4546=VERTEX_POINT('',#10691);
#4547=VERTEX_POINT('',#10692);
#4548=VERTEX_POINT('',#10694);
#4549=VERTEX_POINT('',#10696);
#4550=VERTEX_POINT('',#10698);
#4551=VERTEX_POINT('',#10700);
#4552=VERTEX_POINT('',#10703);
#4553=VERTEX_POINT('',#10704);
#4554=VERTEX_POINT('',#10706);
#4555=VERTEX_POINT('',#10710);
#4556=VERTEX_POINT('',#10714);
#4557=VERTEX_POINT('',#10718);
#4558=VERTEX_POINT('',#10720);
#4559=VERTEX_POINT('',#10724);
#4560=VERTEX_POINT('',#10726);
#4561=VERTEX_POINT('',#10728);
#4562=VERTEX_POINT('',#10730);
#4563=VERTEX_POINT('',#10732);
#4564=VERTEX_POINT('',#10736);
#4565=VERTEX_POINT('',#10740);
#4566=VERTEX_POINT('',#10744);
#4567=VERTEX_POINT('',#10749);
#4568=VERTEX_POINT('',#10750);
#4569=VERTEX_POINT('',#10754);
#4570=VERTEX_POINT('',#10758);
#4571=VERTEX_POINT('',#10762);
#4572=VERTEX_POINT('',#10766);
#4573=VERTEX_POINT('',#10770);
#4574=VERTEX_POINT('',#10774);
#4575=VERTEX_POINT('',#10778);
#4576=VERTEX_POINT('',#10782);
#4577=VERTEX_POINT('',#10787);
#4578=VERTEX_POINT('',#10788);
#4579=VERTEX_POINT('',#10792);
#4580=VERTEX_POINT('',#10794);
#4581=VERTEX_POINT('',#10798);
#4582=VERTEX_POINT('',#10800);
#4583=VERTEX_POINT('',#10802);
#4584=VERTEX_POINT('',#10806);
#4585=VERTEX_POINT('',#10810);
#4586=VERTEX_POINT('',#10814);
#4587=VERTEX_POINT('',#10818);
#4588=VERTEX_POINT('',#10820);
#4589=VERTEX_POINT('',#10822);
#4590=VERTEX_POINT('',#10826);
#4591=VERTEX_POINT('',#10830);
#4592=VERTEX_POINT('',#10834);
#4593=VERTEX_POINT('',#10836);
#4594=VERTEX_POINT('',#10841);
#4595=VERTEX_POINT('',#10842);
#4596=VERTEX_POINT('',#10846);
#4597=VERTEX_POINT('',#10848);
#4598=VERTEX_POINT('',#10852);
#4599=VERTEX_POINT('',#10854);
#4600=VERTEX_POINT('',#10856);
#4601=VERTEX_POINT('',#10860);
#4602=VERTEX_POINT('',#10864);
#4603=VERTEX_POINT('',#10868);
#4604=VERTEX_POINT('',#10872);
#4605=VERTEX_POINT('',#10874);
#4606=VERTEX_POINT('',#10876);
#4607=VERTEX_POINT('',#10880);
#4608=VERTEX_POINT('',#10884);
#4609=VERTEX_POINT('',#10888);
#4610=VERTEX_POINT('',#10890);
#4611=VERTEX_POINT('',#10895);
#4612=VERTEX_POINT('',#10896);
#4613=VERTEX_POINT('',#10900);
#4614=VERTEX_POINT('',#10904);
#4615=VERTEX_POINT('',#10908);
#4616=VERTEX_POINT('',#10910);
#4617=VERTEX_POINT('',#10912);
#4618=VERTEX_POINT('',#10914);
#4619=VERTEX_POINT('',#10918);
#4620=VERTEX_POINT('',#10922);
#4621=VERTEX_POINT('',#10924);
#4622=VERTEX_POINT('',#10926);
#4623=VERTEX_POINT('',#10928);
#4624=VERTEX_POINT('',#10932);
#4625=VERTEX_POINT('',#10936);
#4626=VERTEX_POINT('',#10940);
#4627=VERTEX_POINT('',#10942);
#4628=VERTEX_POINT('',#10946);
#4629=VERTEX_POINT('',#10950);
#4630=VERTEX_POINT('',#10955);
#4631=VERTEX_POINT('',#10956);
#4632=VERTEX_POINT('',#10958);
#4633=VERTEX_POINT('',#10962);
#4634=VERTEX_POINT('',#10964);
#4635=VERTEX_POINT('',#10966);
#4636=VERTEX_POINT('',#10968);
#4637=VERTEX_POINT('',#10970);
#4638=VERTEX_POINT('',#10972);
#4639=VERTEX_POINT('',#10976);
#4640=VERTEX_POINT('',#10979);
#4641=VERTEX_POINT('',#10980);
#4642=VERTEX_POINT('',#10982);
#4643=VERTEX_POINT('',#10984);
#4644=VERTEX_POINT('',#10986);
#4645=VERTEX_POINT('',#10988);
#4646=VERTEX_POINT('',#10990);
#4647=VERTEX_POINT('',#10994);
#4648=VERTEX_POINT('',#10998);
#4649=VERTEX_POINT('',#11002);
#4650=VERTEX_POINT('',#11004);
#4651=VERTEX_POINT('',#11006);
#4652=VERTEX_POINT('',#11010);
#4653=VERTEX_POINT('',#11014);
#4654=VERTEX_POINT('',#11016);
#4655=VERTEX_POINT('',#11018);
#4656=VERTEX_POINT('',#11020);
#4657=VERTEX_POINT('',#11022);
#4658=VERTEX_POINT('',#11025);
#4659=VERTEX_POINT('',#11026);
#4660=VERTEX_POINT('',#11030);
#4661=VERTEX_POINT('',#11034);
#4662=VERTEX_POINT('',#11038);
#4663=VERTEX_POINT('',#11040);
#4664=VERTEX_POINT('',#11042);
#4665=VERTEX_POINT('',#11044);
#4666=VERTEX_POINT('',#11046);
#4667=VERTEX_POINT('',#11050);
#4668=VERTEX_POINT('',#11054);
#4669=VERTEX_POINT('',#11056);
#4670=VERTEX_POINT('',#11058);
#4671=VERTEX_POINT('',#11060);
#4672=VERTEX_POINT('',#11063);
#4673=VERTEX_POINT('',#11064);
#4674=VERTEX_POINT('',#11066);
#4675=VERTEX_POINT('',#11068);
#4676=VERTEX_POINT('',#11072);
#4677=VERTEX_POINT('',#11074);
#4678=VERTEX_POINT('',#11078);
#4679=VERTEX_POINT('',#11082);
#4680=VERTEX_POINT('',#11086);
#4681=VERTEX_POINT('',#11090);
#4682=VERTEX_POINT('',#11092);
#4683=VERTEX_POINT('',#11094);
#4684=VERTEX_POINT('',#11096);
#4685=VERTEX_POINT('',#11098);
#4686=VERTEX_POINT('',#11100);
#4687=VERTEX_POINT('',#11112);
#4688=VERTEX_POINT('',#11114);
#4689=VERTEX_POINT('',#11118);
#4690=VERTEX_POINT('',#11122);
#4691=VERTEX_POINT('',#11133);
#4692=VERTEX_POINT('',#11146);
#4693=VERTEX_POINT('',#11159);
#4694=VERTEX_POINT('',#11165);
#4695=VERTEX_POINT('',#11169);
#4696=VERTEX_POINT('',#11173);
#4697=VERTEX_POINT('',#11177);
#4698=VERTEX_POINT('',#11188);
#4699=VERTEX_POINT('',#11194);
#4700=VERTEX_POINT('',#11205);
#4701=VERTEX_POINT('',#11218);
#4702=VERTEX_POINT('',#11236);
#4703=VERTEX_POINT('',#11237);
#4704=VERTEX_POINT('',#11239);
#4705=VERTEX_POINT('',#11241);
#4706=VERTEX_POINT('',#11254);
#4707=VERTEX_POINT('',#11256);
#4708=VERTEX_POINT('',#11271);
#4709=VERTEX_POINT('',#11273);
#4710=VERTEX_POINT('',#11279);
#4711=VERTEX_POINT('',#11281);
#4712=VERTEX_POINT('',#11285);
#4713=VERTEX_POINT('',#11287);
#4714=VERTEX_POINT('',#11291);
#4715=VERTEX_POINT('',#11293);
#4716=VERTEX_POINT('',#11304);
#4717=VERTEX_POINT('',#11308);
#4718=VERTEX_POINT('',#11312);
#4719=VERTEX_POINT('',#11323);
#4720=VERTEX_POINT('',#11329);
#4721=VERTEX_POINT('',#11340);
#4722=VERTEX_POINT('',#11353);
#4723=VERTEX_POINT('',#11366);
#4724=VERTEX_POINT('',#11372);
#4725=VERTEX_POINT('',#11376);
#4726=VERTEX_POINT('',#11387);
#4727=VERTEX_POINT('',#11400);
#4728=VERTEX_POINT('',#11413);
#4729=VERTEX_POINT('',#11426);
#4730=VERTEX_POINT('',#11432);
#4731=VERTEX_POINT('',#11436);
#4732=VERTEX_POINT('',#11447);
#4733=VERTEX_POINT('',#11479);
#4734=VERTEX_POINT('',#11480);
#4735=VERTEX_POINT('',#11482);
#4736=VERTEX_POINT('',#11486);
#4737=VERTEX_POINT('',#11499);
#4738=VERTEX_POINT('',#11501);
#4739=VERTEX_POINT('',#11516);
#4740=VERTEX_POINT('',#11518);
#4741=VERTEX_POINT('',#11533);
#4742=VERTEX_POINT('',#11535);
#4743=VERTEX_POINT('',#11550);
#4744=VERTEX_POINT('',#11552);
#4745=VERTEX_POINT('',#11567);
#4746=VERTEX_POINT('',#11569);
#4747=VERTEX_POINT('',#11584);
#4748=VERTEX_POINT('',#11586);
#4749=VERTEX_POINT('',#11599);
#4750=VERTEX_POINT('',#11603);
#4751=VERTEX_POINT('',#11614);
#4752=VERTEX_POINT('',#11627);
#4753=VERTEX_POINT('',#11640);
#4754=VERTEX_POINT('',#11653);
#4755=VERTEX_POINT('',#11666);
#4756=VERTEX_POINT('',#11679);
#4757=VERTEX_POINT('',#11692);
#4758=VERTEX_POINT('',#11705);
#4759=VERTEX_POINT('',#11737);
#4760=VERTEX_POINT('',#11738);
#4761=VERTEX_POINT('',#11740);
#4762=VERTEX_POINT('',#11742);
#4763=VERTEX_POINT('',#11755);
#4764=VERTEX_POINT('',#11757);
#4765=VERTEX_POINT('',#11772);
#4766=VERTEX_POINT('',#11774);
#4767=VERTEX_POINT('',#11780);
#4768=VERTEX_POINT('',#11782);
#4769=VERTEX_POINT('',#11786);
#4770=VERTEX_POINT('',#11788);
#4771=VERTEX_POINT('',#11792);
#4772=VERTEX_POINT('',#11794);
#4773=VERTEX_POINT('',#11805);
#4774=VERTEX_POINT('',#11809);
#4775=VERTEX_POINT('',#11813);
#4776=VERTEX_POINT('',#11824);
#4777=VERTEX_POINT('',#11830);
#4778=VERTEX_POINT('',#11841);
#4779=VERTEX_POINT('',#11854);
#4780=VERTEX_POINT('',#11867);
#4781=VERTEX_POINT('',#11873);
#4782=VERTEX_POINT('',#11877);
#4783=VERTEX_POINT('',#11888);
#4784=VERTEX_POINT('',#11901);
#4785=VERTEX_POINT('',#11914);
#4786=VERTEX_POINT('',#11927);
#4787=VERTEX_POINT('',#11933);
#4788=VERTEX_POINT('',#11937);
#4789=VERTEX_POINT('',#11948);
#4790=VERTEX_POINT('',#11971);
#4791=VERTEX_POINT('',#11972);
#4792=VERTEX_POINT('',#11974);
#4793=VERTEX_POINT('',#11976);
#4794=VERTEX_POINT('',#11989);
#4795=VERTEX_POINT('',#11991);
#4796=VERTEX_POINT('',#12006);
#4797=VERTEX_POINT('',#12008);
#4798=VERTEX_POINT('',#12014);
#4799=VERTEX_POINT('',#12016);
#4800=VERTEX_POINT('',#12020);
#4801=VERTEX_POINT('',#12022);
#4802=VERTEX_POINT('',#12026);
#4803=VERTEX_POINT('',#12028);
#4804=VERTEX_POINT('',#12039);
#4805=VERTEX_POINT('',#12043);
#4806=VERTEX_POINT('',#12047);
#4807=VERTEX_POINT('',#12058);
#4808=VERTEX_POINT('',#12064);
#4809=VERTEX_POINT('',#12075);
#4810=VERTEX_POINT('',#12088);
#4811=VERTEX_POINT('',#12101);
#4812=VERTEX_POINT('',#12107);
#4813=VERTEX_POINT('',#12111);
#4814=VERTEX_POINT('',#12122);
#4815=VERTEX_POINT('',#12135);
#4816=VERTEX_POINT('',#12148);
#4817=VERTEX_POINT('',#12161);
#4818=VERTEX_POINT('',#12167);
#4819=VERTEX_POINT('',#12171);
#4820=VERTEX_POINT('',#12182);
#4821=VERTEX_POINT('',#12205);
#4822=VERTEX_POINT('',#12206);
#4823=VERTEX_POINT('',#12208);
#4824=VERTEX_POINT('',#12210);
#4825=VERTEX_POINT('',#12214);
#4826=VERTEX_POINT('',#12216);
#4827=VERTEX_POINT('',#12229);
#4828=VERTEX_POINT('',#12231);
#4829=VERTEX_POINT('',#12246);
#4830=VERTEX_POINT('',#12248);
#4831=VERTEX_POINT('',#12263);
#4832=VERTEX_POINT('',#12265);
#4833=VERTEX_POINT('',#12280);
#4834=VERTEX_POINT('',#12282);
#4835=VERTEX_POINT('',#12297);
#4836=VERTEX_POINT('',#12299);
#4837=VERTEX_POINT('',#12314);
#4838=VERTEX_POINT('',#12316);
#4839=VERTEX_POINT('',#12331);
#4840=VERTEX_POINT('',#12333);
#4841=VERTEX_POINT('',#12346);
#4842=VERTEX_POINT('',#12350);
#4843=VERTEX_POINT('',#12361);
#4844=VERTEX_POINT('',#12374);
#4845=VERTEX_POINT('',#12387);
#4846=VERTEX_POINT('',#12400);
#4847=VERTEX_POINT('',#12413);
#4848=VERTEX_POINT('',#12426);
#4849=VERTEX_POINT('',#12439);
#4850=VERTEX_POINT('',#12445);
#4851=VERTEX_POINT('',#12456);
#4852=VERTEX_POINT('',#12469);
#4853=VERTEX_POINT('',#12482);
#4854=VERTEX_POINT('',#12495);
#4855=VERTEX_POINT('',#12527);
#4856=VERTEX_POINT('',#12528);
#4857=VERTEX_POINT('',#12530);
#4858=VERTEX_POINT('',#12532);
#4859=VERTEX_POINT('',#12545);
#4860=VERTEX_POINT('',#12547);
#4861=VERTEX_POINT('',#12562);
#4862=VERTEX_POINT('',#12564);
#4863=VERTEX_POINT('',#12570);
#4864=VERTEX_POINT('',#12572);
#4865=VERTEX_POINT('',#12576);
#4866=VERTEX_POINT('',#12578);
#4867=VERTEX_POINT('',#12582);
#4868=VERTEX_POINT('',#12584);
#4869=VERTEX_POINT('',#12595);
#4870=VERTEX_POINT('',#12599);
#4871=VERTEX_POINT('',#12603);
#4872=VERTEX_POINT('',#12614);
#4873=VERTEX_POINT('',#12620);
#4874=VERTEX_POINT('',#12631);
#4875=VERTEX_POINT('',#12644);
#4876=VERTEX_POINT('',#12657);
#4877=VERTEX_POINT('',#12663);
#4878=VERTEX_POINT('',#12667);
#4879=VERTEX_POINT('',#12678);
#4880=VERTEX_POINT('',#12691);
#4881=VERTEX_POINT('',#12704);
#4882=VERTEX_POINT('',#12717);
#4883=VERTEX_POINT('',#12723);
#4884=VERTEX_POINT('',#12727);
#4885=VERTEX_POINT('',#12738);
#4886=VERTEX_POINT('',#12761);
#4887=VERTEX_POINT('',#12762);
#4888=VERTEX_POINT('',#12764);
#4889=VERTEX_POINT('',#12766);
#4890=VERTEX_POINT('',#12770);
#4891=VERTEX_POINT('',#12772);
#4892=VERTEX_POINT('',#12776);
#4893=VERTEX_POINT('',#12778);
#4894=VERTEX_POINT('',#12791);
#4895=VERTEX_POINT('',#12793);
#4896=VERTEX_POINT('',#12808);
#4897=VERTEX_POINT('',#12810);
#4898=VERTEX_POINT('',#12816);
#4899=VERTEX_POINT('',#12817);
#4900=VERTEX_POINT('',#12819);
#4901=VERTEX_POINT('',#12821);
#4902=VERTEX_POINT('',#12825);
#4903=VERTEX_POINT('',#12827);
#4904=VERTEX_POINT('',#12840);
#4905=VERTEX_POINT('',#12842);
#4906=VERTEX_POINT('',#12857);
#4907=VERTEX_POINT('',#12859);
#4908=VERTEX_POINT('',#12865);
#4909=VERTEX_POINT('',#12867);
#4910=VERTEX_POINT('',#12880);
#4911=VERTEX_POINT('',#12882);
#4912=VERTEX_POINT('',#12888);
#4913=VERTEX_POINT('',#12890);
#4914=VERTEX_POINT('',#12894);
#4915=VERTEX_POINT('',#12905);
#4916=VERTEX_POINT('',#12918);
#4917=VERTEX_POINT('',#12931);
#4918=VERTEX_POINT('',#12937);
#4919=VERTEX_POINT('',#12948);
#4920=VERTEX_POINT('',#12961);
#4921=VERTEX_POINT('',#12974);
#4922=VERTEX_POINT('',#13001);
#4923=VERTEX_POINT('',#13003);
#4924=VERTEX_POINT('',#13007);
#4925=VERTEX_POINT('',#13011);
#4926=VERTEX_POINT('',#13015);
#4927=VERTEX_POINT('',#13029);
#4928=VERTEX_POINT('',#13033);
#4929=VERTEX_POINT('',#13044);
#4930=VERTEX_POINT('',#13057);
#4931=VERTEX_POINT('',#13070);
#4932=VERTEX_POINT('',#13076);
#4933=VERTEX_POINT('',#13087);
#4934=VERTEX_POINT('',#13100);
#4935=VERTEX_POINT('',#13106);
#4936=VERTEX_POINT('',#13117);
#4937=VERTEX_POINT('',#13123);
#4938=VERTEX_POINT('',#13134);
#4939=VERTEX_POINT('',#13147);
#4940=VERTEX_POINT('',#13160);
#4941=VERTEX_POINT('',#13166);
#4942=VERTEX_POINT('',#13177);
#4943=VERTEX_POINT('',#13183);
#4944=VERTEX_POINT('',#13194);
#4945=VERTEX_POINT('',#13207);
#4946=VERTEX_POINT('',#13213);
#4947=VERTEX_POINT('',#13224);
#4948=VERTEX_POINT('',#13237);
#4949=VERTEX_POINT('',#13250);
#4950=VERTEX_POINT('',#13263);
#4951=VERTEX_POINT('',#13276);
#4952=VERTEX_POINT('',#13285);
#4953=VERTEX_POINT('',#13287);
#4954=VERTEX_POINT('',#13291);
#4955=VERTEX_POINT('',#13295);
#4956=VERTEX_POINT('',#13299);
#4957=VERTEX_POINT('',#13303);
#4958=VERTEX_POINT('',#13314);
#4959=VERTEX_POINT('',#13320);
#4960=VERTEX_POINT('',#13324);
#4961=VERTEX_POINT('',#13335);
#4962=VERTEX_POINT('',#13348);
#4963=VERTEX_POINT('',#13361);
#4964=VERTEX_POINT('',#13367);
#4965=VERTEX_POINT('',#13374);
#4966=VERTEX_POINT('',#13376);
#4967=VERTEX_POINT('',#13380);
#4968=VERTEX_POINT('',#13384);
#4969=VERTEX_POINT('',#13395);
#4970=VERTEX_POINT('',#13401);
#4971=VERTEX_POINT('',#13405);
#4972=VERTEX_POINT('',#13409);
#4973=VERTEX_POINT('',#13413);
#4974=VERTEX_POINT('',#13417);
#4975=VERTEX_POINT('',#13433);
#4976=VERTEX_POINT('',#13435);
#4977=VERTEX_POINT('',#13439);
#4978=VERTEX_POINT('',#13443);
#4979=VERTEX_POINT('',#13454);
#4980=VERTEX_POINT('',#13460);
#4981=VERTEX_POINT('',#13464);
#4982=VERTEX_POINT('',#13468);
#4983=VERTEX_POINT('',#13472);
#4984=VERTEX_POINT('',#13476);
#4985=VERTEX_POINT('',#13492);
#4986=VERTEX_POINT('',#13494);
#4987=VERTEX_POINT('',#13498);
#4988=VERTEX_POINT('',#13502);
#4989=VERTEX_POINT('',#13506);
#4990=VERTEX_POINT('',#13510);
#4991=VERTEX_POINT('',#13521);
#4992=VERTEX_POINT('',#13534);
#4993=VERTEX_POINT('',#13540);
#4994=VERTEX_POINT('',#13544);
#4995=VERTEX_POINT('',#13548);
#4996=VERTEX_POINT('',#13552);
#4997=VERTEX_POINT('',#13563);
#4998=VERTEX_POINT('',#13576);
#4999=VERTEX_POINT('',#13594);
#5000=VERTEX_POINT('',#13596);
#5001=VERTEX_POINT('',#13600);
#5002=VERTEX_POINT('',#13604);
#5003=VERTEX_POINT('',#13608);
#5004=VERTEX_POINT('',#13612);
#5005=VERTEX_POINT('',#13616);
#5006=VERTEX_POINT('',#13620);
#5007=VERTEX_POINT('',#13631);
#5008=VERTEX_POINT('',#13644);
#5009=VERTEX_POINT('',#13650);
#5010=VERTEX_POINT('',#13654);
#5011=VERTEX_POINT('',#13665);
#5012=VERTEX_POINT('',#13678);
#5013=VERTEX_POINT('',#13691);
#5014=VERTEX_POINT('',#13697);
#5015=VERTEX_POINT('',#13701);
#5016=VERTEX_POINT('',#13705);
#5017=VERTEX_POINT('',#13712);
#5018=VERTEX_POINT('',#13714);
#5019=VERTEX_POINT('',#13718);
#5020=VERTEX_POINT('',#13722);
#5021=VERTEX_POINT('',#13726);
#5022=VERTEX_POINT('',#13730);
#5023=VERTEX_POINT('',#13737);
#5024=VERTEX_POINT('',#13739);
#5025=VERTEX_POINT('',#13743);
#5026=VERTEX_POINT('',#13747);
#5027=VERTEX_POINT('',#13758);
#5028=VERTEX_POINT('',#13764);
#5029=VERTEX_POINT('',#13768);
#5030=VERTEX_POINT('',#13772);
#5031=VERTEX_POINT('',#13776);
#5032=VERTEX_POINT('',#13780);
#5033=VERTEX_POINT('',#13796);
#5034=VERTEX_POINT('',#13798);
#5035=VERTEX_POINT('',#13802);
#5036=VERTEX_POINT('',#13806);
#5037=VERTEX_POINT('',#13810);
#5038=VERTEX_POINT('',#13814);
#5039=VERTEX_POINT('',#13818);
#5040=VERTEX_POINT('',#13822);
#5041=VERTEX_POINT('',#13826);
#5042=VERTEX_POINT('',#13830);
#5043=VERTEX_POINT('',#13844);
#5044=VERTEX_POINT('',#13848);
#5045=VERTEX_POINT('',#13852);
#5046=VERTEX_POINT('',#13856);
#5047=VERTEX_POINT('',#13860);
#5048=VERTEX_POINT('',#13864);
#5049=VERTEX_POINT('',#13868);
#5050=VERTEX_POINT('',#13879);
#5051=VERTEX_POINT('',#13892);
#5052=VERTEX_POINT('',#13898);
#5053=VERTEX_POINT('',#13902);
#5054=VERTEX_POINT('',#13906);
#5055=VERTEX_POINT('',#13910);
#5056=VERTEX_POINT('',#13921);
#5057=VERTEX_POINT('',#13939);
#5058=VERTEX_POINT('',#13941);
#5059=VERTEX_POINT('',#13945);
#5060=VERTEX_POINT('',#13949);
#5061=VERTEX_POINT('',#13953);
#5062=VERTEX_POINT('',#13957);
#5063=VERTEX_POINT('',#13961);
#5064=VERTEX_POINT('',#13965);
#5065=VERTEX_POINT('',#13969);
#5066=VERTEX_POINT('',#13973);
#5067=VERTEX_POINT('',#13989);
#5068=VERTEX_POINT('',#13990);
#5069=VERTEX_POINT('',#13992);
#5070=VERTEX_POINT('',#13996);
#5071=VERTEX_POINT('',#14000);
#5072=VERTEX_POINT('',#14002);
#5073=VERTEX_POINT('',#14015);
#5074=VERTEX_POINT('',#14017);
#5075=VERTEX_POINT('',#14032);
#5076=VERTEX_POINT('',#14034);
#5077=VERTEX_POINT('',#14049);
#5078=VERTEX_POINT('',#14051);
#5079=VERTEX_POINT('',#14057);
#5080=VERTEX_POINT('',#14059);
#5081=VERTEX_POINT('',#14072);
#5082=VERTEX_POINT('',#14074);
#5083=VERTEX_POINT('',#14087);
#5084=VERTEX_POINT('',#14091);
#5085=VERTEX_POINT('',#14095);
#5086=VERTEX_POINT('',#14106);
#5087=VERTEX_POINT('',#14119);
#5088=VERTEX_POINT('',#14132);
#5089=VERTEX_POINT('',#14138);
#5090=VERTEX_POINT('',#14149);
#5091=VERTEX_POINT('',#14162);
#5092=VERTEX_POINT('',#14175);
#5093=VERTEX_POINT('',#14181);
#5094=VERTEX_POINT('',#14185);
#5095=VERTEX_POINT('',#14189);
#5096=VERTEX_POINT('',#14200);
#5097=VERTEX_POINT('',#14213);
#5098=VERTEX_POINT('',#14219);
#5099=VERTEX_POINT('',#14223);
#5100=VERTEX_POINT('',#14227);
#5101=VERTEX_POINT('',#14238);
#5102=VERTEX_POINT('',#14270);
#5103=VERTEX_POINT('',#14272);
#5104=VERTEX_POINT('',#14276);
#5105=VERTEX_POINT('',#14280);
#5106=VERTEX_POINT('',#14291);
#5107=VERTEX_POINT('',#14297);
#5108=VERTEX_POINT('',#14301);
#5109=VERTEX_POINT('',#14305);
#5110=VERTEX_POINT('',#14309);
#5111=VERTEX_POINT('',#14313);
#5112=VERTEX_POINT('',#14329);
#5113=VERTEX_POINT('',#14331);
#5114=VERTEX_POINT('',#14335);
#5115=VERTEX_POINT('',#14339);
#5116=VERTEX_POINT('',#14343);
#5117=VERTEX_POINT('',#14347);
#5118=VERTEX_POINT('',#14351);
#5119=VERTEX_POINT('',#14355);
#5120=VERTEX_POINT('',#14366);
#5121=VERTEX_POINT('',#14379);
#5122=VERTEX_POINT('',#14385);
#5123=VERTEX_POINT('',#14389);
#5124=VERTEX_POINT('',#14400);
#5125=VERTEX_POINT('',#14413);
#5126=VERTEX_POINT('',#14426);
#5127=VERTEX_POINT('',#14432);
#5128=VERTEX_POINT('',#14436);
#5129=VERTEX_POINT('',#14440);
#5130=VERTEX_POINT('',#14454);
#5131=VERTEX_POINT('',#14458);
#5132=VERTEX_POINT('',#14462);
#5133=VERTEX_POINT('',#14466);
#5134=VERTEX_POINT('',#14470);
#5135=VERTEX_POINT('',#14474);
#5136=VERTEX_POINT('',#14478);
#5137=VERTEX_POINT('',#14489);
#5138=VERTEX_POINT('',#14502);
#5139=VERTEX_POINT('',#14508);
#5140=VERTEX_POINT('',#14512);
#5141=VERTEX_POINT('',#14516);
#5142=VERTEX_POINT('',#14520);
#5143=VERTEX_POINT('',#14531);
#5144=VERTEX_POINT('',#14557);
#5145=VERTEX_POINT('',#14559);
#5146=VERTEX_POINT('',#14563);
#5147=VERTEX_POINT('',#14567);
#5148=LINE('',#10110,#5894);
#5149=LINE('',#10113,#5895);
#5150=LINE('',#10115,#5896);
#5151=LINE('',#10117,#5897);
#5152=LINE('',#10119,#5898);
#5153=LINE('',#10121,#5899);
#5154=LINE('',#10123,#5900);
#5155=LINE('',#10125,#5901);
#5156=LINE('',#10127,#5902);
#5157=LINE('',#10129,#5903);
#5158=LINE('',#10130,#5904);
#5159=LINE('',#10145,#5905);
#5160=LINE('',#10147,#5906);
#5161=LINE('',#10149,#5907);
#5162=LINE('',#10161,#5908);
#5163=LINE('',#10163,#5909);
#5164=LINE('',#10165,#5910);
#5165=LINE('',#10167,#5911);
#5166=LINE('',#10168,#5912);
#5167=LINE('',#10171,#5913);
#5168=LINE('',#10173,#5914);
#5169=LINE('',#10175,#5915);
#5170=LINE('',#10177,#5916);
#5171=LINE('',#10179,#5917);
#5172=LINE('',#10181,#5918);
#5173=LINE('',#10183,#5919);
#5174=LINE('',#10185,#5920);
#5175=LINE('',#10187,#5921);
#5176=LINE('',#10188,#5922);
#5177=LINE('',#10197,#5923);
#5178=LINE('',#10199,#5924);
#5179=LINE('',#10201,#5925);
#5180=LINE('',#10203,#5926);
#5181=LINE('',#10205,#5927);
#5182=LINE('',#10212,#5928);
#5183=LINE('',#10215,#5929);
#5184=LINE('',#10217,#5930);
#5185=LINE('',#10219,#5931);
#5186=LINE('',#10221,#5932);
#5187=LINE('',#10223,#5933);
#5188=LINE('',#10224,#5934);
#5189=LINE('',#10227,#5935);
#5190=LINE('',#10229,#5936);
#5191=LINE('',#10231,#5937);
#5192=LINE('',#10233,#5938);
#5193=LINE('',#10235,#5939);
#5194=LINE('',#10249,#5940);
#5195=LINE('',#10261,#5941);
#5196=LINE('',#10263,#5942);
#5197=LINE('',#10265,#5943);
#5198=LINE('',#10267,#5944);
#5199=LINE('',#10269,#5945);
#5200=LINE('',#10270,#5946);
#5201=LINE('',#10273,#5947);
#5202=LINE('',#10287,#5948);
#5203=LINE('',#10289,#5949);
#5204=LINE('',#10291,#5950);
#5205=LINE('',#10303,#5951);
#5206=LINE('',#10305,#5952);
#5207=LINE('',#10307,#5953);
#5208=LINE('',#10308,#5954);
#5209=LINE('',#10317,#5955);
#5210=LINE('',#10319,#5956);
#5211=LINE('',#10321,#5957);
#5212=LINE('',#10323,#5958);
#5213=LINE('',#10325,#5959);
#5214=LINE('',#10332,#5960);
#5215=LINE('',#10341,#5961);
#5216=LINE('',#10343,#5962);
#5217=LINE('',#10345,#5963);
#5218=LINE('',#10347,#5964);
#5219=LINE('',#10349,#5965);
#5220=LINE('',#10356,#5966);
#5221=LINE('',#10359,#5967);
#5222=LINE('',#10361,#5968);
#5223=LINE('',#10363,#5969);
#5224=LINE('',#10377,#5970);
#5225=LINE('',#10379,#5971);
#5226=LINE('',#10385,#5972);
#5227=LINE('',#10387,#5973);
#5228=LINE('',#10389,#5974);
#5229=LINE('',#10399,#5975);
#5230=LINE('',#10421,#5976);
#5231=LINE('',#10437,#5977);
#5232=LINE('',#10467,#5978);
#5233=LINE('',#10476,#5979);
#5234=LINE('',#10479,#5980);
#5235=LINE('',#10481,#5981);
#5236=LINE('',#10483,#5982);
#5237=LINE('',#10485,#5983);
#5238=LINE('',#10486,#5984);
#5239=LINE('',#10489,#5985);
#5240=LINE('',#10491,#5986);
#5241=LINE('',#10585,#5987);
#5242=LINE('',#10605,#5988);
#5243=LINE('',#10607,#5989);
#5244=LINE('',#10621,#5990);
#5245=LINE('',#10639,#5991);
#5246=LINE('',#10659,#5992);
#5247=LINE('',#10661,#5993);
#5248=LINE('',#10675,#5994);
#5249=LINE('',#10690,#5995);
#5250=LINE('',#10693,#5996);
#5251=LINE('',#10695,#5997);
#5252=LINE('',#10697,#5998);
#5253=LINE('',#10699,#5999);
#5254=LINE('',#10701,#6000);
#5255=LINE('',#10702,#6001);
#5256=LINE('',#10705,#6002);
#5257=LINE('',#10725,#6003);
#5258=LINE('',#10727,#6004);
#5259=LINE('',#10729,#6005);
#5260=LINE('',#10745,#6006);
#5261=LINE('',#10799,#6007);
#5262=LINE('',#10819,#6008);
#5263=LINE('',#10821,#6009);
#5264=LINE('',#10835,#6010);
#5265=LINE('',#10853,#6011);
#5266=LINE('',#10873,#6012);
#5267=LINE('',#10875,#6013);
#5268=LINE('',#10889,#6014);
#5269=LINE('',#10909,#6015);
#5270=LINE('',#10911,#6016);
#5271=LINE('',#10913,#6017);
#5272=LINE('',#10927,#6018);
#5273=LINE('',#10941,#6019);
#5274=LINE('',#10954,#6020);
#5275=LINE('',#10963,#6021);
#5276=LINE('',#10965,#6022);
#5277=LINE('',#10967,#6023);
#5278=LINE('',#10969,#6024);
#5279=LINE('',#10971,#6025);
#5280=LINE('',#10978,#6026);
#5281=LINE('',#10981,#6027);
#5282=LINE('',#10983,#6028);
#5283=LINE('',#10985,#6029);
#5284=LINE('',#10987,#6030);
#5285=LINE('',#10989,#6031);
#5286=LINE('',#11003,#6032);
#5287=LINE('',#11015,#6033);
#5288=LINE('',#11017,#6034);
#5289=LINE('',#11019,#6035);
#5290=LINE('',#11021,#6036);
#5291=LINE('',#11023,#6037);
#5292=LINE('',#11024,#6038);
#5293=LINE('',#11039,#6039);
#5294=LINE('',#11041,#6040);
#5295=LINE('',#11043,#6041);
#5296=LINE('',#11055,#6042);
#5297=LINE('',#11057,#6043);
#5298=LINE('',#11059,#6044);
#5299=LINE('',#11061,#6045);
#5300=LINE('',#11062,#6046);
#5301=LINE('',#11065,#6047);
#5302=LINE('',#11067,#6048);
#5303=LINE('',#11069,#6049);
#5304=LINE('',#11071,#6050);
#5305=LINE('',#11073,#6051);
#5306=LINE('',#11075,#6052);
#5307=LINE('',#11077,#6053);
#5308=LINE('',#11079,#6054);
#5309=LINE('',#11081,#6055);
#5310=LINE('',#11083,#6056);
#5311=LINE('',#11085,#6057);
#5312=LINE('',#11087,#6058);
#5313=LINE('',#11099,#6059);
#5314=LINE('',#11101,#6060);
#5315=LINE('',#11103,#6061);
#5316=LINE('',#11111,#6062);
#5317=LINE('',#11113,#6063);
#5318=LINE('',#11115,#6064);
#5319=LINE('',#11117,#6065);
#5320=LINE('',#11119,#6066);
#5321=LINE('',#11121,#6067);
#5322=LINE('',#11123,#6068);
#5323=LINE('',#11132,#6069);
#5324=LINE('',#11145,#6070);
#5325=LINE('',#11158,#6071);
#5326=LINE('',#11164,#6072);
#5327=LINE('',#11168,#6073);
#5328=LINE('',#11170,#6074);
#5329=LINE('',#11172,#6075);
#5330=LINE('',#11174,#6076);
#5331=LINE('',#11176,#6077);
#5332=LINE('',#11178,#6078);
#5333=LINE('',#11187,#6079);
#5334=LINE('',#11193,#6080);
#5335=LINE('',#11204,#6081);
#5336=LINE('',#11217,#6082);
#5337=LINE('',#11238,#6083);
#5338=LINE('',#11242,#6084);
#5339=LINE('',#11255,#6085);
#5340=LINE('',#11272,#6086);
#5341=LINE('',#11280,#6087);
#5342=LINE('',#11284,#6088);
#5343=LINE('',#11286,#6089);
#5344=LINE('',#11288,#6090);
#5345=LINE('',#11290,#6091);
#5346=LINE('',#11292,#6092);
#5347=LINE('',#11294,#6093);
#5348=LINE('',#11303,#6094);
#5349=LINE('',#11309,#6095);
#5350=LINE('',#11311,#6096);
#5351=LINE('',#11322,#6097);
#5352=LINE('',#11328,#6098);
#5353=LINE('',#11330,#6099);
#5354=LINE('',#11339,#6100);
#5355=LINE('',#11352,#6101);
#5356=LINE('',#11365,#6102);
#5357=LINE('',#11371,#6103);
#5358=LINE('',#11373,#6104);
#5359=LINE('',#11375,#6105);
#5360=LINE('',#11377,#6106);
#5361=LINE('',#11386,#6107);
#5362=LINE('',#11399,#6108);
#5363=LINE('',#11412,#6109);
#5364=LINE('',#11425,#6110);
#5365=LINE('',#11431,#6111);
#5366=LINE('',#11435,#6112);
#5367=LINE('',#11437,#6113);
#5368=LINE('',#11446,#6114);
#5369=LINE('',#11481,#6115);
#5370=LINE('',#11487,#6116);
#5371=LINE('',#11500,#6117);
#5372=LINE('',#11517,#6118);
#5373=LINE('',#11534,#6119);
#5374=LINE('',#11551,#6120);
#5375=LINE('',#11568,#6121);
#5376=LINE('',#11585,#6122);
#5377=LINE('',#11598,#6123);
#5378=LINE('',#11604,#6124);
#5379=LINE('',#11613,#6125);
#5380=LINE('',#11626,#6126);
#5381=LINE('',#11639,#6127);
#5382=LINE('',#11652,#6128);
#5383=LINE('',#11665,#6129);
#5384=LINE('',#11678,#6130);
#5385=LINE('',#11691,#6131);
#5386=LINE('',#11704,#6132);
#5387=LINE('',#11739,#6133);
#5388=LINE('',#11743,#6134);
#5389=LINE('',#11756,#6135);
#5390=LINE('',#11773,#6136);
#5391=LINE('',#11781,#6137);
#5392=LINE('',#11785,#6138);
#5393=LINE('',#11787,#6139);
#5394=LINE('',#11789,#6140);
#5395=LINE('',#11791,#6141);
#5396=LINE('',#11793,#6142);
#5397=LINE('',#11795,#6143);
#5398=LINE('',#11804,#6144);
#5399=LINE('',#11810,#6145);
#5400=LINE('',#11812,#6146);
#5401=LINE('',#11823,#6147);
#5402=LINE('',#11829,#6148);
#5403=LINE('',#11831,#6149);
#5404=LINE('',#11840,#6150);
#5405=LINE('',#11853,#6151);
#5406=LINE('',#11866,#6152);
#5407=LINE('',#11872,#6153);
#5408=LINE('',#11874,#6154);
#5409=LINE('',#11876,#6155);
#5410=LINE('',#11878,#6156);
#5411=LINE('',#11887,#6157);
#5412=LINE('',#11900,#6158);
#5413=LINE('',#11913,#6159);
#5414=LINE('',#11926,#6160);
#5415=LINE('',#11932,#6161);
#5416=LINE('',#11936,#6162);
#5417=LINE('',#11938,#6163);
#5418=LINE('',#11947,#6164);
#5419=LINE('',#11973,#6165);
#5420=LINE('',#11977,#6166);
#5421=LINE('',#11990,#6167);
#5422=LINE('',#12007,#6168);
#5423=LINE('',#12015,#6169);
#5424=LINE('',#12019,#6170);
#5425=LINE('',#12021,#6171);
#5426=LINE('',#12023,#6172);
#5427=LINE('',#12025,#6173);
#5428=LINE('',#12027,#6174);
#5429=LINE('',#12029,#6175);
#5430=LINE('',#12038,#6176);
#5431=LINE('',#12044,#6177);
#5432=LINE('',#12046,#6178);
#5433=LINE('',#12057,#6179);
#5434=LINE('',#12063,#6180);
#5435=LINE('',#12065,#6181);
#5436=LINE('',#12074,#6182);
#5437=LINE('',#12087,#6183);
#5438=LINE('',#12100,#6184);
#5439=LINE('',#12106,#6185);
#5440=LINE('',#12108,#6186);
#5441=LINE('',#12110,#6187);
#5442=LINE('',#12112,#6188);
#5443=LINE('',#12121,#6189);
#5444=LINE('',#12134,#6190);
#5445=LINE('',#12147,#6191);
#5446=LINE('',#12160,#6192);
#5447=LINE('',#12166,#6193);
#5448=LINE('',#12170,#6194);
#5449=LINE('',#12172,#6195);
#5450=LINE('',#12181,#6196);
#5451=LINE('',#12204,#6197);
#5452=LINE('',#12207,#6198);
#5453=LINE('',#12209,#6199);
#5454=LINE('',#12211,#6200);
#5455=LINE('',#12213,#6201);
#5456=LINE('',#12215,#6202);
#5457=LINE('',#12217,#6203);
#5458=LINE('',#12230,#6204);
#5459=LINE('',#12247,#6205);
#5460=LINE('',#12264,#6206);
#5461=LINE('',#12281,#6207);
#5462=LINE('',#12298,#6208);
#5463=LINE('',#12315,#6209);
#5464=LINE('',#12332,#6210);
#5465=LINE('',#12345,#6211);
#5466=LINE('',#12351,#6212);
#5467=LINE('',#12360,#6213);
#5468=LINE('',#12373,#6214);
#5469=LINE('',#12386,#6215);
#5470=LINE('',#12399,#6216);
#5471=LINE('',#12412,#6217);
#5472=LINE('',#12425,#6218);
#5473=LINE('',#12438,#6219);
#5474=LINE('',#12444,#6220);
#5475=LINE('',#12455,#6221);
#5476=LINE('',#12468,#6222);
#5477=LINE('',#12481,#6223);
#5478=LINE('',#12494,#6224);
#5479=LINE('',#12529,#6225);
#5480=LINE('',#12533,#6226);
#5481=LINE('',#12546,#6227);
#5482=LINE('',#12563,#6228);
#5483=LINE('',#12571,#6229);
#5484=LINE('',#12575,#6230);
#5485=LINE('',#12577,#6231);
#5486=LINE('',#12579,#6232);
#5487=LINE('',#12581,#6233);
#5488=LINE('',#12583,#6234);
#5489=LINE('',#12585,#6235);
#5490=LINE('',#12594,#6236);
#5491=LINE('',#12600,#6237);
#5492=LINE('',#12602,#6238);
#5493=LINE('',#12613,#6239);
#5494=LINE('',#12619,#6240);
#5495=LINE('',#12621,#6241);
#5496=LINE('',#12630,#6242);
#5497=LINE('',#12643,#6243);
#5498=LINE('',#12656,#6244);
#5499=LINE('',#12662,#6245);
#5500=LINE('',#12664,#6246);
#5501=LINE('',#12666,#6247);
#5502=LINE('',#12668,#6248);
#5503=LINE('',#12677,#6249);
#5504=LINE('',#12690,#6250);
#5505=LINE('',#12703,#6251);
#5506=LINE('',#12716,#6252);
#5507=LINE('',#12722,#6253);
#5508=LINE('',#12726,#6254);
#5509=LINE('',#12728,#6255);
#5510=LINE('',#12737,#6256);
#5511=LINE('',#12760,#6257);
#5512=LINE('',#12763,#6258);
#5513=LINE('',#12765,#6259);
#5514=LINE('',#12767,#6260);
#5515=LINE('',#12769,#6261);
#5516=LINE('',#12771,#6262);
#5517=LINE('',#12773,#6263);
#5518=LINE('',#12775,#6264);
#5519=LINE('',#12777,#6265);
#5520=LINE('',#12779,#6266);
#5521=LINE('',#12792,#6267);
#5522=LINE('',#12809,#6268);
#5523=LINE('',#12815,#6269);
#5524=LINE('',#12818,#6270);
#5525=LINE('',#12820,#6271);
#5526=LINE('',#12822,#6272);
#5527=LINE('',#12824,#6273);
#5528=LINE('',#12826,#6274);
#5529=LINE('',#12828,#6275);
#5530=LINE('',#12841,#6276);
#5531=LINE('',#12858,#6277);
#5532=LINE('',#12866,#6278);
#5533=LINE('',#12881,#6279);
#5534=LINE('',#12887,#6280);
#5535=LINE('',#12889,#6281);
#5536=LINE('',#12891,#6282);
#5537=LINE('',#12893,#6283);
#5538=LINE('',#12895,#6284);
#5539=LINE('',#12904,#6285);
#5540=LINE('',#12917,#6286);
#5541=LINE('',#12930,#6287);
#5542=LINE('',#12936,#6288);
#5543=LINE('',#12947,#6289);
#5544=LINE('',#12960,#6290);
#5545=LINE('',#12973,#6291);
#5546=LINE('',#12979,#6292);
#5547=LINE('',#12980,#6293);
#5548=LINE('',#12982,#6294);
#5549=LINE('',#13000,#6295);
#5550=LINE('',#13002,#6296);
#5551=LINE('',#13004,#6297);
#5552=LINE('',#13006,#6298);
#5553=LINE('',#13008,#6299);
#5554=LINE('',#13010,#6300);
#5555=LINE('',#13012,#6301);
#5556=LINE('',#13014,#6302);
#5557=LINE('',#13016,#6303);
#5558=LINE('',#13018,#6304);
#5559=LINE('',#13028,#6305);
#5560=LINE('',#13034,#6306);
#5561=LINE('',#13043,#6307);
#5562=LINE('',#13056,#6308);
#5563=LINE('',#13069,#6309);
#5564=LINE('',#13075,#6310);
#5565=LINE('',#13077,#6311);
#5566=LINE('',#13086,#6312);
#5567=LINE('',#13099,#6313);
#5568=LINE('',#13105,#6314);
#5569=LINE('',#13116,#6315);
#5570=LINE('',#13122,#6316);
#5571=LINE('',#13133,#6317);
#5572=LINE('',#13146,#6318);
#5573=LINE('',#13159,#6319);
#5574=LINE('',#13165,#6320);
#5575=LINE('',#13167,#6321);
#5576=LINE('',#13176,#6322);
#5577=LINE('',#13182,#6323);
#5578=LINE('',#13193,#6324);
#5579=LINE('',#13206,#6325);
#5580=LINE('',#13212,#6326);
#5581=LINE('',#13214,#6327);
#5582=LINE('',#13223,#6328);
#5583=LINE('',#13236,#6329);
#5584=LINE('',#13249,#6330);
#5585=LINE('',#13262,#6331);
#5586=LINE('',#13275,#6332);
#5587=LINE('',#13281,#6333);
#5588=LINE('',#13284,#6334);
#5589=LINE('',#13286,#6335);
#5590=LINE('',#13288,#6336);
#5591=LINE('',#13290,#6337);
#5592=LINE('',#13292,#6338);
#5593=LINE('',#13294,#6339);
#5594=LINE('',#13296,#6340);
#5595=LINE('',#13298,#6341);
#5596=LINE('',#13300,#6342);
#5597=LINE('',#13302,#6343);
#5598=LINE('',#13304,#6344);
#5599=LINE('',#13313,#6345);
#5600=LINE('',#13319,#6346);
#5601=LINE('',#13321,#6347);
#5602=LINE('',#13323,#6348);
#5603=LINE('',#13325,#6349);
#5604=LINE('',#13334,#6350);
#5605=LINE('',#13347,#6351);
#5606=LINE('',#13360,#6352);
#5607=LINE('',#13366,#6353);
#5608=LINE('',#13368,#6354);
#5609=LINE('',#13370,#6355);
#5610=LINE('',#13373,#6356);
#5611=LINE('',#13377,#6357);
#5612=LINE('',#13379,#6358);
#5613=LINE('',#13381,#6359);
#5614=LINE('',#13383,#6360);
#5615=LINE('',#13394,#6361);
#5616=LINE('',#13400,#6362);
#5617=LINE('',#13402,#6363);
#5618=LINE('',#13404,#6364);
#5619=LINE('',#13406,#6365);
#5620=LINE('',#13408,#6366);
#5621=LINE('',#13410,#6367);
#5622=LINE('',#13412,#6368);
#5623=LINE('',#13414,#6369);
#5624=LINE('',#13416,#6370);
#5625=LINE('',#13418,#6371);
#5626=LINE('',#13432,#6372);
#5627=LINE('',#13436,#6373);
#5628=LINE('',#13438,#6374);
#5629=LINE('',#13440,#6375);
#5630=LINE('',#13442,#6376);
#5631=LINE('',#13453,#6377);
#5632=LINE('',#13459,#6378);
#5633=LINE('',#13461,#6379);
#5634=LINE('',#13463,#6380);
#5635=LINE('',#13465,#6381);
#5636=LINE('',#13467,#6382);
#5637=LINE('',#13469,#6383);
#5638=LINE('',#13471,#6384);
#5639=LINE('',#13473,#6385);
#5640=LINE('',#13475,#6386);
#5641=LINE('',#13477,#6387);
#5642=LINE('',#13491,#6388);
#5643=LINE('',#13493,#6389);
#5644=LINE('',#13495,#6390);
#5645=LINE('',#13497,#6391);
#5646=LINE('',#13499,#6392);
#5647=LINE('',#13501,#6393);
#5648=LINE('',#13503,#6394);
#5649=LINE('',#13505,#6395);
#5650=LINE('',#13507,#6396);
#5651=LINE('',#13509,#6397);
#5652=LINE('',#13511,#6398);
#5653=LINE('',#13520,#6399);
#5654=LINE('',#13533,#6400);
#5655=LINE('',#13539,#6401);
#5656=LINE('',#13543,#6402);
#5657=LINE('',#13545,#6403);
#5658=LINE('',#13547,#6404);
#5659=LINE('',#13549,#6405);
#5660=LINE('',#13551,#6406);
#5661=LINE('',#13553,#6407);
#5662=LINE('',#13562,#6408);
#5663=LINE('',#13575,#6409);
#5664=LINE('',#13593,#6410);
#5665=LINE('',#13595,#6411);
#5666=LINE('',#13597,#6412);
#5667=LINE('',#13599,#6413);
#5668=LINE('',#13601,#6414);
#5669=LINE('',#13603,#6415);
#5670=LINE('',#13605,#6416);
#5671=LINE('',#13607,#6417);
#5672=LINE('',#13609,#6418);
#5673=LINE('',#13611,#6419);
#5674=LINE('',#13613,#6420);
#5675=LINE('',#13615,#6421);
#5676=LINE('',#13617,#6422);
#5677=LINE('',#13619,#6423);
#5678=LINE('',#13621,#6424);
#5679=LINE('',#13630,#6425);
#5680=LINE('',#13643,#6426);
#5681=LINE('',#13649,#6427);
#5682=LINE('',#13653,#6428);
#5683=LINE('',#13655,#6429);
#5684=LINE('',#13664,#6430);
#5685=LINE('',#13677,#6431);
#5686=LINE('',#13690,#6432);
#5687=LINE('',#13696,#6433);
#5688=LINE('',#13698,#6434);
#5689=LINE('',#13700,#6435);
#5690=LINE('',#13702,#6436);
#5691=LINE('',#13704,#6437);
#5692=LINE('',#13706,#6438);
#5693=LINE('',#13708,#6439);
#5694=LINE('',#13711,#6440);
#5695=LINE('',#13713,#6441);
#5696=LINE('',#13715,#6442);
#5697=LINE('',#13717,#6443);
#5698=LINE('',#13719,#6444);
#5699=LINE('',#13721,#6445);
#5700=LINE('',#13723,#6446);
#5701=LINE('',#13725,#6447);
#5702=LINE('',#13727,#6448);
#5703=LINE('',#13729,#6449);
#5704=LINE('',#13731,#6450);
#5705=LINE('',#13733,#6451);
#5706=LINE('',#13736,#6452);
#5707=LINE('',#13740,#6453);
#5708=LINE('',#13742,#6454);
#5709=LINE('',#13744,#6455);
#5710=LINE('',#13746,#6456);
#5711=LINE('',#13757,#6457);
#5712=LINE('',#13763,#6458);
#5713=LINE('',#13765,#6459);
#5714=LINE('',#13767,#6460);
#5715=LINE('',#13769,#6461);
#5716=LINE('',#13771,#6462);
#5717=LINE('',#13773,#6463);
#5718=LINE('',#13775,#6464);
#5719=LINE('',#13777,#6465);
#5720=LINE('',#13779,#6466);
#5721=LINE('',#13781,#6467);
#5722=LINE('',#13795,#6468);
#5723=LINE('',#13797,#6469);
#5724=LINE('',#13799,#6470);
#5725=LINE('',#13801,#6471);
#5726=LINE('',#13803,#6472);
#5727=LINE('',#13805,#6473);
#5728=LINE('',#13807,#6474);
#5729=LINE('',#13809,#6475);
#5730=LINE('',#13811,#6476);
#5731=LINE('',#13813,#6477);
#5732=LINE('',#13815,#6478);
#5733=LINE('',#13817,#6479);
#5734=LINE('',#13819,#6480);
#5735=LINE('',#13821,#6481);
#5736=LINE('',#13823,#6482);
#5737=LINE('',#13825,#6483);
#5738=LINE('',#13827,#6484);
#5739=LINE('',#13829,#6485);
#5740=LINE('',#13831,#6486);
#5741=LINE('',#13833,#6487);
#5742=LINE('',#13843,#6488);
#5743=LINE('',#13849,#6489);
#5744=LINE('',#13851,#6490);
#5745=LINE('',#13853,#6491);
#5746=LINE('',#13855,#6492);
#5747=LINE('',#13857,#6493);
#5748=LINE('',#13859,#6494);
#5749=LINE('',#13861,#6495);
#5750=LINE('',#13863,#6496);
#5751=LINE('',#13865,#6497);
#5752=LINE('',#13867,#6498);
#5753=LINE('',#13869,#6499);
#5754=LINE('',#13878,#6500);
#5755=LINE('',#13891,#6501);
#5756=LINE('',#13897,#6502);
#5757=LINE('',#13901,#6503);
#5758=LINE('',#13903,#6504);
#5759=LINE('',#13905,#6505);
#5760=LINE('',#13907,#6506);
#5761=LINE('',#13909,#6507);
#5762=LINE('',#13911,#6508);
#5763=LINE('',#13920,#6509);
#5764=LINE('',#13938,#6510);
#5765=LINE('',#13940,#6511);
#5766=LINE('',#13942,#6512);
#5767=LINE('',#13944,#6513);
#5768=LINE('',#13946,#6514);
#5769=LINE('',#13948,#6515);
#5770=LINE('',#13950,#6516);
#5771=LINE('',#13952,#6517);
#5772=LINE('',#13954,#6518);
#5773=LINE('',#13956,#6519);
#5774=LINE('',#13958,#6520);
#5775=LINE('',#13960,#6521);
#5776=LINE('',#13962,#6522);
#5777=LINE('',#13964,#6523);
#5778=LINE('',#13966,#6524);
#5779=LINE('',#13968,#6525);
#5780=LINE('',#13970,#6526);
#5781=LINE('',#13972,#6527);
#5782=LINE('',#13974,#6528);
#5783=LINE('',#13976,#6529);
#5784=LINE('',#13991,#6530);
#5785=LINE('',#13997,#6531);
#5786=LINE('',#14001,#6532);
#5787=LINE('',#14016,#6533);
#5788=LINE('',#14033,#6534);
#5789=LINE('',#14050,#6535);
#5790=LINE('',#14056,#6536);
#5791=LINE('',#14058,#6537);
#5792=LINE('',#14060,#6538);
#5793=LINE('',#14073,#6539);
#5794=LINE('',#14086,#6540);
#5795=LINE('',#14092,#6541);
#5796=LINE('',#14094,#6542);
#5797=LINE('',#14105,#6543);
#5798=LINE('',#14118,#6544);
#5799=LINE('',#14131,#6545);
#5800=LINE('',#14137,#6546);
#5801=LINE('',#14139,#6547);
#5802=LINE('',#14148,#6548);
#5803=LINE('',#14161,#6549);
#5804=LINE('',#14174,#6550);
#5805=LINE('',#14180,#6551);
#5806=LINE('',#14182,#6552);
#5807=LINE('',#14184,#6553);
#5808=LINE('',#14188,#6554);
#5809=LINE('',#14199,#6555);
#5810=LINE('',#14212,#6556);
#5811=LINE('',#14218,#6557);
#5812=LINE('',#14220,#6558);
#5813=LINE('',#14222,#6559);
#5814=LINE('',#14224,#6560);
#5815=LINE('',#14226,#6561);
#5816=LINE('',#14228,#6562);
#5817=LINE('',#14237,#6563);
#5818=LINE('',#14269,#6564);
#5819=LINE('',#14273,#6565);
#5820=LINE('',#14275,#6566);
#5821=LINE('',#14277,#6567);
#5822=LINE('',#14279,#6568);
#5823=LINE('',#14290,#6569);
#5824=LINE('',#14296,#6570);
#5825=LINE('',#14298,#6571);
#5826=LINE('',#14300,#6572);
#5827=LINE('',#14302,#6573);
#5828=LINE('',#14304,#6574);
#5829=LINE('',#14306,#6575);
#5830=LINE('',#14308,#6576);
#5831=LINE('',#14310,#6577);
#5832=LINE('',#14312,#6578);
#5833=LINE('',#14314,#6579);
#5834=LINE('',#14328,#6580);
#5835=LINE('',#14330,#6581);
#5836=LINE('',#14332,#6582);
#5837=LINE('',#14334,#6583);
#5838=LINE('',#14336,#6584);
#5839=LINE('',#14338,#6585);
#5840=LINE('',#14340,#6586);
#5841=LINE('',#14342,#6587);
#5842=LINE('',#14344,#6588);
#5843=LINE('',#14346,#6589);
#5844=LINE('',#14348,#6590);
#5845=LINE('',#14350,#6591);
#5846=LINE('',#14352,#6592);
#5847=LINE('',#14354,#6593);
#5848=LINE('',#14356,#6594);
#5849=LINE('',#14365,#6595);
#5850=LINE('',#14378,#6596);
#5851=LINE('',#14384,#6597);
#5852=LINE('',#14388,#6598);
#5853=LINE('',#14390,#6599);
#5854=LINE('',#14399,#6600);
#5855=LINE('',#14412,#6601);
#5856=LINE('',#14425,#6602);
#5857=LINE('',#14431,#6603);
#5858=LINE('',#14433,#6604);
#5859=LINE('',#14435,#6605);
#5860=LINE('',#14437,#6606);
#5861=LINE('',#14439,#6607);
#5862=LINE('',#14441,#6608);
#5863=LINE('',#14443,#6609);
#5864=LINE('',#14453,#6610);
#5865=LINE('',#14459,#6611);
#5866=LINE('',#14461,#6612);
#5867=LINE('',#14463,#6613);
#5868=LINE('',#14465,#6614);
#5869=LINE('',#14467,#6615);
#5870=LINE('',#14469,#6616);
#5871=LINE('',#14471,#6617);
#5872=LINE('',#14473,#6618);
#5873=LINE('',#14475,#6619);
#5874=LINE('',#14477,#6620);
#5875=LINE('',#14479,#6621);
#5876=LINE('',#14488,#6622);
#5877=LINE('',#14501,#6623);
#5878=LINE('',#14507,#6624);
#5879=LINE('',#14511,#6625);
#5880=LINE('',#14513,#6626);
#5881=LINE('',#14515,#6627);
#5882=LINE('',#14517,#6628);
#5883=LINE('',#14519,#6629);
#5884=LINE('',#14521,#6630);
#5885=LINE('',#14530,#6631);
#5886=LINE('',#14556,#6632);
#5887=LINE('',#14558,#6633);
#5888=LINE('',#14560,#6634);
#5889=LINE('',#14562,#6635);
#5890=LINE('',#14564,#6636);
#5891=LINE('',#14566,#6637);
#5892=LINE('',#14568,#6638);
#5893=LINE('',#14570,#6639);
#5894=VECTOR('',#8646,1.);
#5895=VECTOR('',#8647,1.);
#5896=VECTOR('',#8648,1.);
#5897=VECTOR('',#8649,1.);
#5898=VECTOR('',#8650,1.);
#5899=VECTOR('',#8651,1.);
#5900=VECTOR('',#8652,1.);
#5901=VECTOR('',#8653,1.);
#5902=VECTOR('',#8654,1.);
#5903=VECTOR('',#8655,1.);
#5904=VECTOR('',#8656,1.);
#5905=VECTOR('',#8657,1.);
#5906=VECTOR('',#8658,1.);
#5907=VECTOR('',#8659,1.);
#5908=VECTOR('',#8662,1.);
#5909=VECTOR('',#8663,1.);
#5910=VECTOR('',#8664,1.);
#5911=VECTOR('',#8665,1.);
#5912=VECTOR('',#8666,1.);
#5913=VECTOR('',#8667,1.);
#5914=VECTOR('',#8668,1.);
#5915=VECTOR('',#8669,1.);
#5916=VECTOR('',#8670,1.);
#5917=VECTOR('',#8671,1.);
#5918=VECTOR('',#8672,1.);
#5919=VECTOR('',#8673,1.);
#5920=VECTOR('',#8674,1.);
#5921=VECTOR('',#8675,1.);
#5922=VECTOR('',#8676,1.);
#5923=VECTOR('',#8679,1.);
#5924=VECTOR('',#8680,1.);
#5925=VECTOR('',#8681,1.);
#5926=VECTOR('',#8682,1.);
#5927=VECTOR('',#8683,1.);
#5928=VECTOR('',#8686,1.);
#5929=VECTOR('',#8687,1.);
#5930=VECTOR('',#8688,1.);
#5931=VECTOR('',#8689,1.);
#5932=VECTOR('',#8690,1.);
#5933=VECTOR('',#8691,1.);
#5934=VECTOR('',#8692,1.);
#5935=VECTOR('',#8693,1.);
#5936=VECTOR('',#8694,1.);
#5937=VECTOR('',#8695,1.);
#5938=VECTOR('',#8696,1.);
#5939=VECTOR('',#8697,1.);
#5940=VECTOR('',#8698,1.);
#5941=VECTOR('',#8701,1.);
#5942=VECTOR('',#8702,1.);
#5943=VECTOR('',#8703,1.);
#5944=VECTOR('',#8704,1.);
#5945=VECTOR('',#8705,1.);
#5946=VECTOR('',#8706,1.);
#5947=VECTOR('',#8707,1.);
#5948=VECTOR('',#8708,1.);
#5949=VECTOR('',#8709,1.);
#5950=VECTOR('',#8710,1.);
#5951=VECTOR('',#8713,1.);
#5952=VECTOR('',#8714,1.);
#5953=VECTOR('',#8715,1.);
#5954=VECTOR('',#8716,1.);
#5955=VECTOR('',#8719,1.);
#5956=VECTOR('',#8720,1.);
#5957=VECTOR('',#8721,1.);
#5958=VECTOR('',#8722,1.);
#5959=VECTOR('',#8723,1.);
#5960=VECTOR('',#8726,1.);
#5961=VECTOR('',#8729,1.);
#5962=VECTOR('',#8730,1.);
#5963=VECTOR('',#8731,1.);
#5964=VECTOR('',#8732,1.);
#5965=VECTOR('',#8733,1.);
#5966=VECTOR('',#8736,1.);
#5967=VECTOR('',#8737,1.);
#5968=VECTOR('',#8738,1.);
#5969=VECTOR('',#8739,1.);
#5970=VECTOR('',#8740,1.);
#5971=VECTOR('',#8741,1.);
#5972=VECTOR('',#8742,1.);
#5973=VECTOR('',#8743,1.);
#5974=VECTOR('',#8744,1.);
#5975=VECTOR('',#8745,1.);
#5976=VECTOR('',#8746,1.);
#5977=VECTOR('',#8749,1.);
#5978=VECTOR('',#8754,1.);
#5979=VECTOR('',#8755,1.);
#5980=VECTOR('',#8756,1.);
#5981=VECTOR('',#8757,1.);
#5982=VECTOR('',#8758,1.);
#5983=VECTOR('',#8759,1.);
#5984=VECTOR('',#8760,1.);
#5985=VECTOR('',#8761,1.);
#5986=VECTOR('',#8762,1.);
#5987=VECTOR('',#8771,1.);
#5988=VECTOR('',#8774,1.);
#5989=VECTOR('',#8775,1.);
#5990=VECTOR('',#8776,1.);
#5991=VECTOR('',#8781,1.);
#5992=VECTOR('',#8784,1.);
#5993=VECTOR('',#8785,1.);
#5994=VECTOR('',#8786,1.);
#5995=VECTOR('',#8797,1.);
#5996=VECTOR('',#8798,1.);
#5997=VECTOR('',#8799,1.);
#5998=VECTOR('',#8800,1.);
#5999=VECTOR('',#8801,1.);
#6000=VECTOR('',#8802,1.);
#6001=VECTOR('',#8803,1.);
#6002=VECTOR('',#8804,1.);
#6003=VECTOR('',#8807,1.);
#6004=VECTOR('',#8808,1.);
#6005=VECTOR('',#8809,1.);
#6006=VECTOR('',#8812,1.);
#6007=VECTOR('',#8817,1.);
#6008=VECTOR('',#8820,1.);
#6009=VECTOR('',#8821,1.);
#6010=VECTOR('',#8822,1.);
#6011=VECTOR('',#8827,1.);
#6012=VECTOR('',#8830,1.);
#6013=VECTOR('',#8831,1.);
#6014=VECTOR('',#8832,1.);
#6015=VECTOR('',#8835,1.);
#6016=VECTOR('',#8836,1.);
#6017=VECTOR('',#8837,1.);
#6018=VECTOR('',#8842,1.);
#6019=VECTOR('',#8843,1.);
#6020=VECTOR('',#8844,1.);
#6021=VECTOR('',#8847,1.);
#6022=VECTOR('',#8848,1.);
#6023=VECTOR('',#8849,1.);
#6024=VECTOR('',#8850,1.);
#6025=VECTOR('',#8851,1.);
#6026=VECTOR('',#8854,1.);
#6027=VECTOR('',#8855,1.);
#6028=VECTOR('',#8856,1.);
#6029=VECTOR('',#8857,1.);
#6030=VECTOR('',#8858,1.);
#6031=VECTOR('',#8859,1.);
#6032=VECTOR('',#8860,1.);
#6033=VECTOR('',#8863,1.);
#6034=VECTOR('',#8864,1.);
#6035=VECTOR('',#8865,1.);
#6036=VECTOR('',#8866,1.);
#6037=VECTOR('',#8867,1.);
#6038=VECTOR('',#8868,1.);
#6039=VECTOR('',#8869,1.);
#6040=VECTOR('',#8870,1.);
#6041=VECTOR('',#8871,1.);
#6042=VECTOR('',#8874,1.);
#6043=VECTOR('',#8875,1.);
#6044=VECTOR('',#8876,1.);
#6045=VECTOR('',#8877,1.);
#6046=VECTOR('',#8878,1.);
#6047=VECTOR('',#8879,1.);
#6048=VECTOR('',#8880,1.);
#6049=VECTOR('',#8881,1.);
#6050=VECTOR('',#8884,1.);
#6051=VECTOR('',#8885,1.);
#6052=VECTOR('',#8886,1.);
#6053=VECTOR('',#8889,1.);
#6054=VECTOR('',#8890,1.);
#6055=VECTOR('',#8893,1.);
#6056=VECTOR('',#8894,1.);
#6057=VECTOR('',#8897,1.);
#6058=VECTOR('',#8898,1.);
#6059=VECTOR('',#8911,1.);
#6060=VECTOR('',#8912,1.);
#6061=VECTOR('',#8915,1.);
#6062=VECTOR('',#8930,1.);
#6063=VECTOR('',#8931,1.);
#6064=VECTOR('',#8932,1.);
#6065=VECTOR('',#8935,1.);
#6066=VECTOR('',#8936,1.);
#6067=VECTOR('',#8939,1.);
#6068=VECTOR('',#8940,1.);
#6069=VECTOR('',#8941,1.);
#6070=VECTOR('',#8942,1.);
#6071=VECTOR('',#8943,1.);
#6072=VECTOR('',#8946,1.);
#6073=VECTOR('',#8951,1.);
#6074=VECTOR('',#8952,1.);
#6075=VECTOR('',#8955,1.);
#6076=VECTOR('',#8956,1.);
#6077=VECTOR('',#8959,1.);
#6078=VECTOR('',#8960,1.);
#6079=VECTOR('',#8961,1.);
#6080=VECTOR('',#8964,1.);
#6081=VECTOR('',#8967,1.);
#6082=VECTOR('',#8968,1.);
#6083=VECTOR('',#8975,1.);
#6084=VECTOR('',#8978,1.);
#6085=VECTOR('',#8979,1.);
#6086=VECTOR('',#8980,1.);
#6087=VECTOR('',#8985,1.);
#6088=VECTOR('',#8990,1.);
#6089=VECTOR('',#8991,1.);
#6090=VECTOR('',#8992,1.);
#6091=VECTOR('',#8995,1.);
#6092=VECTOR('',#8996,1.);
#6093=VECTOR('',#8997,1.);
#6094=VECTOR('',#8998,1.);
#6095=VECTOR('',#8999,1.);
#6096=VECTOR('',#9002,1.);
#6097=VECTOR('',#9005,1.);
#6098=VECTOR('',#9008,1.);
#6099=VECTOR('',#9009,1.);
#6100=VECTOR('',#9010,1.);
#6101=VECTOR('',#9011,1.);
#6102=VECTOR('',#9012,1.);
#6103=VECTOR('',#9015,1.);
#6104=VECTOR('',#9016,1.);
#6105=VECTOR('',#9019,1.);
#6106=VECTOR('',#9020,1.);
#6107=VECTOR('',#9021,1.);
#6108=VECTOR('',#9022,1.);
#6109=VECTOR('',#9023,1.);
#6110=VECTOR('',#9024,1.);
#6111=VECTOR('',#9027,1.);
#6112=VECTOR('',#9032,1.);
#6113=VECTOR('',#9033,1.);
#6114=VECTOR('',#9034,1.);
#6115=VECTOR('',#9041,1.);
#6116=VECTOR('',#9042,1.);
#6117=VECTOR('',#9043,1.);
#6118=VECTOR('',#9044,1.);
#6119=VECTOR('',#9045,1.);
#6120=VECTOR('',#9046,1.);
#6121=VECTOR('',#9047,1.);
#6122=VECTOR('',#9048,1.);
#6123=VECTOR('',#9049,1.);
#6124=VECTOR('',#9050,1.);
#6125=VECTOR('',#9051,1.);
#6126=VECTOR('',#9052,1.);
#6127=VECTOR('',#9053,1.);
#6128=VECTOR('',#9054,1.);
#6129=VECTOR('',#9055,1.);
#6130=VECTOR('',#9056,1.);
#6131=VECTOR('',#9057,1.);
#6132=VECTOR('',#9058,1.);
#6133=VECTOR('',#9065,1.);
#6134=VECTOR('',#9068,1.);
#6135=VECTOR('',#9069,1.);
#6136=VECTOR('',#9070,1.);
#6137=VECTOR('',#9075,1.);
#6138=VECTOR('',#9080,1.);
#6139=VECTOR('',#9081,1.);
#6140=VECTOR('',#9082,1.);
#6141=VECTOR('',#9085,1.);
#6142=VECTOR('',#9086,1.);
#6143=VECTOR('',#9087,1.);
#6144=VECTOR('',#9088,1.);
#6145=VECTOR('',#9089,1.);
#6146=VECTOR('',#9092,1.);
#6147=VECTOR('',#9095,1.);
#6148=VECTOR('',#9098,1.);
#6149=VECTOR('',#9099,1.);
#6150=VECTOR('',#9100,1.);
#6151=VECTOR('',#9101,1.);
#6152=VECTOR('',#9102,1.);
#6153=VECTOR('',#9105,1.);
#6154=VECTOR('',#9106,1.);
#6155=VECTOR('',#9109,1.);
#6156=VECTOR('',#9110,1.);
#6157=VECTOR('',#9111,1.);
#6158=VECTOR('',#9112,1.);
#6159=VECTOR('',#9113,1.);
#6160=VECTOR('',#9114,1.);
#6161=VECTOR('',#9117,1.);
#6162=VECTOR('',#9122,1.);
#6163=VECTOR('',#9123,1.);
#6164=VECTOR('',#9124,1.);
#6165=VECTOR('',#9135,1.);
#6166=VECTOR('',#9138,1.);
#6167=VECTOR('',#9139,1.);
#6168=VECTOR('',#9140,1.);
#6169=VECTOR('',#9145,1.);
#6170=VECTOR('',#9150,1.);
#6171=VECTOR('',#9151,1.);
#6172=VECTOR('',#9152,1.);
#6173=VECTOR('',#9155,1.);
#6174=VECTOR('',#9156,1.);
#6175=VECTOR('',#9157,1.);
#6176=VECTOR('',#9158,1.);
#6177=VECTOR('',#9159,1.);
#6178=VECTOR('',#9162,1.);
#6179=VECTOR('',#9165,1.);
#6180=VECTOR('',#9168,1.);
#6181=VECTOR('',#9169,1.);
#6182=VECTOR('',#9170,1.);
#6183=VECTOR('',#9171,1.);
#6184=VECTOR('',#9172,1.);
#6185=VECTOR('',#9175,1.);
#6186=VECTOR('',#9176,1.);
#6187=VECTOR('',#9179,1.);
#6188=VECTOR('',#9180,1.);
#6189=VECTOR('',#9181,1.);
#6190=VECTOR('',#9182,1.);
#6191=VECTOR('',#9183,1.);
#6192=VECTOR('',#9184,1.);
#6193=VECTOR('',#9187,1.);
#6194=VECTOR('',#9192,1.);
#6195=VECTOR('',#9193,1.);
#6196=VECTOR('',#9194,1.);
#6197=VECTOR('',#9203,1.);
#6198=VECTOR('',#9204,1.);
#6199=VECTOR('',#9205,1.);
#6200=VECTOR('',#9206,1.);
#6201=VECTOR('',#9209,1.);
#6202=VECTOR('',#9210,1.);
#6203=VECTOR('',#9211,1.);
#6204=VECTOR('',#9212,1.);
#6205=VECTOR('',#9213,1.);
#6206=VECTOR('',#9214,1.);
#6207=VECTOR('',#9215,1.);
#6208=VECTOR('',#9216,1.);
#6209=VECTOR('',#9217,1.);
#6210=VECTOR('',#9218,1.);
#6211=VECTOR('',#9219,1.);
#6212=VECTOR('',#9220,1.);
#6213=VECTOR('',#9221,1.);
#6214=VECTOR('',#9222,1.);
#6215=VECTOR('',#9223,1.);
#6216=VECTOR('',#9224,1.);
#6217=VECTOR('',#9225,1.);
#6218=VECTOR('',#9226,1.);
#6219=VECTOR('',#9227,1.);
#6220=VECTOR('',#9230,1.);
#6221=VECTOR('',#9233,1.);
#6222=VECTOR('',#9234,1.);
#6223=VECTOR('',#9235,1.);
#6224=VECTOR('',#9236,1.);
#6225=VECTOR('',#9243,1.);
#6226=VECTOR('',#9246,1.);
#6227=VECTOR('',#9247,1.);
#6228=VECTOR('',#9248,1.);
#6229=VECTOR('',#9253,1.);
#6230=VECTOR('',#9258,1.);
#6231=VECTOR('',#9259,1.);
#6232=VECTOR('',#9260,1.);
#6233=VECTOR('',#9263,1.);
#6234=VECTOR('',#9264,1.);
#6235=VECTOR('',#9265,1.);
#6236=VECTOR('',#9266,1.);
#6237=VECTOR('',#9267,1.);
#6238=VECTOR('',#9270,1.);
#6239=VECTOR('',#9273,1.);
#6240=VECTOR('',#9276,1.);
#6241=VECTOR('',#9277,1.);
#6242=VECTOR('',#9278,1.);
#6243=VECTOR('',#9279,1.);
#6244=VECTOR('',#9280,1.);
#6245=VECTOR('',#9283,1.);
#6246=VECTOR('',#9284,1.);
#6247=VECTOR('',#9287,1.);
#6248=VECTOR('',#9288,1.);
#6249=VECTOR('',#9289,1.);
#6250=VECTOR('',#9290,1.);
#6251=VECTOR('',#9291,1.);
#6252=VECTOR('',#9292,1.);
#6253=VECTOR('',#9295,1.);
#6254=VECTOR('',#9300,1.);
#6255=VECTOR('',#9301,1.);
#6256=VECTOR('',#9302,1.);
#6257=VECTOR('',#9311,1.);
#6258=VECTOR('',#9312,1.);
#6259=VECTOR('',#9313,1.);
#6260=VECTOR('',#9314,1.);
#6261=VECTOR('',#9317,1.);
#6262=VECTOR('',#9318,1.);
#6263=VECTOR('',#9319,1.);
#6264=VECTOR('',#9322,1.);
#6265=VECTOR('',#9323,1.);
#6266=VECTOR('',#9324,1.);
#6267=VECTOR('',#9325,1.);
#6268=VECTOR('',#9326,1.);
#6269=VECTOR('',#9329,1.);
#6270=VECTOR('',#9330,1.);
#6271=VECTOR('',#9331,1.);
#6272=VECTOR('',#9332,1.);
#6273=VECTOR('',#9335,1.);
#6274=VECTOR('',#9336,1.);
#6275=VECTOR('',#9337,1.);
#6276=VECTOR('',#9338,1.);
#6277=VECTOR('',#9339,1.);
#6278=VECTOR('',#9344,1.);
#6279=VECTOR('',#9347,1.);
#6280=VECTOR('',#9350,1.);
#6281=VECTOR('',#9351,1.);
#6282=VECTOR('',#9352,1.);
#6283=VECTOR('',#9355,1.);
#6284=VECTOR('',#9356,1.);
#6285=VECTOR('',#9357,1.);
#6286=VECTOR('',#9358,1.);
#6287=VECTOR('',#9359,1.);
#6288=VECTOR('',#9362,1.);
#6289=VECTOR('',#9365,1.);
#6290=VECTOR('',#9366,1.);
#6291=VECTOR('',#9367,1.);
#6292=VECTOR('',#9370,1.);
#6293=VECTOR('',#9371,1.);
#6294=VECTOR('',#9374,1.);
#6295=VECTOR('',#9381,1.);
#6296=VECTOR('',#9382,1.);
#6297=VECTOR('',#9383,1.);
#6298=VECTOR('',#9386,1.);
#6299=VECTOR('',#9387,1.);
#6300=VECTOR('',#9390,1.);
#6301=VECTOR('',#9391,1.);
#6302=VECTOR('',#9394,1.);
#6303=VECTOR('',#9395,1.);
#6304=VECTOR('',#9398,1.);
#6305=VECTOR('',#9401,1.);
#6306=VECTOR('',#9402,1.);
#6307=VECTOR('',#9403,1.);
#6308=VECTOR('',#9404,1.);
#6309=VECTOR('',#9405,1.);
#6310=VECTOR('',#9408,1.);
#6311=VECTOR('',#9409,1.);
#6312=VECTOR('',#9410,1.);
#6313=VECTOR('',#9411,1.);
#6314=VECTOR('',#9414,1.);
#6315=VECTOR('',#9417,1.);
#6316=VECTOR('',#9420,1.);
#6317=VECTOR('',#9423,1.);
#6318=VECTOR('',#9424,1.);
#6319=VECTOR('',#9425,1.);
#6320=VECTOR('',#9428,1.);
#6321=VECTOR('',#9429,1.);
#6322=VECTOR('',#9430,1.);
#6323=VECTOR('',#9433,1.);
#6324=VECTOR('',#9436,1.);
#6325=VECTOR('',#9437,1.);
#6326=VECTOR('',#9440,1.);
#6327=VECTOR('',#9441,1.);
#6328=VECTOR('',#9442,1.);
#6329=VECTOR('',#9443,1.);
#6330=VECTOR('',#9444,1.);
#6331=VECTOR('',#9445,1.);
#6332=VECTOR('',#9446,1.);
#6333=VECTOR('',#9449,1.);
#6334=VECTOR('',#9454,1.);
#6335=VECTOR('',#9455,1.);
#6336=VECTOR('',#9456,1.);
#6337=VECTOR('',#9459,1.);
#6338=VECTOR('',#9460,1.);
#6339=VECTOR('',#9463,1.);
#6340=VECTOR('',#9464,1.);
#6341=VECTOR('',#9467,1.);
#6342=VECTOR('',#9468,1.);
#6343=VECTOR('',#9471,1.);
#6344=VECTOR('',#9472,1.);
#6345=VECTOR('',#9473,1.);
#6346=VECTOR('',#9476,1.);
#6347=VECTOR('',#9477,1.);
#6348=VECTOR('',#9480,1.);
#6349=VECTOR('',#9481,1.);
#6350=VECTOR('',#9482,1.);
#6351=VECTOR('',#9483,1.);
#6352=VECTOR('',#9484,1.);
#6353=VECTOR('',#9487,1.);
#6354=VECTOR('',#9488,1.);
#6355=VECTOR('',#9491,1.);
#6356=VECTOR('',#9496,1.);
#6357=VECTOR('',#9499,1.);
#6358=VECTOR('',#9502,1.);
#6359=VECTOR('',#9503,1.);
#6360=VECTOR('',#9506,1.);
#6361=VECTOR('',#9509,1.);
#6362=VECTOR('',#9512,1.);
#6363=VECTOR('',#9513,1.);
#6364=VECTOR('',#9516,1.);
#6365=VECTOR('',#9517,1.);
#6366=VECTOR('',#9520,1.);
#6367=VECTOR('',#9521,1.);
#6368=VECTOR('',#9524,1.);
#6369=VECTOR('',#9525,1.);
#6370=VECTOR('',#9528,1.);
#6371=VECTOR('',#9529,1.);
#6372=VECTOR('',#9534,1.);
#6373=VECTOR('',#9537,1.);
#6374=VECTOR('',#9540,1.);
#6375=VECTOR('',#9541,1.);
#6376=VECTOR('',#9544,1.);
#6377=VECTOR('',#9547,1.);
#6378=VECTOR('',#9550,1.);
#6379=VECTOR('',#9551,1.);
#6380=VECTOR('',#9554,1.);
#6381=VECTOR('',#9555,1.);
#6382=VECTOR('',#9558,1.);
#6383=VECTOR('',#9559,1.);
#6384=VECTOR('',#9562,1.);
#6385=VECTOR('',#9563,1.);
#6386=VECTOR('',#9566,1.);
#6387=VECTOR('',#9567,1.);
#6388=VECTOR('',#9572,1.);
#6389=VECTOR('',#9573,1.);
#6390=VECTOR('',#9574,1.);
#6391=VECTOR('',#9577,1.);
#6392=VECTOR('',#9578,1.);
#6393=VECTOR('',#9581,1.);
#6394=VECTOR('',#9582,1.);
#6395=VECTOR('',#9585,1.);
#6396=VECTOR('',#9586,1.);
#6397=VECTOR('',#9589,1.);
#6398=VECTOR('',#9590,1.);
#6399=VECTOR('',#9591,1.);
#6400=VECTOR('',#9592,1.);
#6401=VECTOR('',#9595,1.);
#6402=VECTOR('',#9600,1.);
#6403=VECTOR('',#9601,1.);
#6404=VECTOR('',#9604,1.);
#6405=VECTOR('',#9605,1.);
#6406=VECTOR('',#9608,1.);
#6407=VECTOR('',#9609,1.);
#6408=VECTOR('',#9610,1.);
#6409=VECTOR('',#9611,1.);
#6410=VECTOR('',#9616,1.);
#6411=VECTOR('',#9617,1.);
#6412=VECTOR('',#9618,1.);
#6413=VECTOR('',#9621,1.);
#6414=VECTOR('',#9622,1.);
#6415=VECTOR('',#9625,1.);
#6416=VECTOR('',#9626,1.);
#6417=VECTOR('',#9629,1.);
#6418=VECTOR('',#9630,1.);
#6419=VECTOR('',#9633,1.);
#6420=VECTOR('',#9634,1.);
#6421=VECTOR('',#9637,1.);
#6422=VECTOR('',#9638,1.);
#6423=VECTOR('',#9641,1.);
#6424=VECTOR('',#9642,1.);
#6425=VECTOR('',#9643,1.);
#6426=VECTOR('',#9644,1.);
#6427=VECTOR('',#9647,1.);
#6428=VECTOR('',#9652,1.);
#6429=VECTOR('',#9653,1.);
#6430=VECTOR('',#9654,1.);
#6431=VECTOR('',#9655,1.);
#6432=VECTOR('',#9656,1.);
#6433=VECTOR('',#9659,1.);
#6434=VECTOR('',#9660,1.);
#6435=VECTOR('',#9663,1.);
#6436=VECTOR('',#9664,1.);
#6437=VECTOR('',#9667,1.);
#6438=VECTOR('',#9668,1.);
#6439=VECTOR('',#9671,1.);
#6440=VECTOR('',#9676,1.);
#6441=VECTOR('',#9677,1.);
#6442=VECTOR('',#9678,1.);
#6443=VECTOR('',#9681,1.);
#6444=VECTOR('',#9682,1.);
#6445=VECTOR('',#9685,1.);
#6446=VECTOR('',#9686,1.);
#6447=VECTOR('',#9689,1.);
#6448=VECTOR('',#9690,1.);
#6449=VECTOR('',#9693,1.);
#6450=VECTOR('',#9694,1.);
#6451=VECTOR('',#9697,1.);
#6452=VECTOR('',#9702,1.);
#6453=VECTOR('',#9705,1.);
#6454=VECTOR('',#9708,1.);
#6455=VECTOR('',#9709,1.);
#6456=VECTOR('',#9712,1.);
#6457=VECTOR('',#9715,1.);
#6458=VECTOR('',#9718,1.);
#6459=VECTOR('',#9719,1.);
#6460=VECTOR('',#9722,1.);
#6461=VECTOR('',#9723,1.);
#6462=VECTOR('',#9726,1.);
#6463=VECTOR('',#9727,1.);
#6464=VECTOR('',#9730,1.);
#6465=VECTOR('',#9731,1.);
#6466=VECTOR('',#9734,1.);
#6467=VECTOR('',#9735,1.);
#6468=VECTOR('',#9740,1.);
#6469=VECTOR('',#9741,1.);
#6470=VECTOR('',#9742,1.);
#6471=VECTOR('',#9745,1.);
#6472=VECTOR('',#9746,1.);
#6473=VECTOR('',#9749,1.);
#6474=VECTOR('',#9750,1.);
#6475=VECTOR('',#9753,1.);
#6476=VECTOR('',#9754,1.);
#6477=VECTOR('',#9757,1.);
#6478=VECTOR('',#9758,1.);
#6479=VECTOR('',#9761,1.);
#6480=VECTOR('',#9762,1.);
#6481=VECTOR('',#9765,1.);
#6482=VECTOR('',#9766,1.);
#6483=VECTOR('',#9769,1.);
#6484=VECTOR('',#9770,1.);
#6485=VECTOR('',#9773,1.);
#6486=VECTOR('',#9774,1.);
#6487=VECTOR('',#9777,1.);
#6488=VECTOR('',#9780,1.);
#6489=VECTOR('',#9781,1.);
#6490=VECTOR('',#9784,1.);
#6491=VECTOR('',#9785,1.);
#6492=VECTOR('',#9788,1.);
#6493=VECTOR('',#9789,1.);
#6494=VECTOR('',#9792,1.);
#6495=VECTOR('',#9793,1.);
#6496=VECTOR('',#9796,1.);
#6497=VECTOR('',#9797,1.);
#6498=VECTOR('',#9800,1.);
#6499=VECTOR('',#9801,1.);
#6500=VECTOR('',#9802,1.);
#6501=VECTOR('',#9803,1.);
#6502=VECTOR('',#9806,1.);
#6503=VECTOR('',#9811,1.);
#6504=VECTOR('',#9812,1.);
#6505=VECTOR('',#9815,1.);
#6506=VECTOR('',#9816,1.);
#6507=VECTOR('',#9819,1.);
#6508=VECTOR('',#9820,1.);
#6509=VECTOR('',#9821,1.);
#6510=VECTOR('',#9826,1.);
#6511=VECTOR('',#9827,1.);
#6512=VECTOR('',#9828,1.);
#6513=VECTOR('',#9831,1.);
#6514=VECTOR('',#9832,1.);
#6515=VECTOR('',#9835,1.);
#6516=VECTOR('',#9836,1.);
#6517=VECTOR('',#9839,1.);
#6518=VECTOR('',#9840,1.);
#6519=VECTOR('',#9843,1.);
#6520=VECTOR('',#9844,1.);
#6521=VECTOR('',#9847,1.);
#6522=VECTOR('',#9848,1.);
#6523=VECTOR('',#9851,1.);
#6524=VECTOR('',#9852,1.);
#6525=VECTOR('',#9855,1.);
#6526=VECTOR('',#9856,1.);
#6527=VECTOR('',#9859,1.);
#6528=VECTOR('',#9860,1.);
#6529=VECTOR('',#9863,1.);
#6530=VECTOR('',#9866,1.);
#6531=VECTOR('',#9867,1.);
#6532=VECTOR('',#9872,1.);
#6533=VECTOR('',#9875,1.);
#6534=VECTOR('',#9876,1.);
#6535=VECTOR('',#9877,1.);
#6536=VECTOR('',#9880,1.);
#6537=VECTOR('',#9881,1.);
#6538=VECTOR('',#9882,1.);
#6539=VECTOR('',#9883,1.);
#6540=VECTOR('',#9884,1.);
#6541=VECTOR('',#9885,1.);
#6542=VECTOR('',#9888,1.);
#6543=VECTOR('',#9891,1.);
#6544=VECTOR('',#9892,1.);
#6545=VECTOR('',#9893,1.);
#6546=VECTOR('',#9896,1.);
#6547=VECTOR('',#9897,1.);
#6548=VECTOR('',#9898,1.);
#6549=VECTOR('',#9899,1.);
#6550=VECTOR('',#9900,1.);
#6551=VECTOR('',#9903,1.);
#6552=VECTOR('',#9904,1.);
#6553=VECTOR('',#9907,1.);
#6554=VECTOR('',#9912,1.);
#6555=VECTOR('',#9915,1.);
#6556=VECTOR('',#9916,1.);
#6557=VECTOR('',#9919,1.);
#6558=VECTOR('',#9920,1.);
#6559=VECTOR('',#9923,1.);
#6560=VECTOR('',#9924,1.);
#6561=VECTOR('',#9927,1.);
#6562=VECTOR('',#9928,1.);
#6563=VECTOR('',#9929,1.);
#6564=VECTOR('',#9934,1.);
#6565=VECTOR('',#9937,1.);
#6566=VECTOR('',#9940,1.);
#6567=VECTOR('',#9941,1.);
#6568=VECTOR('',#9944,1.);
#6569=VECTOR('',#9947,1.);
#6570=VECTOR('',#9950,1.);
#6571=VECTOR('',#9951,1.);
#6572=VECTOR('',#9954,1.);
#6573=VECTOR('',#9955,1.);
#6574=VECTOR('',#9958,1.);
#6575=VECTOR('',#9959,1.);
#6576=VECTOR('',#9962,1.);
#6577=VECTOR('',#9963,1.);
#6578=VECTOR('',#9966,1.);
#6579=VECTOR('',#9967,1.);
#6580=VECTOR('',#9972,1.);
#6581=VECTOR('',#9973,1.);
#6582=VECTOR('',#9974,1.);
#6583=VECTOR('',#9977,1.);
#6584=VECTOR('',#9978,1.);
#6585=VECTOR('',#9981,1.);
#6586=VECTOR('',#9982,1.);
#6587=VECTOR('',#9985,1.);
#6588=VECTOR('',#9986,1.);
#6589=VECTOR('',#9989,1.);
#6590=VECTOR('',#9990,1.);
#6591=VECTOR('',#9993,1.);
#6592=VECTOR('',#9994,1.);
#6593=VECTOR('',#9997,1.);
#6594=VECTOR('',#9998,1.);
#6595=VECTOR('',#9999,1.);
#6596=VECTOR('',#10000,1.);
#6597=VECTOR('',#10003,1.);
#6598=VECTOR('',#10008,1.);
#6599=VECTOR('',#10009,1.);
#6600=VECTOR('',#10010,1.);
#6601=VECTOR('',#10011,1.);
#6602=VECTOR('',#10012,1.);
#6603=VECTOR('',#10015,1.);
#6604=VECTOR('',#10016,1.);
#6605=VECTOR('',#10019,1.);
#6606=VECTOR('',#10020,1.);
#6607=VECTOR('',#10023,1.);
#6608=VECTOR('',#10024,1.);
#6609=VECTOR('',#10027,1.);
#6610=VECTOR('',#10030,1.);
#6611=VECTOR('',#10031,1.);
#6612=VECTOR('',#10034,1.);
#6613=VECTOR('',#10035,1.);
#6614=VECTOR('',#10038,1.);
#6615=VECTOR('',#10039,1.);
#6616=VECTOR('',#10042,1.);
#6617=VECTOR('',#10043,1.);
#6618=VECTOR('',#10046,1.);
#6619=VECTOR('',#10047,1.);
#6620=VECTOR('',#10050,1.);
#6621=VECTOR('',#10051,1.);
#6622=VECTOR('',#10052,1.);
#6623=VECTOR('',#10053,1.);
#6624=VECTOR('',#10056,1.);
#6625=VECTOR('',#10061,1.);
#6626=VECTOR('',#10062,1.);
#6627=VECTOR('',#10065,1.);
#6628=VECTOR('',#10066,1.);
#6629=VECTOR('',#10069,1.);
#6630=VECTOR('',#10070,1.);
#6631=VECTOR('',#10071,1.);
#6632=VECTOR('',#10092,1.);
#6633=VECTOR('',#10093,1.);
#6634=VECTOR('',#10094,1.);
#6635=VECTOR('',#10097,1.);
#6636=VECTOR('',#10098,1.);
#6637=VECTOR('',#10101,1.);
#6638=VECTOR('',#10102,1.);
#6639=VECTOR('',#10105,1.);
#6640=EDGE_LOOP('',(#708,#709,#710,#711,#712,#713,#714,#715,#716,#717));
#6641=EDGE_LOOP('',(#718,#719,#720,#721,#722,#723,#724,#725,#726,#727,#728,
#729,#730,#731));
#6642=EDGE_LOOP('',(#732,#733,#734,#735,#736,#737,#738,#739,#740,#741));
#6643=EDGE_LOOP('',(#742,#743,#744,#745,#746,#747,#748,#749,#750,#751));
#6644=EDGE_LOOP('',(#752,#753,#754,#755,#756,#757));
#6645=EDGE_LOOP('',(#758,#759,#760,#761,#762,#763,#764,#765,#766,#767,#768,
#769,#770,#771,#772,#773,#774,#775));
#6646=EDGE_LOOP('',(#776,#777,#778,#779,#780,#781,#782,#783,#784,#785,#786,
#787,#788,#789));
#6647=EDGE_LOOP('',(#790,#791,#792,#793,#794,#795,#796,#797,#798,#799));
#6648=EDGE_LOOP('',(#800,#801,#802,#803,#804,#805,#806,#807,#808,#809));
#6649=EDGE_LOOP('',(#810,#811,#812,#813,#814,#815,#816,#817,#818,#819,#820,
#821,#822));
#6650=EDGE_LOOP('',(#823,#824,#825,#826,#827,#828,#829,#830,#831,#832,#833,
#834,#835,#836,#837,#838,#839,#840,#841,#842,#843,#844,#845,#846,#847));
#6651=EDGE_LOOP('',(#848,#849,#850,#851,#852));
#6652=EDGE_LOOP('',(#853,#854,#855,#856,#857,#858,#859,#860,#861,#862));
#6653=EDGE_LOOP('',(#863,#864,#865,#866,#867,#868,#869,#870,#871,#872,#873,
#874,#875,#876));
#6654=EDGE_LOOP('',(#877,#878,#879,#880,#881,#882,#883,#884,#885,#886,#887,
#888,#889,#890,#891,#892,#893));
#6655=EDGE_LOOP('',(#894,#895,#896,#897,#898,#899,#900,#901,#902,#903,#904,
#905,#906,#907,#908,#909,#910));
#6656=EDGE_LOOP('',(#911));
#6657=EDGE_LOOP('',(#912));
#6658=EDGE_LOOP('',(#913));
#6659=EDGE_LOOP('',(#914));
#6660=EDGE_LOOP('',(#915));
#6661=EDGE_LOOP('',(#916,#917,#918,#919,#920,#921));
#6662=EDGE_LOOP('',(#922,#923,#924,#925,#926,#927,#928,#929,#930,#931,#932,
#933,#934,#935,#936));
#6663=EDGE_LOOP('',(#937,#938,#939,#940,#941,#942,#943,#944,#945,#946));
#6664=EDGE_LOOP('',(#947,#948,#949,#950,#951,#952,#953,#954,#955,#956,#957,
#958,#959,#960,#961,#962,#963));
#6665=EDGE_LOOP('',(#964,#965,#966,#967,#968,#969,#970,#971,#972,#973,#974,
#975,#976,#977,#978,#979,#980));
#6666=EDGE_LOOP('',(#981,#982,#983,#984,#985,#986,#987,#988,#989,#990,#991,
#992,#993,#994,#995,#996,#997,#998,#999));
#6667=EDGE_LOOP('',(#1000,#1001,#1002,#1003,#1004,#1005,#1006,#1007,#1008,
#1009));
#6668=EDGE_LOOP('',(#1010,#1011,#1012,#1013,#1014,#1015,#1016,#1017,#1018,
#1019,#1020,#1021,#1022,#1023,#1024,#1025,#1026,#1027));
#6669=EDGE_LOOP('',(#1028,#1029,#1030,#1031,#1032,#1033,#1034,#1035,#1036,
#1037,#1038,#1039,#1040,#1041));
#6670=EDGE_LOOP('',(#1042,#1043,#1044,#1045));
#6671=EDGE_LOOP('',(#1046,#1047,#1048,#1049));
#6672=EDGE_LOOP('',(#1050,#1051,#1052,#1053));
#6673=EDGE_LOOP('',(#1054,#1055,#1056,#1057));
#6674=EDGE_LOOP('',(#1058,#1059,#1060,#1061));
#6675=EDGE_LOOP('',(#1062));
#6676=EDGE_LOOP('',(#1063));
#6677=EDGE_LOOP('',(#1064));
#6678=EDGE_LOOP('',(#1065));
#6679=EDGE_LOOP('',(#1066));
#6680=EDGE_LOOP('',(#1067,#1068,#1069,#1070,#1071,#1072));
#6681=EDGE_LOOP('',(#1073,#1074,#1075,#1076));
#6682=EDGE_LOOP('',(#1077,#1078,#1079,#1080));
#6683=EDGE_LOOP('',(#1081));
#6684=EDGE_LOOP('',(#1082));
#6685=EDGE_LOOP('',(#1083));
#6686=EDGE_LOOP('',(#1084));
#6687=EDGE_LOOP('',(#1085));
#6688=EDGE_LOOP('',(#1086));
#6689=EDGE_LOOP('',(#1087));
#6690=EDGE_LOOP('',(#1088));
#6691=EDGE_LOOP('',(#1089));
#6692=EDGE_LOOP('',(#1090));
#6693=EDGE_LOOP('',(#1091,#1092,#1093,#1094));
#6694=EDGE_LOOP('',(#1095,#1096,#1097,#1098));
#6695=EDGE_LOOP('',(#1099,#1100,#1101,#1102));
#6696=EDGE_LOOP('',(#1103,#1104,#1105,#1106));
#6697=EDGE_LOOP('',(#1107,#1108,#1109,#1110));
#6698=EDGE_LOOP('',(#1111,#1112,#1113,#1114));
#6699=EDGE_LOOP('',(#1115,#1116,#1117,#1118));
#6700=EDGE_LOOP('',(#1119,#1120,#1121,#1122));
#6701=EDGE_LOOP('',(#1123,#1124,#1125,#1126));
#6702=EDGE_LOOP('',(#1127,#1128,#1129,#1130));
#6703=EDGE_LOOP('',(#1131,#1132,#1133,#1134));
#6704=EDGE_LOOP('',(#1135,#1136,#1137,#1138));
#6705=EDGE_LOOP('',(#1139,#1140,#1141,#1142));
#6706=EDGE_LOOP('',(#1143,#1144,#1145,#1146));
#6707=EDGE_LOOP('',(#1147,#1148,#1149,#1150));
#6708=EDGE_LOOP('',(#1151,#1152,#1153,#1154,#1155,#1156,#1157,#1158,#1159,
#1160,#1161,#1162,#1163,#1164,#1165));
#6709=EDGE_LOOP('',(#1166,#1167,#1168,#1169));
#6710=EDGE_LOOP('',(#1170,#1171,#1172,#1173));
#6711=EDGE_LOOP('',(#1174,#1175,#1176,#1177));
#6712=EDGE_LOOP('',(#1178,#1179,#1180,#1181));
#6713=EDGE_LOOP('',(#1182,#1183,#1184,#1185));
#6714=EDGE_LOOP('',(#1186,#1187,#1188,#1189));
#6715=EDGE_LOOP('',(#1190,#1191,#1192,#1193));
#6716=EDGE_LOOP('',(#1194,#1195,#1196,#1197));
#6717=EDGE_LOOP('',(#1198,#1199,#1200,#1201));
#6718=EDGE_LOOP('',(#1202,#1203,#1204,#1205));
#6719=EDGE_LOOP('',(#1206,#1207,#1208,#1209));
#6720=EDGE_LOOP('',(#1210,#1211,#1212,#1213));
#6721=EDGE_LOOP('',(#1214,#1215,#1216,#1217));
#6722=EDGE_LOOP('',(#1218,#1219,#1220,#1221));
#6723=EDGE_LOOP('',(#1222,#1223,#1224,#1225));
#6724=EDGE_LOOP('',(#1226,#1227,#1228,#1229));
#6725=EDGE_LOOP('',(#1230,#1231,#1232,#1233));
#6726=EDGE_LOOP('',(#1234,#1235,#1236,#1237));
#6727=EDGE_LOOP('',(#1238,#1239,#1240,#1241));
#6728=EDGE_LOOP('',(#1242,#1243,#1244,#1245));
#6729=EDGE_LOOP('',(#1246,#1247,#1248,#1249));
#6730=EDGE_LOOP('',(#1250,#1251,#1252,#1253));
#6731=EDGE_LOOP('',(#1254,#1255,#1256,#1257));
#6732=EDGE_LOOP('',(#1258,#1259,#1260,#1261));
#6733=EDGE_LOOP('',(#1262,#1263,#1264,#1265,#1266,#1267,#1268,#1269,#1270,
#1271,#1272,#1273,#1274,#1275,#1276,#1277,#1278));
#6734=EDGE_LOOP('',(#1279,#1280,#1281,#1282,#1283,#1284,#1285));
#6735=EDGE_LOOP('',(#1286,#1287,#1288,#1289));
#6736=EDGE_LOOP('',(#1290,#1291,#1292,#1293));
#6737=EDGE_LOOP('',(#1294,#1295,#1296,#1297));
#6738=EDGE_LOOP('',(#1298,#1299,#1300,#1301));
#6739=EDGE_LOOP('',(#1302,#1303,#1304,#1305));
#6740=EDGE_LOOP('',(#1306,#1307,#1308,#1309));
#6741=EDGE_LOOP('',(#1310,#1311,#1312,#1313));
#6742=EDGE_LOOP('',(#1314,#1315,#1316,#1317));
#6743=EDGE_LOOP('',(#1318,#1319,#1320,#1321));
#6744=EDGE_LOOP('',(#1322,#1323,#1324,#1325));
#6745=EDGE_LOOP('',(#1326,#1327,#1328,#1329));
#6746=EDGE_LOOP('',(#1330,#1331,#1332,#1333));
#6747=EDGE_LOOP('',(#1334,#1335,#1336,#1337));
#6748=EDGE_LOOP('',(#1338,#1339,#1340,#1341));
#6749=EDGE_LOOP('',(#1342,#1343,#1344,#1345));
#6750=EDGE_LOOP('',(#1346,#1347,#1348,#1349));
#6751=EDGE_LOOP('',(#1350,#1351,#1352,#1353));
#6752=EDGE_LOOP('',(#1354,#1355,#1356,#1357));
#6753=EDGE_LOOP('',(#1358,#1359,#1360,#1361,#1362,#1363,#1364,#1365,#1366,
#1367));
#6754=EDGE_LOOP('',(#1368,#1369,#1370,#1371,#1372,#1373,#1374,#1375));
#6755=EDGE_LOOP('',(#1376,#1377,#1378,#1379));
#6756=EDGE_LOOP('',(#1380,#1381,#1382,#1383));
#6757=EDGE_LOOP('',(#1384,#1385,#1386,#1387));
#6758=EDGE_LOOP('',(#1388,#1389,#1390,#1391));
#6759=EDGE_LOOP('',(#1392,#1393,#1394,#1395));
#6760=EDGE_LOOP('',(#1396,#1397,#1398,#1399));
#6761=EDGE_LOOP('',(#1400,#1401,#1402,#1403));
#6762=EDGE_LOOP('',(#1404,#1405,#1406,#1407));
#6763=EDGE_LOOP('',(#1408,#1409,#1410,#1411));
#6764=EDGE_LOOP('',(#1412,#1413,#1414,#1415));
#6765=EDGE_LOOP('',(#1416,#1417,#1418,#1419));
#6766=EDGE_LOOP('',(#1420,#1421,#1422,#1423));
#6767=EDGE_LOOP('',(#1424,#1425,#1426,#1427));
#6768=EDGE_LOOP('',(#1428,#1429,#1430,#1431));
#6769=EDGE_LOOP('',(#1432,#1433,#1434,#1435));
#6770=EDGE_LOOP('',(#1436,#1437,#1438,#1439));
#6771=EDGE_LOOP('',(#1440,#1441,#1442,#1443));
#6772=EDGE_LOOP('',(#1444,#1445,#1446,#1447));
#6773=EDGE_LOOP('',(#1448,#1449,#1450,#1451));
#6774=EDGE_LOOP('',(#1452,#1453,#1454,#1455));
#6775=EDGE_LOOP('',(#1456,#1457,#1458,#1459));
#6776=EDGE_LOOP('',(#1460,#1461,#1462,#1463));
#6777=EDGE_LOOP('',(#1464,#1465,#1466,#1467));
#6778=EDGE_LOOP('',(#1468,#1469,#1470,#1471));
#6779=EDGE_LOOP('',(#1472,#1473,#1474,#1475,#1476,#1477,#1478,#1479,#1480,
#1481,#1482,#1483,#1484,#1485,#1486,#1487,#1488));
#6780=EDGE_LOOP('',(#1489,#1490,#1491,#1492,#1493,#1494,#1495));
#6781=EDGE_LOOP('',(#1496,#1497,#1498,#1499));
#6782=EDGE_LOOP('',(#1500,#1501,#1502,#1503));
#6783=EDGE_LOOP('',(#1504,#1505,#1506,#1507));
#6784=EDGE_LOOP('',(#1508,#1509,#1510,#1511));
#6785=EDGE_LOOP('',(#1512,#1513,#1514,#1515));
#6786=EDGE_LOOP('',(#1516,#1517,#1518,#1519));
#6787=EDGE_LOOP('',(#1520,#1521,#1522,#1523));
#6788=EDGE_LOOP('',(#1524,#1525,#1526,#1527));
#6789=EDGE_LOOP('',(#1528,#1529,#1530,#1531));
#6790=EDGE_LOOP('',(#1532,#1533,#1534,#1535));
#6791=EDGE_LOOP('',(#1536,#1537,#1538,#1539));
#6792=EDGE_LOOP('',(#1540,#1541,#1542,#1543));
#6793=EDGE_LOOP('',(#1544,#1545,#1546,#1547));
#6794=EDGE_LOOP('',(#1548,#1549,#1550,#1551));
#6795=EDGE_LOOP('',(#1552,#1553,#1554,#1555));
#6796=EDGE_LOOP('',(#1556,#1557,#1558,#1559));
#6797=EDGE_LOOP('',(#1560,#1561,#1562,#1563));
#6798=EDGE_LOOP('',(#1564,#1565,#1566,#1567));
#6799=EDGE_LOOP('',(#1568,#1569,#1570,#1571));
#6800=EDGE_LOOP('',(#1572,#1573,#1574,#1575));
#6801=EDGE_LOOP('',(#1576,#1577,#1578,#1579));
#6802=EDGE_LOOP('',(#1580,#1581,#1582,#1583));
#6803=EDGE_LOOP('',(#1584,#1585,#1586,#1587));
#6804=EDGE_LOOP('',(#1588,#1589,#1590,#1591));
#6805=EDGE_LOOP('',(#1592,#1593,#1594,#1595,#1596,#1597,#1598,#1599,#1600,
#1601,#1602,#1603,#1604,#1605,#1606,#1607,#1608));
#6806=EDGE_LOOP('',(#1609,#1610,#1611,#1612,#1613,#1614,#1615));
#6807=EDGE_LOOP('',(#1616,#1617,#1618,#1619));
#6808=EDGE_LOOP('',(#1620,#1621,#1622,#1623));
#6809=EDGE_LOOP('',(#1624,#1625,#1626,#1627));
#6810=EDGE_LOOP('',(#1628,#1629,#1630,#1631));
#6811=EDGE_LOOP('',(#1632,#1633,#1634,#1635));
#6812=EDGE_LOOP('',(#1636,#1637,#1638,#1639));
#6813=EDGE_LOOP('',(#1640,#1641,#1642,#1643));
#6814=EDGE_LOOP('',(#1644,#1645,#1646,#1647));
#6815=EDGE_LOOP('',(#1648,#1649,#1650,#1651));
#6816=EDGE_LOOP('',(#1652,#1653,#1654,#1655));
#6817=EDGE_LOOP('',(#1656,#1657,#1658,#1659));
#6818=EDGE_LOOP('',(#1660,#1661,#1662,#1663));
#6819=EDGE_LOOP('',(#1664,#1665,#1666,#1667));
#6820=EDGE_LOOP('',(#1668,#1669,#1670,#1671));
#6821=EDGE_LOOP('',(#1672,#1673,#1674,#1675));
#6822=EDGE_LOOP('',(#1676,#1677,#1678,#1679));
#6823=EDGE_LOOP('',(#1680,#1681,#1682,#1683));
#6824=EDGE_LOOP('',(#1684,#1685,#1686,#1687));
#6825=EDGE_LOOP('',(#1688,#1689,#1690,#1691));
#6826=EDGE_LOOP('',(#1692,#1693,#1694,#1695));
#6827=EDGE_LOOP('',(#1696,#1697,#1698,#1699));
#6828=EDGE_LOOP('',(#1700,#1701,#1702,#1703));
#6829=EDGE_LOOP('',(#1704,#1705,#1706,#1707));
#6830=EDGE_LOOP('',(#1708,#1709,#1710,#1711));
#6831=EDGE_LOOP('',(#1712,#1713,#1714,#1715,#1716,#1717,#1718,#1719,#1720,
#1721,#1722,#1723,#1724,#1725));
#6832=EDGE_LOOP('',(#1726,#1727,#1728,#1729,#1730,#1731,#1732,#1733,#1734,
#1735));
#6833=EDGE_LOOP('',(#1736,#1737,#1738,#1739));
#6834=EDGE_LOOP('',(#1740,#1741,#1742,#1743));
#6835=EDGE_LOOP('',(#1744,#1745,#1746,#1747));
#6836=EDGE_LOOP('',(#1748,#1749,#1750,#1751));
#6837=EDGE_LOOP('',(#1752,#1753,#1754,#1755));
#6838=EDGE_LOOP('',(#1756,#1757,#1758,#1759));
#6839=EDGE_LOOP('',(#1760,#1761,#1762,#1763));
#6840=EDGE_LOOP('',(#1764,#1765,#1766,#1767));
#6841=EDGE_LOOP('',(#1768,#1769,#1770,#1771));
#6842=EDGE_LOOP('',(#1772,#1773,#1774,#1775));
#6843=EDGE_LOOP('',(#1776,#1777,#1778,#1779));
#6844=EDGE_LOOP('',(#1780,#1781,#1782,#1783));
#6845=EDGE_LOOP('',(#1784,#1785,#1786,#1787));
#6846=EDGE_LOOP('',(#1788,#1789,#1790,#1791));
#6847=EDGE_LOOP('',(#1792,#1793,#1794,#1795));
#6848=EDGE_LOOP('',(#1796,#1797,#1798,#1799));
#6849=EDGE_LOOP('',(#1800,#1801,#1802,#1803));
#6850=EDGE_LOOP('',(#1804,#1805,#1806,#1807));
#6851=EDGE_LOOP('',(#1808,#1809,#1810,#1811));
#6852=EDGE_LOOP('',(#1812,#1813,#1814,#1815));
#6853=EDGE_LOOP('',(#1816,#1817,#1818,#1819));
#6854=EDGE_LOOP('',(#1820,#1821,#1822,#1823));
#6855=EDGE_LOOP('',(#1824,#1825,#1826,#1827));
#6856=EDGE_LOOP('',(#1828,#1829,#1830,#1831));
#6857=EDGE_LOOP('',(#1832,#1833,#1834,#1835,#1836,#1837,#1838,#1839,#1840,
#1841,#1842,#1843,#1844,#1845,#1846,#1847,#1848));
#6858=EDGE_LOOP('',(#1849,#1850,#1851,#1852,#1853,#1854,#1855));
#6859=EDGE_LOOP('',(#1856,#1857,#1858,#1859));
#6860=EDGE_LOOP('',(#1860,#1861,#1862,#1863));
#6861=EDGE_LOOP('',(#1864,#1865,#1866,#1867));
#6862=EDGE_LOOP('',(#1868,#1869,#1870,#1871));
#6863=EDGE_LOOP('',(#1872,#1873,#1874,#1875));
#6864=EDGE_LOOP('',(#1876,#1877,#1878,#1879));
#6865=EDGE_LOOP('',(#1880,#1881,#1882,#1883));
#6866=EDGE_LOOP('',(#1884,#1885,#1886,#1887));
#6867=EDGE_LOOP('',(#1888,#1889,#1890,#1891));
#6868=EDGE_LOOP('',(#1892,#1893,#1894,#1895));
#6869=EDGE_LOOP('',(#1896,#1897,#1898,#1899));
#6870=EDGE_LOOP('',(#1900,#1901,#1902,#1903));
#6871=EDGE_LOOP('',(#1904,#1905,#1906,#1907));
#6872=EDGE_LOOP('',(#1908,#1909,#1910,#1911));
#6873=EDGE_LOOP('',(#1912,#1913,#1914,#1915));
#6874=EDGE_LOOP('',(#1916,#1917,#1918,#1919));
#6875=EDGE_LOOP('',(#1920,#1921,#1922,#1923));
#6876=EDGE_LOOP('',(#1924,#1925,#1926,#1927));
#6877=EDGE_LOOP('',(#1928,#1929,#1930,#1931));
#6878=EDGE_LOOP('',(#1932,#1933,#1934,#1935));
#6879=EDGE_LOOP('',(#1936,#1937,#1938,#1939));
#6880=EDGE_LOOP('',(#1940,#1941,#1942,#1943));
#6881=EDGE_LOOP('',(#1944,#1945,#1946,#1947));
#6882=EDGE_LOOP('',(#1948,#1949,#1950,#1951,#1952,#1953,#1954,#1955,#1956,
#1957));
#6883=EDGE_LOOP('',(#1958,#1959,#1960,#1961,#1962,#1963,#1964));
#6884=EDGE_LOOP('',(#1965,#1966,#1967,#1968,#1969,#1970));
#6885=EDGE_LOOP('',(#1971,#1972,#1973,#1974,#1975,#1976,#1977));
#6886=EDGE_LOOP('',(#1978,#1979,#1980,#1981));
#6887=EDGE_LOOP('',(#1982,#1983,#1984,#1985));
#6888=EDGE_LOOP('',(#1986,#1987,#1988,#1989));
#6889=EDGE_LOOP('',(#1990,#1991,#1992,#1993));
#6890=EDGE_LOOP('',(#1994,#1995,#1996,#1997));
#6891=EDGE_LOOP('',(#1998,#1999,#2000,#2001,#2002));
#6892=EDGE_LOOP('',(#2003,#2004,#2005,#2006));
#6893=EDGE_LOOP('',(#2007,#2008,#2009,#2010));
#6894=EDGE_LOOP('',(#2011,#2012,#2013,#2014));
#6895=EDGE_LOOP('',(#2015,#2016,#2017,#2018));
#6896=EDGE_LOOP('',(#2019,#2020,#2021,#2022));
#6897=EDGE_LOOP('',(#2023,#2024,#2025,#2026));
#6898=EDGE_LOOP('',(#2027,#2028,#2029,#2030));
#6899=EDGE_LOOP('',(#2031,#2032,#2033,#2034));
#6900=EDGE_LOOP('',(#2035,#2036,#2037,#2038));
#6901=EDGE_LOOP('',(#2039,#2040,#2041,#2042));
#6902=EDGE_LOOP('',(#2043,#2044,#2045,#2046));
#6903=EDGE_LOOP('',(#2047,#2048,#2049,#2050));
#6904=EDGE_LOOP('',(#2051,#2052,#2053,#2054));
#6905=EDGE_LOOP('',(#2055,#2056,#2057,#2058));
#6906=EDGE_LOOP('',(#2059,#2060,#2061,#2062));
#6907=EDGE_LOOP('',(#2063,#2064,#2065,#2066));
#6908=EDGE_LOOP('',(#2067,#2068,#2069,#2070));
#6909=EDGE_LOOP('',(#2071,#2072,#2073,#2074));
#6910=EDGE_LOOP('',(#2075,#2076,#2077,#2078));
#6911=EDGE_LOOP('',(#2079,#2080,#2081,#2082));
#6912=EDGE_LOOP('',(#2083,#2084,#2085,#2086));
#6913=EDGE_LOOP('',(#2087,#2088,#2089,#2090));
#6914=EDGE_LOOP('',(#2091,#2092,#2093,#2094));
#6915=EDGE_LOOP('',(#2095,#2096,#2097,#2098));
#6916=EDGE_LOOP('',(#2099,#2100,#2101,#2102));
#6917=EDGE_LOOP('',(#2103,#2104,#2105,#2106,#2107,#2108,#2109,#2110,#2111,
#2112,#2113,#2114,#2115,#2116,#2117,#2118,#2119,#2120,#2121,#2122,#2123,
#2124,#2125,#2126,#2127));
#6918=EDGE_LOOP('',(#2128,#2129,#2130,#2131));
#6919=EDGE_LOOP('',(#2132,#2133,#2134,#2135));
#6920=EDGE_LOOP('',(#2136,#2137,#2138,#2139));
#6921=EDGE_LOOP('',(#2140,#2141,#2142,#2143));
#6922=EDGE_LOOP('',(#2144,#2145,#2146,#2147));
#6923=EDGE_LOOP('',(#2148,#2149,#2150,#2151));
#6924=EDGE_LOOP('',(#2152,#2153,#2154,#2155));
#6925=EDGE_LOOP('',(#2156,#2157,#2158,#2159));
#6926=EDGE_LOOP('',(#2160,#2161,#2162,#2163));
#6927=EDGE_LOOP('',(#2164,#2165,#2166,#2167));
#6928=EDGE_LOOP('',(#2168,#2169,#2170,#2171));
#6929=EDGE_LOOP('',(#2172,#2173,#2174,#2175));
#6930=EDGE_LOOP('',(#2176,#2177,#2178,#2179));
#6931=EDGE_LOOP('',(#2180,#2181,#2182,#2183,#2184,#2185,#2186,#2187,#2188,
#2189,#2190,#2191,#2192));
#6932=EDGE_LOOP('',(#2193,#2194,#2195,#2196));
#6933=EDGE_LOOP('',(#2197,#2198,#2199,#2200));
#6934=EDGE_LOOP('',(#2201,#2202,#2203,#2204));
#6935=EDGE_LOOP('',(#2205,#2206,#2207,#2208));
#6936=EDGE_LOOP('',(#2209,#2210,#2211,#2212));
#6937=EDGE_LOOP('',(#2213,#2214,#2215,#2216));
#6938=EDGE_LOOP('',(#2217,#2218,#2219,#2220));
#6939=EDGE_LOOP('',(#2221,#2222,#2223,#2224));
#6940=EDGE_LOOP('',(#2225,#2226,#2227,#2228));
#6941=EDGE_LOOP('',(#2229,#2230,#2231,#2232));
#6942=EDGE_LOOP('',(#2233,#2234,#2235,#2236,#2237,#2238,#2239,#2240,#2241,
#2242));
#6943=EDGE_LOOP('',(#2243,#2244,#2245,#2246));
#6944=EDGE_LOOP('',(#2247,#2248,#2249,#2250));
#6945=EDGE_LOOP('',(#2251,#2252,#2253,#2254));
#6946=EDGE_LOOP('',(#2255,#2256,#2257,#2258));
#6947=EDGE_LOOP('',(#2259,#2260,#2261,#2262));
#6948=EDGE_LOOP('',(#2263,#2264,#2265,#2266));
#6949=EDGE_LOOP('',(#2267,#2268,#2269,#2270));
#6950=EDGE_LOOP('',(#2271,#2272,#2273,#2274));
#6951=EDGE_LOOP('',(#2275,#2276,#2277,#2278));
#6952=EDGE_LOOP('',(#2279,#2280,#2281,#2282));
#6953=EDGE_LOOP('',(#2283,#2284,#2285,#2286,#2287,#2288,#2289,#2290,#2291,
#2292));
#6954=EDGE_LOOP('',(#2293,#2294,#2295,#2296));
#6955=EDGE_LOOP('',(#2297,#2298,#2299,#2300));
#6956=EDGE_LOOP('',(#2301,#2302,#2303,#2304));
#6957=EDGE_LOOP('',(#2305,#2306,#2307,#2308));
#6958=EDGE_LOOP('',(#2309,#2310,#2311,#2312));
#6959=EDGE_LOOP('',(#2313,#2314,#2315,#2316));
#6960=EDGE_LOOP('',(#2317,#2318,#2319,#2320));
#6961=EDGE_LOOP('',(#2321,#2322,#2323,#2324));
#6962=EDGE_LOOP('',(#2325,#2326,#2327,#2328));
#6963=EDGE_LOOP('',(#2329,#2330,#2331,#2332));
#6964=EDGE_LOOP('',(#2333,#2334,#2335,#2336));
#6965=EDGE_LOOP('',(#2337,#2338,#2339,#2340));
#6966=EDGE_LOOP('',(#2341,#2342,#2343,#2344));
#6967=EDGE_LOOP('',(#2345,#2346,#2347,#2348));
#6968=EDGE_LOOP('',(#2349,#2350,#2351,#2352,#2353,#2354,#2355,#2356,#2357,
#2358,#2359,#2360,#2361,#2362));
#6969=EDGE_LOOP('',(#2363,#2364,#2365,#2366));
#6970=EDGE_LOOP('',(#2367,#2368,#2369,#2370));
#6971=EDGE_LOOP('',(#2371,#2372,#2373,#2374));
#6972=EDGE_LOOP('',(#2375,#2376,#2377,#2378));
#6973=EDGE_LOOP('',(#2379,#2380,#2381,#2382));
#6974=EDGE_LOOP('',(#2383,#2384,#2385,#2386));
#6975=EDGE_LOOP('',(#2387,#2388,#2389,#2390));
#6976=EDGE_LOOP('',(#2391,#2392,#2393,#2394));
#6977=EDGE_LOOP('',(#2395,#2396,#2397,#2398));
#6978=EDGE_LOOP('',(#2399,#2400,#2401,#2402));
#6979=EDGE_LOOP('',(#2403,#2404,#2405,#2406));
#6980=EDGE_LOOP('',(#2407,#2408,#2409,#2410));
#6981=EDGE_LOOP('',(#2411,#2412,#2413,#2414));
#6982=EDGE_LOOP('',(#2415,#2416,#2417,#2418));
#6983=EDGE_LOOP('',(#2419,#2420,#2421,#2422));
#6984=EDGE_LOOP('',(#2423,#2424,#2425,#2426));
#6985=EDGE_LOOP('',(#2427,#2428,#2429,#2430));
#6986=EDGE_LOOP('',(#2431,#2432,#2433,#2434));
#6987=EDGE_LOOP('',(#2435,#2436,#2437,#2438,#2439,#2440,#2441,#2442,#2443,
#2444,#2445,#2446,#2447,#2448,#2449,#2450,#2451,#2452));
#6988=EDGE_LOOP('',(#2453,#2454,#2455,#2456));
#6989=EDGE_LOOP('',(#2457,#2458,#2459,#2460));
#6990=EDGE_LOOP('',(#2461,#2462,#2463,#2464));
#6991=EDGE_LOOP('',(#2465,#2466,#2467,#2468));
#6992=EDGE_LOOP('',(#2469,#2470,#2471,#2472));
#6993=EDGE_LOOP('',(#2473,#2474,#2475,#2476));
#6994=EDGE_LOOP('',(#2477,#2478,#2479,#2480,#2481,#2482));
#6995=EDGE_LOOP('',(#2483,#2484,#2485,#2486));
#6996=EDGE_LOOP('',(#2487,#2488,#2489,#2490));
#6997=EDGE_LOOP('',(#2491,#2492,#2493,#2494));
#6998=EDGE_LOOP('',(#2495,#2496,#2497,#2498));
#6999=EDGE_LOOP('',(#2499,#2500,#2501,#2502));
#7000=EDGE_LOOP('',(#2503,#2504,#2505,#2506));
#7001=EDGE_LOOP('',(#2507,#2508,#2509,#2510));
#7002=EDGE_LOOP('',(#2511,#2512,#2513,#2514));
#7003=EDGE_LOOP('',(#2515,#2516,#2517,#2518));
#7004=EDGE_LOOP('',(#2519,#2520,#2521,#2522));
#7005=EDGE_LOOP('',(#2523,#2524,#2525,#2526,#2527,#2528,#2529,#2530,#2531,
#2532));
#7006=EDGE_LOOP('',(#2533,#2534,#2535,#2536));
#7007=EDGE_LOOP('',(#2537,#2538,#2539,#2540));
#7008=EDGE_LOOP('',(#2541,#2542,#2543,#2544));
#7009=EDGE_LOOP('',(#2545,#2546,#2547,#2548));
#7010=EDGE_LOOP('',(#2549,#2550,#2551,#2552));
#7011=EDGE_LOOP('',(#2553,#2554,#2555,#2556));
#7012=EDGE_LOOP('',(#2557,#2558,#2559,#2560));
#7013=EDGE_LOOP('',(#2561,#2562,#2563,#2564));
#7014=EDGE_LOOP('',(#2565,#2566,#2567,#2568));
#7015=EDGE_LOOP('',(#2569,#2570,#2571,#2572));
#7016=EDGE_LOOP('',(#2573,#2574,#2575,#2576,#2577,#2578,#2579,#2580,#2581,
#2582));
#7017=EDGE_LOOP('',(#2583,#2584,#2585,#2586));
#7018=EDGE_LOOP('',(#2587,#2588,#2589,#2590));
#7019=EDGE_LOOP('',(#2591,#2592,#2593,#2594));
#7020=EDGE_LOOP('',(#2595,#2596,#2597,#2598));
#7021=EDGE_LOOP('',(#2599,#2600,#2601,#2602));
#7022=EDGE_LOOP('',(#2603,#2604,#2605,#2606));
#7023=EDGE_LOOP('',(#2607,#2608,#2609,#2610));
#7024=EDGE_LOOP('',(#2611,#2612,#2613,#2614));
#7025=EDGE_LOOP('',(#2615,#2616,#2617,#2618));
#7026=EDGE_LOOP('',(#2619,#2620,#2621,#2622));
#7027=EDGE_LOOP('',(#2623,#2624,#2625,#2626));
#7028=EDGE_LOOP('',(#2627,#2628,#2629,#2630));
#7029=EDGE_LOOP('',(#2631,#2632,#2633,#2634));
#7030=EDGE_LOOP('',(#2635,#2636,#2637,#2638));
#7031=EDGE_LOOP('',(#2639,#2640,#2641,#2642,#2643,#2644,#2645,#2646,#2647,
#2648,#2649,#2650,#2651,#2652));
#7032=EDGE_LOOP('',(#2653,#2654,#2655,#2656));
#7033=EDGE_LOOP('',(#2657,#2658,#2659,#2660));
#7034=EDGE_LOOP('',(#2661,#2662,#2663,#2664));
#7035=EDGE_LOOP('',(#2665,#2666,#2667,#2668));
#7036=EDGE_LOOP('',(#2669,#2670,#2671,#2672));
#7037=EDGE_LOOP('',(#2673,#2674,#2675,#2676));
#7038=EDGE_LOOP('',(#2677,#2678,#2679,#2680));
#7039=EDGE_LOOP('',(#2681,#2682,#2683,#2684));
#7040=EDGE_LOOP('',(#2685,#2686,#2687,#2688));
#7041=EDGE_LOOP('',(#2689,#2690,#2691,#2692));
#7042=EDGE_LOOP('',(#2693,#2694,#2695,#2696,#2697,#2698,#2699,#2700,#2701,
#2702));
#7043=EDGE_LOOP('',(#2703,#2704,#2705,#2706));
#7044=EDGE_LOOP('',(#2707,#2708,#2709,#2710));
#7045=EDGE_LOOP('',(#2711,#2712,#2713,#2714));
#7046=EDGE_LOOP('',(#2715,#2716,#2717,#2718));
#7047=EDGE_LOOP('',(#2719,#2720,#2721,#2722));
#7048=EDGE_LOOP('',(#2723,#2724,#2725,#2726));
#7049=EDGE_LOOP('',(#2727,#2728,#2729,#2730));
#7050=EDGE_LOOP('',(#2731,#2732,#2733,#2734));
#7051=EDGE_LOOP('',(#2735,#2736,#2737,#2738));
#7052=EDGE_LOOP('',(#2739,#2740,#2741,#2742));
#7053=EDGE_LOOP('',(#2743,#2744,#2745,#2746));
#7054=EDGE_LOOP('',(#2747,#2748,#2749,#2750));
#7055=EDGE_LOOP('',(#2751,#2752,#2753,#2754));
#7056=EDGE_LOOP('',(#2755,#2756,#2757,#2758));
#7057=EDGE_LOOP('',(#2759,#2760,#2761,#2762));
#7058=EDGE_LOOP('',(#2763,#2764,#2765,#2766));
#7059=EDGE_LOOP('',(#2767,#2768,#2769,#2770));
#7060=EDGE_LOOP('',(#2771,#2772,#2773,#2774));
#7061=EDGE_LOOP('',(#2775,#2776,#2777,#2778));
#7062=EDGE_LOOP('',(#2779,#2780,#2781,#2782));
#7063=EDGE_LOOP('',(#2783,#2784,#2785,#2786));
#7064=EDGE_LOOP('',(#2787,#2788,#2789,#2790));
#7065=EDGE_LOOP('',(#2791,#2792,#2793,#2794));
#7066=EDGE_LOOP('',(#2795,#2796,#2797,#2798));
#7067=EDGE_LOOP('',(#2799,#2800,#2801,#2802));
#7068=EDGE_LOOP('',(#2803,#2804,#2805,#2806));
#7069=EDGE_LOOP('',(#2807,#2808,#2809,#2810));
#7070=EDGE_LOOP('',(#2811,#2812,#2813,#2814,#2815,#2816,#2817,#2818,#2819,
#2820,#2821,#2822,#2823,#2824,#2825,#2826,#2827,#2828,#2829));
#7071=EDGE_LOOP('',(#2830,#2831,#2832,#2833,#2834,#2835,#2836,#2837));
#7072=EDGE_LOOP('',(#2838,#2839,#2840,#2841));
#7073=EDGE_LOOP('',(#2842,#2843,#2844,#2845));
#7074=EDGE_LOOP('',(#2846,#2847,#2848,#2849));
#7075=EDGE_LOOP('',(#2850,#2851,#2852,#2853));
#7076=EDGE_LOOP('',(#2854,#2855,#2856,#2857));
#7077=EDGE_LOOP('',(#2858,#2859,#2860,#2861));
#7078=EDGE_LOOP('',(#2862,#2863,#2864,#2865));
#7079=EDGE_LOOP('',(#2866,#2867,#2868,#2869));
#7080=EDGE_LOOP('',(#2870,#2871,#2872,#2873));
#7081=EDGE_LOOP('',(#2874,#2875,#2876,#2877));
#7082=EDGE_LOOP('',(#2878,#2879,#2880,#2881,#2882,#2883,#2884,#2885,#2886,
#2887));
#7083=EDGE_LOOP('',(#2888,#2889,#2890,#2891));
#7084=EDGE_LOOP('',(#2892,#2893,#2894,#2895));
#7085=EDGE_LOOP('',(#2896,#2897,#2898,#2899));
#7086=EDGE_LOOP('',(#2900,#2901,#2902,#2903));
#7087=EDGE_LOOP('',(#2904,#2905,#2906,#2907));
#7088=EDGE_LOOP('',(#2908,#2909,#2910,#2911));
#7089=EDGE_LOOP('',(#2912,#2913,#2914,#2915));
#7090=EDGE_LOOP('',(#2916,#2917,#2918,#2919));
#7091=EDGE_LOOP('',(#2920,#2921,#2922,#2923));
#7092=EDGE_LOOP('',(#2924,#2925,#2926,#2927));
#7093=EDGE_LOOP('',(#2928,#2929,#2930,#2931));
#7094=EDGE_LOOP('',(#2932,#2933,#2934,#2935));
#7095=EDGE_LOOP('',(#2936,#2937,#2938,#2939));
#7096=EDGE_LOOP('',(#2940,#2941,#2942,#2943));
#7097=EDGE_LOOP('',(#2944,#2945,#2946,#2947));
#7098=EDGE_LOOP('',(#2948,#2949,#2950,#2951));
#7099=EDGE_LOOP('',(#2952,#2953,#2954,#2955));
#7100=EDGE_LOOP('',(#2956,#2957,#2958,#2959));
#7101=EDGE_LOOP('',(#2960,#2961,#2962,#2963,#2964,#2965,#2966,#2967,#2968,
#2969,#2970,#2971,#2972,#2973,#2974,#2975,#2976,#2977));
#7102=EDGE_LOOP('',(#2978,#2979,#2980,#2981));
#7103=EDGE_LOOP('',(#2982,#2983,#2984,#2985));
#7104=EDGE_LOOP('',(#2986,#2987,#2988,#2989));
#7105=EDGE_LOOP('',(#2990,#2991,#2992,#2993));
#7106=EDGE_LOOP('',(#2994,#2995,#2996,#2997));
#7107=EDGE_LOOP('',(#2998,#2999,#3000,#3001));
#7108=EDGE_LOOP('',(#3002,#3003,#3004,#3005));
#7109=EDGE_LOOP('',(#3006,#3007,#3008,#3009));
#7110=EDGE_LOOP('',(#3010,#3011,#3012,#3013));
#7111=EDGE_LOOP('',(#3014,#3015,#3016,#3017));
#7112=EDGE_LOOP('',(#3018,#3019,#3020,#3021));
#7113=EDGE_LOOP('',(#3022,#3023,#3024,#3025));
#7114=EDGE_LOOP('',(#3026,#3027,#3028,#3029));
#7115=EDGE_LOOP('',(#3030,#3031,#3032,#3033));
#7116=EDGE_LOOP('',(#3034,#3035,#3036,#3037,#3038,#3039,#3040,#3041,#3042,
#3043,#3044,#3045,#3046,#3047));
#7117=EDGE_LOOP('',(#3048,#3049,#3050,#3051,#3052,#3053,#3054));
#7118=EDGE_LOOP('',(#3055,#3056,#3057,#3058,#3059,#3060,#3061,#3062));
#7119=EDGE_LOOP('',(#3063,#3064,#3065,#3066,#3067,#3068,#3069));
#7120=EDGE_LOOP('',(#3070,#3071,#3072,#3073,#3074,#3075,#3076));
#7121=EDGE_LOOP('',(#3077,#3078,#3079,#3080,#3081,#3082,#3083,#3084,#3085,
#3086));
#7122=EDGE_LOOP('',(#3087,#3088,#3089,#3090,#3091,#3092,#3093));
#7123=EDGE_LOOP('',(#3094,#3095,#3096,#3097,#3098,#3099));
#7124=EDGE_LOOP('',(#3100,#3101,#3102,#3103,#3104,#3105,#3106,#3107));
#7125=EDGE_LOOP('',(#3108,#3109,#3110,#3111));
#7126=EDGE_LOOP('',(#3112,#3113,#3114,#3115));
#7127=EDGE_LOOP('',(#3116,#3117,#3118,#3119));
#7128=EDGE_LOOP('',(#3120,#3121,#3122,#3123));
#7129=EDGE_LOOP('',(#3124,#3125,#3126,#3127));
#7130=FACE_BOUND('',#6640,.T.);
#7131=FACE_BOUND('',#6641,.T.);
#7132=FACE_BOUND('',#6642,.T.);
#7133=FACE_BOUND('',#6643,.T.);
#7134=FACE_BOUND('',#6644,.T.);
#7135=FACE_BOUND('',#6645,.T.);
#7136=FACE_BOUND('',#6646,.T.);
#7137=FACE_BOUND('',#6647,.T.);
#7138=FACE_BOUND('',#6648,.T.);
#7139=FACE_BOUND('',#6649,.T.);
#7140=FACE_BOUND('',#6650,.T.);
#7141=FACE_BOUND('',#6651,.T.);
#7142=FACE_BOUND('',#6652,.T.);
#7143=FACE_BOUND('',#6653,.T.);
#7144=FACE_BOUND('',#6654,.T.);
#7145=FACE_BOUND('',#6655,.T.);
#7146=FACE_BOUND('',#6656,.T.);
#7147=FACE_BOUND('',#6657,.T.);
#7148=FACE_BOUND('',#6658,.T.);
#7149=FACE_BOUND('',#6659,.T.);
#7150=FACE_BOUND('',#6660,.T.);
#7151=FACE_BOUND('',#6661,.T.);
#7152=FACE_BOUND('',#6662,.T.);
#7153=FACE_BOUND('',#6663,.T.);
#7154=FACE_BOUND('',#6664,.T.);
#7155=FACE_BOUND('',#6665,.T.);
#7156=FACE_BOUND('',#6666,.T.);
#7157=FACE_BOUND('',#6667,.T.);
#7158=FACE_BOUND('',#6668,.T.);
#7159=FACE_BOUND('',#6669,.T.);
#7160=FACE_BOUND('',#6670,.T.);
#7161=FACE_BOUND('',#6671,.T.);
#7162=FACE_BOUND('',#6672,.T.);
#7163=FACE_BOUND('',#6673,.T.);
#7164=FACE_BOUND('',#6674,.T.);
#7165=FACE_BOUND('',#6675,.T.);
#7166=FACE_BOUND('',#6676,.T.);
#7167=FACE_BOUND('',#6677,.T.);
#7168=FACE_BOUND('',#6678,.T.);
#7169=FACE_BOUND('',#6679,.T.);
#7170=FACE_BOUND('',#6680,.T.);
#7171=FACE_BOUND('',#6681,.T.);
#7172=FACE_BOUND('',#6682,.T.);
#7173=FACE_BOUND('',#6683,.T.);
#7174=FACE_BOUND('',#6684,.T.);
#7175=FACE_BOUND('',#6685,.T.);
#7176=FACE_BOUND('',#6686,.T.);
#7177=FACE_BOUND('',#6687,.T.);
#7178=FACE_BOUND('',#6688,.T.);
#7179=FACE_BOUND('',#6689,.T.);
#7180=FACE_BOUND('',#6690,.T.);
#7181=FACE_BOUND('',#6691,.T.);
#7182=FACE_BOUND('',#6692,.T.);
#7183=FACE_BOUND('',#6693,.T.);
#7184=FACE_BOUND('',#6694,.T.);
#7185=FACE_BOUND('',#6695,.T.);
#7186=FACE_BOUND('',#6696,.T.);
#7187=FACE_BOUND('',#6697,.T.);
#7188=FACE_BOUND('',#6698,.T.);
#7189=FACE_BOUND('',#6699,.T.);
#7190=FACE_BOUND('',#6700,.T.);
#7191=FACE_BOUND('',#6701,.T.);
#7192=FACE_BOUND('',#6702,.T.);
#7193=FACE_BOUND('',#6703,.T.);
#7194=FACE_BOUND('',#6704,.T.);
#7195=FACE_BOUND('',#6705,.T.);
#7196=FACE_BOUND('',#6706,.T.);
#7197=FACE_BOUND('',#6707,.T.);
#7198=FACE_BOUND('',#6708,.T.);
#7199=FACE_BOUND('',#6709,.T.);
#7200=FACE_BOUND('',#6710,.T.);
#7201=FACE_BOUND('',#6711,.T.);
#7202=FACE_BOUND('',#6712,.T.);
#7203=FACE_BOUND('',#6713,.T.);
#7204=FACE_BOUND('',#6714,.T.);
#7205=FACE_BOUND('',#6715,.T.);
#7206=FACE_BOUND('',#6716,.T.);
#7207=FACE_BOUND('',#6717,.T.);
#7208=FACE_BOUND('',#6718,.T.);
#7209=FACE_BOUND('',#6719,.T.);
#7210=FACE_BOUND('',#6720,.T.);
#7211=FACE_BOUND('',#6721,.T.);
#7212=FACE_BOUND('',#6722,.T.);
#7213=FACE_BOUND('',#6723,.T.);
#7214=FACE_BOUND('',#6724,.T.);
#7215=FACE_BOUND('',#6725,.T.);
#7216=FACE_BOUND('',#6726,.T.);
#7217=FACE_BOUND('',#6727,.T.);
#7218=FACE_BOUND('',#6728,.T.);
#7219=FACE_BOUND('',#6729,.T.);
#7220=FACE_BOUND('',#6730,.T.);
#7221=FACE_BOUND('',#6731,.T.);
#7222=FACE_BOUND('',#6732,.T.);
#7223=FACE_BOUND('',#6733,.T.);
#7224=FACE_BOUND('',#6734,.T.);
#7225=FACE_BOUND('',#6735,.T.);
#7226=FACE_BOUND('',#6736,.T.);
#7227=FACE_BOUND('',#6737,.T.);
#7228=FACE_BOUND('',#6738,.T.);
#7229=FACE_BOUND('',#6739,.T.);
#7230=FACE_BOUND('',#6740,.T.);
#7231=FACE_BOUND('',#6741,.T.);
#7232=FACE_BOUND('',#6742,.T.);
#7233=FACE_BOUND('',#6743,.T.);
#7234=FACE_BOUND('',#6744,.T.);
#7235=FACE_BOUND('',#6745,.T.);
#7236=FACE_BOUND('',#6746,.T.);
#7237=FACE_BOUND('',#6747,.T.);
#7238=FACE_BOUND('',#6748,.T.);
#7239=FACE_BOUND('',#6749,.T.);
#7240=FACE_BOUND('',#6750,.T.);
#7241=FACE_BOUND('',#6751,.T.);
#7242=FACE_BOUND('',#6752,.T.);
#7243=FACE_BOUND('',#6753,.T.);
#7244=FACE_BOUND('',#6754,.T.);
#7245=FACE_BOUND('',#6755,.T.);
#7246=FACE_BOUND('',#6756,.T.);
#7247=FACE_BOUND('',#6757,.T.);
#7248=FACE_BOUND('',#6758,.T.);
#7249=FACE_BOUND('',#6759,.T.);
#7250=FACE_BOUND('',#6760,.T.);
#7251=FACE_BOUND('',#6761,.T.);
#7252=FACE_BOUND('',#6762,.T.);
#7253=FACE_BOUND('',#6763,.T.);
#7254=FACE_BOUND('',#6764,.T.);
#7255=FACE_BOUND('',#6765,.T.);
#7256=FACE_BOUND('',#6766,.T.);
#7257=FACE_BOUND('',#6767,.T.);
#7258=FACE_BOUND('',#6768,.T.);
#7259=FACE_BOUND('',#6769,.T.);
#7260=FACE_BOUND('',#6770,.T.);
#7261=FACE_BOUND('',#6771,.T.);
#7262=FACE_BOUND('',#6772,.T.);
#7263=FACE_BOUND('',#6773,.T.);
#7264=FACE_BOUND('',#6774,.T.);
#7265=FACE_BOUND('',#6775,.T.);
#7266=FACE_BOUND('',#6776,.T.);
#7267=FACE_BOUND('',#6777,.T.);
#7268=FACE_BOUND('',#6778,.T.);
#7269=FACE_BOUND('',#6779,.T.);
#7270=FACE_BOUND('',#6780,.T.);
#7271=FACE_BOUND('',#6781,.T.);
#7272=FACE_BOUND('',#6782,.T.);
#7273=FACE_BOUND('',#6783,.T.);
#7274=FACE_BOUND('',#6784,.T.);
#7275=FACE_BOUND('',#6785,.T.);
#7276=FACE_BOUND('',#6786,.T.);
#7277=FACE_BOUND('',#6787,.T.);
#7278=FACE_BOUND('',#6788,.T.);
#7279=FACE_BOUND('',#6789,.T.);
#7280=FACE_BOUND('',#6790,.T.);
#7281=FACE_BOUND('',#6791,.T.);
#7282=FACE_BOUND('',#6792,.T.);
#7283=FACE_BOUND('',#6793,.T.);
#7284=FACE_BOUND('',#6794,.T.);
#7285=FACE_BOUND('',#6795,.T.);
#7286=FACE_BOUND('',#6796,.T.);
#7287=FACE_BOUND('',#6797,.T.);
#7288=FACE_BOUND('',#6798,.T.);
#7289=FACE_BOUND('',#6799,.T.);
#7290=FACE_BOUND('',#6800,.T.);
#7291=FACE_BOUND('',#6801,.T.);
#7292=FACE_BOUND('',#6802,.T.);
#7293=FACE_BOUND('',#6803,.T.);
#7294=FACE_BOUND('',#6804,.T.);
#7295=FACE_BOUND('',#6805,.T.);
#7296=FACE_BOUND('',#6806,.T.);
#7297=FACE_BOUND('',#6807,.T.);
#7298=FACE_BOUND('',#6808,.T.);
#7299=FACE_BOUND('',#6809,.T.);
#7300=FACE_BOUND('',#6810,.T.);
#7301=FACE_BOUND('',#6811,.T.);
#7302=FACE_BOUND('',#6812,.T.);
#7303=FACE_BOUND('',#6813,.T.);
#7304=FACE_BOUND('',#6814,.T.);
#7305=FACE_BOUND('',#6815,.T.);
#7306=FACE_BOUND('',#6816,.T.);
#7307=FACE_BOUND('',#6817,.T.);
#7308=FACE_BOUND('',#6818,.T.);
#7309=FACE_BOUND('',#6819,.T.);
#7310=FACE_BOUND('',#6820,.T.);
#7311=FACE_BOUND('',#6821,.T.);
#7312=FACE_BOUND('',#6822,.T.);
#7313=FACE_BOUND('',#6823,.T.);
#7314=FACE_BOUND('',#6824,.T.);
#7315=FACE_BOUND('',#6825,.T.);
#7316=FACE_BOUND('',#6826,.T.);
#7317=FACE_BOUND('',#6827,.T.);
#7318=FACE_BOUND('',#6828,.T.);
#7319=FACE_BOUND('',#6829,.T.);
#7320=FACE_BOUND('',#6830,.T.);
#7321=FACE_BOUND('',#6831,.T.);
#7322=FACE_BOUND('',#6832,.T.);
#7323=FACE_BOUND('',#6833,.T.);
#7324=FACE_BOUND('',#6834,.T.);
#7325=FACE_BOUND('',#6835,.T.);
#7326=FACE_BOUND('',#6836,.T.);
#7327=FACE_BOUND('',#6837,.T.);
#7328=FACE_BOUND('',#6838,.T.);
#7329=FACE_BOUND('',#6839,.T.);
#7330=FACE_BOUND('',#6840,.T.);
#7331=FACE_BOUND('',#6841,.T.);
#7332=FACE_BOUND('',#6842,.T.);
#7333=FACE_BOUND('',#6843,.T.);
#7334=FACE_BOUND('',#6844,.T.);
#7335=FACE_BOUND('',#6845,.T.);
#7336=FACE_BOUND('',#6846,.T.);
#7337=FACE_BOUND('',#6847,.T.);
#7338=FACE_BOUND('',#6848,.T.);
#7339=FACE_BOUND('',#6849,.T.);
#7340=FACE_BOUND('',#6850,.T.);
#7341=FACE_BOUND('',#6851,.T.);
#7342=FACE_BOUND('',#6852,.T.);
#7343=FACE_BOUND('',#6853,.T.);
#7344=FACE_BOUND('',#6854,.T.);
#7345=FACE_BOUND('',#6855,.T.);
#7346=FACE_BOUND('',#6856,.T.);
#7347=FACE_BOUND('',#6857,.T.);
#7348=FACE_BOUND('',#6858,.T.);
#7349=FACE_BOUND('',#6859,.T.);
#7350=FACE_BOUND('',#6860,.T.);
#7351=FACE_BOUND('',#6861,.T.);
#7352=FACE_BOUND('',#6862,.T.);
#7353=FACE_BOUND('',#6863,.T.);
#7354=FACE_BOUND('',#6864,.T.);
#7355=FACE_BOUND('',#6865,.T.);
#7356=FACE_BOUND('',#6866,.T.);
#7357=FACE_BOUND('',#6867,.T.);
#7358=FACE_BOUND('',#6868,.T.);
#7359=FACE_BOUND('',#6869,.T.);
#7360=FACE_BOUND('',#6870,.T.);
#7361=FACE_BOUND('',#6871,.T.);
#7362=FACE_BOUND('',#6872,.T.);
#7363=FACE_BOUND('',#6873,.T.);
#7364=FACE_BOUND('',#6874,.T.);
#7365=FACE_BOUND('',#6875,.T.);
#7366=FACE_BOUND('',#6876,.T.);
#7367=FACE_BOUND('',#6877,.T.);
#7368=FACE_BOUND('',#6878,.T.);
#7369=FACE_BOUND('',#6879,.T.);
#7370=FACE_BOUND('',#6880,.T.);
#7371=FACE_BOUND('',#6881,.T.);
#7372=FACE_BOUND('',#6882,.T.);
#7373=FACE_BOUND('',#6883,.T.);
#7374=FACE_BOUND('',#6884,.T.);
#7375=FACE_BOUND('',#6885,.T.);
#7376=FACE_BOUND('',#6886,.T.);
#7377=FACE_BOUND('',#6887,.T.);
#7378=FACE_BOUND('',#6888,.T.);
#7379=FACE_BOUND('',#6889,.T.);
#7380=FACE_BOUND('',#6890,.T.);
#7381=FACE_BOUND('',#6891,.T.);
#7382=FACE_BOUND('',#6892,.T.);
#7383=FACE_BOUND('',#6893,.T.);
#7384=FACE_BOUND('',#6894,.T.);
#7385=FACE_BOUND('',#6895,.T.);
#7386=FACE_BOUND('',#6896,.T.);
#7387=FACE_BOUND('',#6897,.T.);
#7388=FACE_BOUND('',#6898,.T.);
#7389=FACE_BOUND('',#6899,.T.);
#7390=FACE_BOUND('',#6900,.T.);
#7391=FACE_BOUND('',#6901,.T.);
#7392=FACE_BOUND('',#6902,.T.);
#7393=FACE_BOUND('',#6903,.T.);
#7394=FACE_BOUND('',#6904,.T.);
#7395=FACE_BOUND('',#6905,.T.);
#7396=FACE_BOUND('',#6906,.T.);
#7397=FACE_BOUND('',#6907,.T.);
#7398=FACE_BOUND('',#6908,.T.);
#7399=FACE_BOUND('',#6909,.T.);
#7400=FACE_BOUND('',#6910,.T.);
#7401=FACE_BOUND('',#6911,.T.);
#7402=FACE_BOUND('',#6912,.T.);
#7403=FACE_BOUND('',#6913,.T.);
#7404=FACE_BOUND('',#6914,.T.);
#7405=FACE_BOUND('',#6915,.T.);
#7406=FACE_BOUND('',#6916,.T.);
#7407=FACE_BOUND('',#6917,.T.);
#7408=FACE_BOUND('',#6918,.T.);
#7409=FACE_BOUND('',#6919,.T.);
#7410=FACE_BOUND('',#6920,.T.);
#7411=FACE_BOUND('',#6921,.T.);
#7412=FACE_BOUND('',#6922,.T.);
#7413=FACE_BOUND('',#6923,.T.);
#7414=FACE_BOUND('',#6924,.T.);
#7415=FACE_BOUND('',#6925,.T.);
#7416=FACE_BOUND('',#6926,.T.);
#7417=FACE_BOUND('',#6927,.T.);
#7418=FACE_BOUND('',#6928,.T.);
#7419=FACE_BOUND('',#6929,.T.);
#7420=FACE_BOUND('',#6930,.T.);
#7421=FACE_BOUND('',#6931,.T.);
#7422=FACE_BOUND('',#6932,.T.);
#7423=FACE_BOUND('',#6933,.T.);
#7424=FACE_BOUND('',#6934,.T.);
#7425=FACE_BOUND('',#6935,.T.);
#7426=FACE_BOUND('',#6936,.T.);
#7427=FACE_BOUND('',#6937,.T.);
#7428=FACE_BOUND('',#6938,.T.);
#7429=FACE_BOUND('',#6939,.T.);
#7430=FACE_BOUND('',#6940,.T.);
#7431=FACE_BOUND('',#6941,.T.);
#7432=FACE_BOUND('',#6942,.T.);
#7433=FACE_BOUND('',#6943,.T.);
#7434=FACE_BOUND('',#6944,.T.);
#7435=FACE_BOUND('',#6945,.T.);
#7436=FACE_BOUND('',#6946,.T.);
#7437=FACE_BOUND('',#6947,.T.);
#7438=FACE_BOUND('',#6948,.T.);
#7439=FACE_BOUND('',#6949,.T.);
#7440=FACE_BOUND('',#6950,.T.);
#7441=FACE_BOUND('',#6951,.T.);
#7442=FACE_BOUND('',#6952,.T.);
#7443=FACE_BOUND('',#6953,.T.);
#7444=FACE_BOUND('',#6954,.T.);
#7445=FACE_BOUND('',#6955,.T.);
#7446=FACE_BOUND('',#6956,.T.);
#7447=FACE_BOUND('',#6957,.T.);
#7448=FACE_BOUND('',#6958,.T.);
#7449=FACE_BOUND('',#6959,.T.);
#7450=FACE_BOUND('',#6960,.T.);
#7451=FACE_BOUND('',#6961,.T.);
#7452=FACE_BOUND('',#6962,.T.);
#7453=FACE_BOUND('',#6963,.T.);
#7454=FACE_BOUND('',#6964,.T.);
#7455=FACE_BOUND('',#6965,.T.);
#7456=FACE_BOUND('',#6966,.T.);
#7457=FACE_BOUND('',#6967,.T.);
#7458=FACE_BOUND('',#6968,.T.);
#7459=FACE_BOUND('',#6969,.T.);
#7460=FACE_BOUND('',#6970,.T.);
#7461=FACE_BOUND('',#6971,.T.);
#7462=FACE_BOUND('',#6972,.T.);
#7463=FACE_BOUND('',#6973,.T.);
#7464=FACE_BOUND('',#6974,.T.);
#7465=FACE_BOUND('',#6975,.T.);
#7466=FACE_BOUND('',#6976,.T.);
#7467=FACE_BOUND('',#6977,.T.);
#7468=FACE_BOUND('',#6978,.T.);
#7469=FACE_BOUND('',#6979,.T.);
#7470=FACE_BOUND('',#6980,.T.);
#7471=FACE_BOUND('',#6981,.T.);
#7472=FACE_BOUND('',#6982,.T.);
#7473=FACE_BOUND('',#6983,.T.);
#7474=FACE_BOUND('',#6984,.T.);
#7475=FACE_BOUND('',#6985,.T.);
#7476=FACE_BOUND('',#6986,.T.);
#7477=FACE_BOUND('',#6987,.T.);
#7478=FACE_BOUND('',#6988,.T.);
#7479=FACE_BOUND('',#6989,.T.);
#7480=FACE_BOUND('',#6990,.T.);
#7481=FACE_BOUND('',#6991,.T.);
#7482=FACE_BOUND('',#6992,.T.);
#7483=FACE_BOUND('',#6993,.T.);
#7484=FACE_BOUND('',#6994,.T.);
#7485=FACE_BOUND('',#6995,.T.);
#7486=FACE_BOUND('',#6996,.T.);
#7487=FACE_BOUND('',#6997,.T.);
#7488=FACE_BOUND('',#6998,.T.);
#7489=FACE_BOUND('',#6999,.T.);
#7490=FACE_BOUND('',#7000,.T.);
#7491=FACE_BOUND('',#7001,.T.);
#7492=FACE_BOUND('',#7002,.T.);
#7493=FACE_BOUND('',#7003,.T.);
#7494=FACE_BOUND('',#7004,.T.);
#7495=FACE_BOUND('',#7005,.T.);
#7496=FACE_BOUND('',#7006,.T.);
#7497=FACE_BOUND('',#7007,.T.);
#7498=FACE_BOUND('',#7008,.T.);
#7499=FACE_BOUND('',#7009,.T.);
#7500=FACE_BOUND('',#7010,.T.);
#7501=FACE_BOUND('',#7011,.T.);
#7502=FACE_BOUND('',#7012,.T.);
#7503=FACE_BOUND('',#7013,.T.);
#7504=FACE_BOUND('',#7014,.T.);
#7505=FACE_BOUND('',#7015,.T.);
#7506=FACE_BOUND('',#7016,.T.);
#7507=FACE_BOUND('',#7017,.T.);
#7508=FACE_BOUND('',#7018,.T.);
#7509=FACE_BOUND('',#7019,.T.);
#7510=FACE_BOUND('',#7020,.T.);
#7511=FACE_BOUND('',#7021,.T.);
#7512=FACE_BOUND('',#7022,.T.);
#7513=FACE_BOUND('',#7023,.T.);
#7514=FACE_BOUND('',#7024,.T.);
#7515=FACE_BOUND('',#7025,.T.);
#7516=FACE_BOUND('',#7026,.T.);
#7517=FACE_BOUND('',#7027,.T.);
#7518=FACE_BOUND('',#7028,.T.);
#7519=FACE_BOUND('',#7029,.T.);
#7520=FACE_BOUND('',#7030,.T.);
#7521=FACE_BOUND('',#7031,.T.);
#7522=FACE_BOUND('',#7032,.T.);
#7523=FACE_BOUND('',#7033,.T.);
#7524=FACE_BOUND('',#7034,.T.);
#7525=FACE_BOUND('',#7035,.T.);
#7526=FACE_BOUND('',#7036,.T.);
#7527=FACE_BOUND('',#7037,.T.);
#7528=FACE_BOUND('',#7038,.T.);
#7529=FACE_BOUND('',#7039,.T.);
#7530=FACE_BOUND('',#7040,.T.);
#7531=FACE_BOUND('',#7041,.T.);
#7532=FACE_BOUND('',#7042,.T.);
#7533=FACE_BOUND('',#7043,.T.);
#7534=FACE_BOUND('',#7044,.T.);
#7535=FACE_BOUND('',#7045,.T.);
#7536=FACE_BOUND('',#7046,.T.);
#7537=FACE_BOUND('',#7047,.T.);
#7538=FACE_BOUND('',#7048,.T.);
#7539=FACE_BOUND('',#7049,.T.);
#7540=FACE_BOUND('',#7050,.T.);
#7541=FACE_BOUND('',#7051,.T.);
#7542=FACE_BOUND('',#7052,.T.);
#7543=FACE_BOUND('',#7053,.T.);
#7544=FACE_BOUND('',#7054,.T.);
#7545=FACE_BOUND('',#7055,.T.);
#7546=FACE_BOUND('',#7056,.T.);
#7547=FACE_BOUND('',#7057,.T.);
#7548=FACE_BOUND('',#7058,.T.);
#7549=FACE_BOUND('',#7059,.T.);
#7550=FACE_BOUND('',#7060,.T.);
#7551=FACE_BOUND('',#7061,.T.);
#7552=FACE_BOUND('',#7062,.T.);
#7553=FACE_BOUND('',#7063,.T.);
#7554=FACE_BOUND('',#7064,.T.);
#7555=FACE_BOUND('',#7065,.T.);
#7556=FACE_BOUND('',#7066,.T.);
#7557=FACE_BOUND('',#7067,.T.);
#7558=FACE_BOUND('',#7068,.T.);
#7559=FACE_BOUND('',#7069,.T.);
#7560=FACE_BOUND('',#7070,.T.);
#7561=FACE_BOUND('',#7071,.T.);
#7562=FACE_BOUND('',#7072,.T.);
#7563=FACE_BOUND('',#7073,.T.);
#7564=FACE_BOUND('',#7074,.T.);
#7565=FACE_BOUND('',#7075,.T.);
#7566=FACE_BOUND('',#7076,.T.);
#7567=FACE_BOUND('',#7077,.T.);
#7568=FACE_BOUND('',#7078,.T.);
#7569=FACE_BOUND('',#7079,.T.);
#7570=FACE_BOUND('',#7080,.T.);
#7571=FACE_BOUND('',#7081,.T.);
#7572=FACE_BOUND('',#7082,.T.);
#7573=FACE_BOUND('',#7083,.T.);
#7574=FACE_BOUND('',#7084,.T.);
#7575=FACE_BOUND('',#7085,.T.);
#7576=FACE_BOUND('',#7086,.T.);
#7577=FACE_BOUND('',#7087,.T.);
#7578=FACE_BOUND('',#7088,.T.);
#7579=FACE_BOUND('',#7089,.T.);
#7580=FACE_BOUND('',#7090,.T.);
#7581=FACE_BOUND('',#7091,.T.);
#7582=FACE_BOUND('',#7092,.T.);
#7583=FACE_BOUND('',#7093,.T.);
#7584=FACE_BOUND('',#7094,.T.);
#7585=FACE_BOUND('',#7095,.T.);
#7586=FACE_BOUND('',#7096,.T.);
#7587=FACE_BOUND('',#7097,.T.);
#7588=FACE_BOUND('',#7098,.T.);
#7589=FACE_BOUND('',#7099,.T.);
#7590=FACE_BOUND('',#7100,.T.);
#7591=FACE_BOUND('',#7101,.T.);
#7592=FACE_BOUND('',#7102,.T.);
#7593=FACE_BOUND('',#7103,.T.);
#7594=FACE_BOUND('',#7104,.T.);
#7595=FACE_BOUND('',#7105,.T.);
#7596=FACE_BOUND('',#7106,.T.);
#7597=FACE_BOUND('',#7107,.T.);
#7598=FACE_BOUND('',#7108,.T.);
#7599=FACE_BOUND('',#7109,.T.);
#7600=FACE_BOUND('',#7110,.T.);
#7601=FACE_BOUND('',#7111,.T.);
#7602=FACE_BOUND('',#7112,.T.);
#7603=FACE_BOUND('',#7113,.T.);
#7604=FACE_BOUND('',#7114,.T.);
#7605=FACE_BOUND('',#7115,.T.);
#7606=FACE_BOUND('',#7116,.T.);
#7607=FACE_BOUND('',#7117,.T.);
#7608=FACE_BOUND('',#7118,.T.);
#7609=FACE_BOUND('',#7119,.T.);
#7610=FACE_BOUND('',#7120,.T.);
#7611=FACE_BOUND('',#7121,.T.);
#7612=FACE_BOUND('',#7122,.T.);
#7613=FACE_BOUND('',#7123,.T.);
#7614=FACE_BOUND('',#7124,.T.);
#7615=FACE_BOUND('',#7125,.T.);
#7616=FACE_BOUND('',#7126,.T.);
#7617=FACE_BOUND('',#7127,.T.);
#7618=FACE_BOUND('',#7128,.T.);
#7619=FACE_BOUND('',#7129,.T.);
#7620=PLANE('',#8283);
#7621=PLANE('',#8324);
#7622=PLANE('',#8325);
#7623=PLANE('',#8326);
#7624=PLANE('',#8327);
#7625=PLANE('',#8328);
#7626=PLANE('',#8334);
#7627=PLANE('',#8335);
#7628=PLANE('',#8341);
#7629=PLANE('',#8342);
#7630=PLANE('',#8343);
#7631=PLANE('',#8346);
#7632=PLANE('',#8347);
#7633=PLANE('',#8348);
#7634=PLANE('',#8351);
#7635=PLANE('',#8358);
#7636=PLANE('',#8359);
#7637=PLANE('',#8362);
#7638=PLANE('',#8363);
#7639=PLANE('',#8364);
#7640=PLANE('',#8367);
#7641=PLANE('',#8370);
#7642=PLANE('',#8371);
#7643=PLANE('',#8378);
#7644=PLANE('',#8379);
#7645=PLANE('',#8382);
#7646=PLANE('',#8383);
#7647=PLANE('',#8384);
#7648=PLANE('',#8387);
#7649=PLANE('',#8390);
#7650=PLANE('',#8397);
#7651=PLANE('',#8398);
#7652=PLANE('',#8401);
#7653=PLANE('',#8402);
#7654=PLANE('',#8403);
#7655=PLANE('',#8406);
#7656=PLANE('',#8409);
#7657=PLANE('',#8410);
#7658=PLANE('',#8411);
#7659=PLANE('',#8414);
#7660=PLANE('',#8421);
#7661=PLANE('',#8422);
#7662=PLANE('',#8425);
#7663=PLANE('',#8426);
#7664=PLANE('',#8427);
#7665=PLANE('',#8430);
#7666=PLANE('',#8433);
#7667=PLANE('',#8434);
#7668=PLANE('',#8435);
#7669=PLANE('',#8436);
#7670=PLANE('',#8437);
#7671=PLANE('',#8438);
#7672=PLANE('',#8442);
#7673=PLANE('',#8443);
#7674=PLANE('',#8446);
#7675=PLANE('',#8447);
#7676=PLANE('',#8448);
#7677=PLANE('',#8449);
#7678=PLANE('',#8450);
#7679=PLANE('',#8451);
#7680=PLANE('',#8452);
#7681=PLANE('',#8453);
#7682=PLANE('',#8454);
#7683=PLANE('',#8455);
#7684=PLANE('',#8456);
#7685=PLANE('',#8461);
#7686=PLANE('',#8464);
#7687=PLANE('',#8465);
#7688=PLANE('',#8466);
#7689=PLANE('',#8467);
#7690=PLANE('',#8468);
#7691=PLANE('',#8469);
#7692=PLANE('',#8470);
#7693=PLANE('',#8471);
#7694=PLANE('',#8472);
#7695=PLANE('',#8473);
#7696=PLANE('',#8474);
#7697=PLANE('',#8475);
#7698=PLANE('',#8476);
#7699=PLANE('',#8479);
#7700=PLANE('',#8482);
#7701=PLANE('',#8483);
#7702=PLANE('',#8484);
#7703=PLANE('',#8485);
#7704=PLANE('',#8486);
#7705=PLANE('',#8487);
#7706=PLANE('',#8490);
#7707=PLANE('',#8493);
#7708=PLANE('',#8494);
#7709=PLANE('',#8495);
#7710=PLANE('',#8496);
#7711=PLANE('',#8497);
#7712=PLANE('',#8498);
#7713=PLANE('',#8499);
#7714=PLANE('',#8500);
#7715=PLANE('',#8501);
#7716=PLANE('',#8502);
#7717=PLANE('',#8503);
#7718=PLANE('',#8506);
#7719=PLANE('',#8507);
#7720=PLANE('',#8508);
#7721=PLANE('',#8509);
#7722=PLANE('',#8510);
#7723=PLANE('',#8511);
#7724=PLANE('',#8512);
#7725=PLANE('',#8513);
#7726=PLANE('',#8514);
#7727=PLANE('',#8515);
#7728=PLANE('',#8516);
#7729=PLANE('',#8519);
#7730=PLANE('',#8520);
#7731=PLANE('',#8521);
#7732=PLANE('',#8522);
#7733=PLANE('',#8523);
#7734=PLANE('',#8524);
#7735=PLANE('',#8525);
#7736=PLANE('',#8526);
#7737=PLANE('',#8527);
#7738=PLANE('',#8528);
#7739=PLANE('',#8529);
#7740=PLANE('',#8530);
#7741=PLANE('',#8531);
#7742=PLANE('',#8534);
#7743=PLANE('',#8537);
#7744=PLANE('',#8538);
#7745=PLANE('',#8539);
#7746=PLANE('',#8540);
#7747=PLANE('',#8541);
#7748=PLANE('',#8542);
#7749=PLANE('',#8543);
#7750=PLANE('',#8544);
#7751=PLANE('',#8545);
#7752=PLANE('',#8546);
#7753=PLANE('',#8547);
#7754=PLANE('',#8548);
#7755=PLANE('',#8549);
#7756=PLANE('',#8550);
#7757=PLANE('',#8551);
#7758=PLANE('',#8552);
#7759=PLANE('',#8553);
#7760=PLANE('',#8554);
#7761=PLANE('',#8555);
#7762=PLANE('',#8556);
#7763=PLANE('',#8557);
#7764=PLANE('',#8558);
#7765=PLANE('',#8561);
#7766=PLANE('',#8562);
#7767=PLANE('',#8563);
#7768=PLANE('',#8564);
#7769=PLANE('',#8565);
#7770=PLANE('',#8566);
#7771=PLANE('',#8567);
#7772=PLANE('',#8568);
#7773=PLANE('',#8569);
#7774=PLANE('',#8570);
#7775=PLANE('',#8571);
#7776=PLANE('',#8572);
#7777=PLANE('',#8573);
#7778=PLANE('',#8574);
#7779=PLANE('',#8575);
#7780=PLANE('',#8579);
#7781=PLANE('',#8582);
#7782=PLANE('',#8583);
#7783=PLANE('',#8588);
#7784=PLANE('',#8589);
#7785=PLANE('',#8590);
#7786=PLANE('',#8591);
#7787=PLANE('',#8594);
#7788=PLANE('',#8597);
#7789=PLANE('',#8598);
#7790=PLANE('',#8599);
#7791=PLANE('',#8600);
#7792=PLANE('',#8601);
#7793=PLANE('',#8602);
#7794=PLANE('',#8603);
#7795=PLANE('',#8604);
#7796=PLANE('',#8605);
#7797=PLANE('',#8606);
#7798=PLANE('',#8607);
#7799=PLANE('',#8608);
#7800=PLANE('',#8609);
#7801=PLANE('',#8612);
#7802=PLANE('',#8613);
#7803=PLANE('',#8614);
#7804=PLANE('',#8615);
#7805=PLANE('',#8616);
#7806=PLANE('',#8617);
#7807=PLANE('',#8618);
#7808=PLANE('',#8619);
#7809=PLANE('',#8620);
#7810=PLANE('',#8621);
#7811=PLANE('',#8622);
#7812=PLANE('',#8625);
#7813=PLANE('',#8626);
#7814=PLANE('',#8627);
#7815=PLANE('',#8628);
#7816=PLANE('',#8629);
#7817=PLANE('',#8630);
#7818=PLANE('',#8631);
#7819=PLANE('',#8632);
#7820=PLANE('',#8633);
#7821=PLANE('',#8634);
#7822=PLANE('',#8635);
#7823=PLANE('',#8636);
#7824=PLANE('',#8637);
#7825=PLANE('',#8638);
#7826=PLANE('',#8639);
#7827=PLANE('',#8640);
#7828=PLANE('',#8641);
#7829=ADVANCED_FACE('',(#7130,#7131,#7132,#7133,#7134,#7135,#7136,#7137,
#7138,#7139,#7140,#7141,#7142,#7143,#7144,#7145,#7146,#7147,#7148,#7149,
#7150,#7151,#7152,#7153,#7154,#7155,#7156,#7157,#7158,#7159,#7160),#7620,
 .T.);
#7830=ADVANCED_FACE('',(#7161),#7621,.F.);
#7831=ADVANCED_FACE('',(#7162),#7622,.F.);
#7832=ADVANCED_FACE('',(#7163),#7623,.T.);
#7833=ADVANCED_FACE('',(#7164),#7624,.T.);
#7834=ADVANCED_FACE('',(#7165,#7166,#7167,#7168,#7169,#7170),#7625,.F.);
#7835=ADVANCED_FACE('',(#7171),#7626,.F.);
#7836=ADVANCED_FACE('',(#7172),#7627,.T.);
#7837=ADVANCED_FACE('',(#7173,#7174),#194,.F.);
#7838=ADVANCED_FACE('',(#7175,#7176),#195,.F.);
#7839=ADVANCED_FACE('',(#7177,#7178),#196,.F.);
#7840=ADVANCED_FACE('',(#7179,#7180),#197,.F.);
#7841=ADVANCED_FACE('',(#7181,#7182),#198,.F.);
#7842=ADVANCED_FACE('',(#7183),#7628,.T.);
#7843=ADVANCED_FACE('',(#7184),#7629,.T.);
#7844=ADVANCED_FACE('',(#7185),#7630,.T.);
#7845=ADVANCED_FACE('',(#7186),#12,.T.);
#7846=ADVANCED_FACE('',(#7187),#13,.T.);
#7847=ADVANCED_FACE('',(#7188),#14,.T.);
#7848=ADVANCED_FACE('',(#7189),#199,.T.);
#7849=ADVANCED_FACE('',(#7190),#7631,.T.);
#7850=ADVANCED_FACE('',(#7191),#7632,.T.);
#7851=ADVANCED_FACE('',(#7192),#7633,.T.);
#7852=ADVANCED_FACE('',(#7193),#15,.T.);
#7853=ADVANCED_FACE('',(#7194),#200,.F.);
#7854=ADVANCED_FACE('',(#7195),#16,.T.);
#7855=ADVANCED_FACE('',(#7196),#17,.T.);
#7856=ADVANCED_FACE('',(#7197),#18,.T.);
#7857=ADVANCED_FACE('',(#7198),#7634,.T.);
#7858=ADVANCED_FACE('',(#7199),#201,.T.);
#7859=ADVANCED_FACE('',(#7200),#19,.T.);
#7860=ADVANCED_FACE('',(#7201),#20,.T.);
#7861=ADVANCED_FACE('',(#7202),#202,.T.);
#7862=ADVANCED_FACE('',(#7203),#7635,.T.);
#7863=ADVANCED_FACE('',(#7204),#7636,.T.);
#7864=ADVANCED_FACE('',(#7205),#21,.T.);
#7865=ADVANCED_FACE('',(#7206),#203,.F.);
#7866=ADVANCED_FACE('',(#7207),#22,.T.);
#7867=ADVANCED_FACE('',(#7208),#7637,.T.);
#7868=ADVANCED_FACE('',(#7209),#23,.T.);
#7869=ADVANCED_FACE('',(#7210),#24,.T.);
#7870=ADVANCED_FACE('',(#7211),#25,.T.);
#7871=ADVANCED_FACE('',(#7212),#7638,.T.);
#7872=ADVANCED_FACE('',(#7213),#7639,.T.);
#7873=ADVANCED_FACE('',(#7214),#26,.T.);
#7874=ADVANCED_FACE('',(#7215),#27,.T.);
#7875=ADVANCED_FACE('',(#7216),#28,.T.);
#7876=ADVANCED_FACE('',(#7217),#29,.T.);
#7877=ADVANCED_FACE('',(#7218),#204,.F.);
#7878=ADVANCED_FACE('',(#7219),#7640,.T.);
#7879=ADVANCED_FACE('',(#7220),#30,.T.);
#7880=ADVANCED_FACE('',(#7221),#205,.F.);
#7881=ADVANCED_FACE('',(#7222),#31,.T.);
#7882=ADVANCED_FACE('',(#7223,#7224),#7641,.T.);
#7883=ADVANCED_FACE('',(#7225),#32,.T.);
#7884=ADVANCED_FACE('',(#7226),#33,.T.);
#7885=ADVANCED_FACE('',(#7227),#34,.T.);
#7886=ADVANCED_FACE('',(#7228),#35,.T.);
#7887=ADVANCED_FACE('',(#7229),#36,.T.);
#7888=ADVANCED_FACE('',(#7230),#37,.T.);
#7889=ADVANCED_FACE('',(#7231),#38,.T.);
#7890=ADVANCED_FACE('',(#7232),#39,.T.);
#7891=ADVANCED_FACE('',(#7233),#40,.T.);
#7892=ADVANCED_FACE('',(#7234),#41,.T.);
#7893=ADVANCED_FACE('',(#7235),#42,.T.);
#7894=ADVANCED_FACE('',(#7236),#43,.T.);
#7895=ADVANCED_FACE('',(#7237),#44,.T.);
#7896=ADVANCED_FACE('',(#7238),#45,.T.);
#7897=ADVANCED_FACE('',(#7239),#46,.T.);
#7898=ADVANCED_FACE('',(#7240),#47,.T.);
#7899=ADVANCED_FACE('',(#7241),#48,.T.);
#7900=ADVANCED_FACE('',(#7242),#49,.T.);
#7901=ADVANCED_FACE('',(#7243,#7244),#7642,.T.);
#7902=ADVANCED_FACE('',(#7245),#206,.T.);
#7903=ADVANCED_FACE('',(#7246),#50,.T.);
#7904=ADVANCED_FACE('',(#7247),#51,.T.);
#7905=ADVANCED_FACE('',(#7248),#207,.T.);
#7906=ADVANCED_FACE('',(#7249),#7643,.T.);
#7907=ADVANCED_FACE('',(#7250),#7644,.T.);
#7908=ADVANCED_FACE('',(#7251),#52,.T.);
#7909=ADVANCED_FACE('',(#7252),#208,.F.);
#7910=ADVANCED_FACE('',(#7253),#53,.T.);
#7911=ADVANCED_FACE('',(#7254),#7645,.T.);
#7912=ADVANCED_FACE('',(#7255),#54,.T.);
#7913=ADVANCED_FACE('',(#7256),#55,.T.);
#7914=ADVANCED_FACE('',(#7257),#56,.T.);
#7915=ADVANCED_FACE('',(#7258),#7646,.T.);
#7916=ADVANCED_FACE('',(#7259),#7647,.T.);
#7917=ADVANCED_FACE('',(#7260),#57,.T.);
#7918=ADVANCED_FACE('',(#7261),#58,.T.);
#7919=ADVANCED_FACE('',(#7262),#59,.T.);
#7920=ADVANCED_FACE('',(#7263),#60,.T.);
#7921=ADVANCED_FACE('',(#7264),#209,.F.);
#7922=ADVANCED_FACE('',(#7265),#7648,.T.);
#7923=ADVANCED_FACE('',(#7266),#61,.T.);
#7924=ADVANCED_FACE('',(#7267),#210,.F.);
#7925=ADVANCED_FACE('',(#7268),#62,.T.);
#7926=ADVANCED_FACE('',(#7269,#7270),#7649,.T.);
#7927=ADVANCED_FACE('',(#7271),#211,.T.);
#7928=ADVANCED_FACE('',(#7272),#63,.T.);
#7929=ADVANCED_FACE('',(#7273),#64,.T.);
#7930=ADVANCED_FACE('',(#7274),#212,.T.);
#7931=ADVANCED_FACE('',(#7275),#7650,.T.);
#7932=ADVANCED_FACE('',(#7276),#7651,.T.);
#7933=ADVANCED_FACE('',(#7277),#65,.T.);
#7934=ADVANCED_FACE('',(#7278),#213,.F.);
#7935=ADVANCED_FACE('',(#7279),#66,.T.);
#7936=ADVANCED_FACE('',(#7280),#7652,.T.);
#7937=ADVANCED_FACE('',(#7281),#67,.T.);
#7938=ADVANCED_FACE('',(#7282),#68,.T.);
#7939=ADVANCED_FACE('',(#7283),#69,.T.);
#7940=ADVANCED_FACE('',(#7284),#7653,.T.);
#7941=ADVANCED_FACE('',(#7285),#7654,.T.);
#7942=ADVANCED_FACE('',(#7286),#70,.T.);
#7943=ADVANCED_FACE('',(#7287),#71,.T.);
#7944=ADVANCED_FACE('',(#7288),#72,.T.);
#7945=ADVANCED_FACE('',(#7289),#73,.T.);
#7946=ADVANCED_FACE('',(#7290),#214,.F.);
#7947=ADVANCED_FACE('',(#7291),#7655,.T.);
#7948=ADVANCED_FACE('',(#7292),#74,.T.);
#7949=ADVANCED_FACE('',(#7293),#215,.F.);
#7950=ADVANCED_FACE('',(#7294),#75,.T.);
#7951=ADVANCED_FACE('',(#7295,#7296),#7656,.T.);
#7952=ADVANCED_FACE('',(#7297),#7657,.T.);
#7953=ADVANCED_FACE('',(#7298),#7658,.T.);
#7954=ADVANCED_FACE('',(#7299),#76,.T.);
#7955=ADVANCED_FACE('',(#7300),#77,.T.);
#7956=ADVANCED_FACE('',(#7301),#78,.T.);
#7957=ADVANCED_FACE('',(#7302),#79,.T.);
#7958=ADVANCED_FACE('',(#7303),#80,.T.);
#7959=ADVANCED_FACE('',(#7304),#81,.T.);
#7960=ADVANCED_FACE('',(#7305),#82,.T.);
#7961=ADVANCED_FACE('',(#7306),#83,.T.);
#7962=ADVANCED_FACE('',(#7307),#84,.T.);
#7963=ADVANCED_FACE('',(#7308),#85,.T.);
#7964=ADVANCED_FACE('',(#7309),#86,.T.);
#7965=ADVANCED_FACE('',(#7310),#87,.T.);
#7966=ADVANCED_FACE('',(#7311),#88,.T.);
#7967=ADVANCED_FACE('',(#7312),#89,.T.);
#7968=ADVANCED_FACE('',(#7313),#90,.T.);
#7969=ADVANCED_FACE('',(#7314),#216,.F.);
#7970=ADVANCED_FACE('',(#7315),#91,.T.);
#7971=ADVANCED_FACE('',(#7316),#92,.T.);
#7972=ADVANCED_FACE('',(#7317),#93,.T.);
#7973=ADVANCED_FACE('',(#7318),#94,.T.);
#7974=ADVANCED_FACE('',(#7319),#95,.T.);
#7975=ADVANCED_FACE('',(#7320),#96,.T.);
#7976=ADVANCED_FACE('',(#7321,#7322),#7659,.T.);
#7977=ADVANCED_FACE('',(#7323),#217,.T.);
#7978=ADVANCED_FACE('',(#7324),#97,.T.);
#7979=ADVANCED_FACE('',(#7325),#98,.T.);
#7980=ADVANCED_FACE('',(#7326),#218,.T.);
#7981=ADVANCED_FACE('',(#7327),#7660,.T.);
#7982=ADVANCED_FACE('',(#7328),#7661,.T.);
#7983=ADVANCED_FACE('',(#7329),#99,.T.);
#7984=ADVANCED_FACE('',(#7330),#219,.F.);
#7985=ADVANCED_FACE('',(#7331),#100,.T.);
#7986=ADVANCED_FACE('',(#7332),#7662,.T.);
#7987=ADVANCED_FACE('',(#7333),#101,.T.);
#7988=ADVANCED_FACE('',(#7334),#102,.T.);
#7989=ADVANCED_FACE('',(#7335),#103,.T.);
#7990=ADVANCED_FACE('',(#7336),#7663,.T.);
#7991=ADVANCED_FACE('',(#7337),#7664,.T.);
#7992=ADVANCED_FACE('',(#7338),#104,.T.);
#7993=ADVANCED_FACE('',(#7339),#105,.T.);
#7994=ADVANCED_FACE('',(#7340),#106,.T.);
#7995=ADVANCED_FACE('',(#7341),#107,.T.);
#7996=ADVANCED_FACE('',(#7342),#220,.F.);
#7997=ADVANCED_FACE('',(#7343),#7665,.T.);
#7998=ADVANCED_FACE('',(#7344),#108,.T.);
#7999=ADVANCED_FACE('',(#7345),#221,.F.);
#8000=ADVANCED_FACE('',(#7346),#109,.T.);
#8001=ADVANCED_FACE('',(#7347,#7348),#7666,.T.);
#8002=ADVANCED_FACE('',(#7349),#7667,.T.);
#8003=ADVANCED_FACE('',(#7350),#7668,.T.);
#8004=ADVANCED_FACE('',(#7351),#7669,.T.);
#8005=ADVANCED_FACE('',(#7352),#110,.T.);
#8006=ADVANCED_FACE('',(#7353),#111,.T.);
#8007=ADVANCED_FACE('',(#7354),#7670,.T.);
#8008=ADVANCED_FACE('',(#7355),#7671,.T.);
#8009=ADVANCED_FACE('',(#7356),#112,.T.);
#8010=ADVANCED_FACE('',(#7357),#113,.T.);
#8011=ADVANCED_FACE('',(#7358),#222,.T.);
#8012=ADVANCED_FACE('',(#7359),#114,.T.);
#8013=ADVANCED_FACE('',(#7360),#7672,.T.);
#8014=ADVANCED_FACE('',(#7361),#7673,.T.);
#8015=ADVANCED_FACE('',(#7362),#115,.T.);
#8016=ADVANCED_FACE('',(#7363),#116,.T.);
#8017=ADVANCED_FACE('',(#7364),#117,.T.);
#8018=ADVANCED_FACE('',(#7365),#223,.F.);
#8019=ADVANCED_FACE('',(#7366),#118,.T.);
#8020=ADVANCED_FACE('',(#7367),#119,.T.);
#8021=ADVANCED_FACE('',(#7368),#120,.T.);
#8022=ADVANCED_FACE('',(#7369),#7674,.T.);
#8023=ADVANCED_FACE('',(#7370),#7675,.T.);
#8024=ADVANCED_FACE('',(#7371),#121,.T.);
#8025=ADVANCED_FACE('',(#7372,#7373,#7374),#7676,.T.);
#8026=ADVANCED_FACE('',(#7375),#7677,.T.);
#8027=ADVANCED_FACE('',(#7376),#7678,.T.);
#8028=ADVANCED_FACE('',(#7377),#7679,.T.);
#8029=ADVANCED_FACE('',(#7378),#7680,.T.);
#8030=ADVANCED_FACE('',(#7379),#7681,.T.);
#8031=ADVANCED_FACE('',(#7380),#7682,.T.);
#8032=ADVANCED_FACE('',(#7381),#7683,.T.);
#8033=ADVANCED_FACE('',(#7382),#122,.T.);
#8034=ADVANCED_FACE('',(#7383),#123,.T.);
#8035=ADVANCED_FACE('',(#7384),#124,.T.);
#8036=ADVANCED_FACE('',(#7385),#125,.T.);
#8037=ADVANCED_FACE('',(#7386),#7684,.T.);
#8038=ADVANCED_FACE('',(#7387),#126,.T.);
#8039=ADVANCED_FACE('',(#7388),#127,.T.);
#8040=ADVANCED_FACE('',(#7389),#224,.F.);
#8041=ADVANCED_FACE('',(#7390),#128,.T.);
#8042=ADVANCED_FACE('',(#7391),#225,.F.);
#8043=ADVANCED_FACE('',(#7392),#129,.T.);
#8044=ADVANCED_FACE('',(#7393),#130,.T.);
#8045=ADVANCED_FACE('',(#7394),#131,.T.);
#8046=ADVANCED_FACE('',(#7395),#7685,.T.);
#8047=ADVANCED_FACE('',(#7396),#132,.T.);
#8048=ADVANCED_FACE('',(#7397),#226,.T.);
#8049=ADVANCED_FACE('',(#7398),#133,.T.);
#8050=ADVANCED_FACE('',(#7399),#134,.T.);
#8051=ADVANCED_FACE('',(#7400),#7686,.T.);
#8052=ADVANCED_FACE('',(#7401),#135,.T.);
#8053=ADVANCED_FACE('',(#7402),#136,.T.);
#8054=ADVANCED_FACE('',(#7403),#137,.T.);
#8055=ADVANCED_FACE('',(#7404),#138,.T.);
#8056=ADVANCED_FACE('',(#7405),#139,.T.);
#8057=ADVANCED_FACE('',(#7406),#7687,.T.);
#8058=ADVANCED_FACE('',(#7407),#7688,.T.);
#8059=ADVANCED_FACE('',(#7408),#7689,.T.);
#8060=ADVANCED_FACE('',(#7409),#7690,.T.);
#8061=ADVANCED_FACE('',(#7410),#7691,.T.);
#8062=ADVANCED_FACE('',(#7411),#7692,.T.);
#8063=ADVANCED_FACE('',(#7412),#7693,.T.);
#8064=ADVANCED_FACE('',(#7413),#140,.T.);
#8065=ADVANCED_FACE('',(#7414),#7694,.T.);
#8066=ADVANCED_FACE('',(#7415),#7695,.T.);
#8067=ADVANCED_FACE('',(#7416),#141,.T.);
#8068=ADVANCED_FACE('',(#7417),#142,.T.);
#8069=ADVANCED_FACE('',(#7418),#143,.T.);
#8070=ADVANCED_FACE('',(#7419),#7696,.T.);
#8071=ADVANCED_FACE('',(#7420),#7697,.T.);
#8072=ADVANCED_FACE('',(#7421),#7698,.T.);
#8073=ADVANCED_FACE('',(#7422),#227,.T.);
#8074=ADVANCED_FACE('',(#7423),#7699,.T.);
#8075=ADVANCED_FACE('',(#7424),#228,.F.);
#8076=ADVANCED_FACE('',(#7425),#144,.T.);
#8077=ADVANCED_FACE('',(#7426),#7700,.T.);
#8078=ADVANCED_FACE('',(#7427),#7701,.T.);
#8079=ADVANCED_FACE('',(#7428),#7702,.T.);
#8080=ADVANCED_FACE('',(#7429),#7703,.T.);
#8081=ADVANCED_FACE('',(#7430),#7704,.T.);
#8082=ADVANCED_FACE('',(#7431),#145,.T.);
#8083=ADVANCED_FACE('',(#7432),#7705,.T.);
#8084=ADVANCED_FACE('',(#7433),#229,.T.);
#8085=ADVANCED_FACE('',(#7434),#7706,.T.);
#8086=ADVANCED_FACE('',(#7435),#230,.F.);
#8087=ADVANCED_FACE('',(#7436),#146,.T.);
#8088=ADVANCED_FACE('',(#7437),#7707,.T.);
#8089=ADVANCED_FACE('',(#7438),#7708,.T.);
#8090=ADVANCED_FACE('',(#7439),#7709,.T.);
#8091=ADVANCED_FACE('',(#7440),#7710,.T.);
#8092=ADVANCED_FACE('',(#7441),#7711,.T.);
#8093=ADVANCED_FACE('',(#7442),#147,.T.);
#8094=ADVANCED_FACE('',(#7443),#7712,.T.);
#8095=ADVANCED_FACE('',(#7444),#7713,.T.);
#8096=ADVANCED_FACE('',(#7445),#7714,.T.);
#8097=ADVANCED_FACE('',(#7446),#7715,.T.);
#8098=ADVANCED_FACE('',(#7447),#7716,.T.);
#8099=ADVANCED_FACE('',(#7448),#7717,.T.);
#8100=ADVANCED_FACE('',(#7449),#148,.T.);
#8101=ADVANCED_FACE('',(#7450),#149,.T.);
#8102=ADVANCED_FACE('',(#7451),#231,.T.);
#8103=ADVANCED_FACE('',(#7452),#7718,.T.);
#8104=ADVANCED_FACE('',(#7453),#7719,.T.);
#8105=ADVANCED_FACE('',(#7454),#7720,.T.);
#8106=ADVANCED_FACE('',(#7455),#150,.T.);
#8107=ADVANCED_FACE('',(#7456),#151,.T.);
#8108=ADVANCED_FACE('',(#7457),#152,.T.);
#8109=ADVANCED_FACE('',(#7458),#7721,.T.);
#8110=ADVANCED_FACE('',(#7459),#7722,.T.);
#8111=ADVANCED_FACE('',(#7460),#7723,.T.);
#8112=ADVANCED_FACE('',(#7461),#7724,.T.);
#8113=ADVANCED_FACE('',(#7462),#7725,.T.);
#8114=ADVANCED_FACE('',(#7463),#7726,.T.);
#8115=ADVANCED_FACE('',(#7464),#7727,.T.);
#8116=ADVANCED_FACE('',(#7465),#7728,.T.);
#8117=ADVANCED_FACE('',(#7466),#153,.T.);
#8118=ADVANCED_FACE('',(#7467),#154,.T.);
#8119=ADVANCED_FACE('',(#7468),#232,.F.);
#8120=ADVANCED_FACE('',(#7469),#7729,.T.);
#8121=ADVANCED_FACE('',(#7470),#155,.T.);
#8122=ADVANCED_FACE('',(#7471),#156,.T.);
#8123=ADVANCED_FACE('',(#7472),#157,.T.);
#8124=ADVANCED_FACE('',(#7473),#7730,.T.);
#8125=ADVANCED_FACE('',(#7474),#7731,.T.);
#8126=ADVANCED_FACE('',(#7475),#7732,.T.);
#8127=ADVANCED_FACE('',(#7476),#7733,.T.);
#8128=ADVANCED_FACE('',(#7477),#7734,.T.);
#8129=ADVANCED_FACE('',(#7478),#7735,.T.);
#8130=ADVANCED_FACE('',(#7479),#7736,.T.);
#8131=ADVANCED_FACE('',(#7480),#7737,.T.);
#8132=ADVANCED_FACE('',(#7481),#7738,.T.);
#8133=ADVANCED_FACE('',(#7482),#7739,.T.);
#8134=ADVANCED_FACE('',(#7483),#7740,.T.);
#8135=ADVANCED_FACE('',(#7484),#7741,.T.);
#8136=ADVANCED_FACE('',(#7485),#233,.T.);
#8137=ADVANCED_FACE('',(#7486),#7742,.T.);
#8138=ADVANCED_FACE('',(#7487),#234,.F.);
#8139=ADVANCED_FACE('',(#7488),#158,.T.);
#8140=ADVANCED_FACE('',(#7489),#7743,.T.);
#8141=ADVANCED_FACE('',(#7490),#7744,.T.);
#8142=ADVANCED_FACE('',(#7491),#7745,.T.);
#8143=ADVANCED_FACE('',(#7492),#7746,.T.);
#8144=ADVANCED_FACE('',(#7493),#7747,.T.);
#8145=ADVANCED_FACE('',(#7494),#159,.T.);
#8146=ADVANCED_FACE('',(#7495),#7748,.T.);
#8147=ADVANCED_FACE('',(#7496),#7749,.T.);
#8148=ADVANCED_FACE('',(#7497),#7750,.T.);
#8149=ADVANCED_FACE('',(#7498),#7751,.T.);
#8150=ADVANCED_FACE('',(#7499),#7752,.T.);
#8151=ADVANCED_FACE('',(#7500),#7753,.T.);
#8152=ADVANCED_FACE('',(#7501),#7754,.T.);
#8153=ADVANCED_FACE('',(#7502),#7755,.T.);
#8154=ADVANCED_FACE('',(#7503),#7756,.T.);
#8155=ADVANCED_FACE('',(#7504),#7757,.T.);
#8156=ADVANCED_FACE('',(#7505),#7758,.T.);
#8157=ADVANCED_FACE('',(#7506),#7759,.T.);
#8158=ADVANCED_FACE('',(#7507),#160,.T.);
#8159=ADVANCED_FACE('',(#7508),#7760,.T.);
#8160=ADVANCED_FACE('',(#7509),#7761,.T.);
#8161=ADVANCED_FACE('',(#7510),#7762,.T.);
#8162=ADVANCED_FACE('',(#7511),#7763,.T.);
#8163=ADVANCED_FACE('',(#7512),#7764,.T.);
#8164=ADVANCED_FACE('',(#7513),#161,.T.);
#8165=ADVANCED_FACE('',(#7514),#162,.T.);
#8166=ADVANCED_FACE('',(#7515),#235,.T.);
#8167=ADVANCED_FACE('',(#7516),#7765,.T.);
#8168=ADVANCED_FACE('',(#7517),#7766,.T.);
#8169=ADVANCED_FACE('',(#7518),#7767,.T.);
#8170=ADVANCED_FACE('',(#7519),#163,.T.);
#8171=ADVANCED_FACE('',(#7520),#164,.T.);
#8172=ADVANCED_FACE('',(#7521),#7768,.T.);
#8173=ADVANCED_FACE('',(#7522),#7769,.T.);
#8174=ADVANCED_FACE('',(#7523),#7770,.T.);
#8175=ADVANCED_FACE('',(#7524),#7771,.T.);
#8176=ADVANCED_FACE('',(#7525),#7772,.T.);
#8177=ADVANCED_FACE('',(#7526),#7773,.T.);
#8178=ADVANCED_FACE('',(#7527),#7774,.T.);
#8179=ADVANCED_FACE('',(#7528),#7775,.T.);
#8180=ADVANCED_FACE('',(#7529),#7776,.T.);
#8181=ADVANCED_FACE('',(#7530),#7777,.T.);
#8182=ADVANCED_FACE('',(#7531),#7778,.T.);
#8183=ADVANCED_FACE('',(#7532),#7779,.T.);
#8184=ADVANCED_FACE('',(#7533),#165,.T.);
#8185=ADVANCED_FACE('',(#7534),#236,.T.);
#8186=ADVANCED_FACE('',(#7535),#166,.T.);
#8187=ADVANCED_FACE('',(#7536),#167,.T.);
#8188=ADVANCED_FACE('',(#7537),#168,.T.);
#8189=ADVANCED_FACE('',(#7538),#7780,.T.);
#8190=ADVANCED_FACE('',(#7539),#169,.T.);
#8191=ADVANCED_FACE('',(#7540),#170,.T.);
#8192=ADVANCED_FACE('',(#7541),#237,.F.);
#8193=ADVANCED_FACE('',(#7542),#171,.T.);
#8194=ADVANCED_FACE('',(#7543),#172,.T.);
#8195=ADVANCED_FACE('',(#7544),#173,.T.);
#8196=ADVANCED_FACE('',(#7545),#7781,.T.);
#8197=ADVANCED_FACE('',(#7546),#174,.T.);
#8198=ADVANCED_FACE('',(#7547),#175,.T.);
#8199=ADVANCED_FACE('',(#7548),#176,.T.);
#8200=ADVANCED_FACE('',(#7549),#7782,.T.);
#8201=ADVANCED_FACE('',(#7550),#238,.F.);
#8202=ADVANCED_FACE('',(#7551),#239,.F.);
#8203=ADVANCED_FACE('',(#7552),#177,.T.);
#8204=ADVANCED_FACE('',(#7553),#178,.T.);
#8205=ADVANCED_FACE('',(#7554),#7783,.T.);
#8206=ADVANCED_FACE('',(#7555),#7784,.T.);
#8207=ADVANCED_FACE('',(#7556),#7785,.T.);
#8208=ADVANCED_FACE('',(#7557),#179,.T.);
#8209=ADVANCED_FACE('',(#7558),#180,.T.);
#8210=ADVANCED_FACE('',(#7559),#181,.T.);
#8211=ADVANCED_FACE('',(#7560,#7561),#7786,.T.);
#8212=ADVANCED_FACE('',(#7562),#240,.T.);
#8213=ADVANCED_FACE('',(#7563),#7787,.T.);
#8214=ADVANCED_FACE('',(#7564),#241,.F.);
#8215=ADVANCED_FACE('',(#7565),#182,.T.);
#8216=ADVANCED_FACE('',(#7566),#7788,.T.);
#8217=ADVANCED_FACE('',(#7567),#7789,.T.);
#8218=ADVANCED_FACE('',(#7568),#7790,.T.);
#8219=ADVANCED_FACE('',(#7569),#7791,.T.);
#8220=ADVANCED_FACE('',(#7570),#7792,.T.);
#8221=ADVANCED_FACE('',(#7571),#183,.T.);
#8222=ADVANCED_FACE('',(#7572),#7793,.T.);
#8223=ADVANCED_FACE('',(#7573),#7794,.T.);
#8224=ADVANCED_FACE('',(#7574),#7795,.T.);
#8225=ADVANCED_FACE('',(#7575),#7796,.T.);
#8226=ADVANCED_FACE('',(#7576),#7797,.T.);
#8227=ADVANCED_FACE('',(#7577),#7798,.T.);
#8228=ADVANCED_FACE('',(#7578),#7799,.T.);
#8229=ADVANCED_FACE('',(#7579),#7800,.T.);
#8230=ADVANCED_FACE('',(#7580),#184,.T.);
#8231=ADVANCED_FACE('',(#7581),#185,.T.);
#8232=ADVANCED_FACE('',(#7582),#242,.F.);
#8233=ADVANCED_FACE('',(#7583),#7801,.T.);
#8234=ADVANCED_FACE('',(#7584),#186,.T.);
#8235=ADVANCED_FACE('',(#7585),#187,.T.);
#8236=ADVANCED_FACE('',(#7586),#188,.T.);
#8237=ADVANCED_FACE('',(#7587),#7802,.T.);
#8238=ADVANCED_FACE('',(#7588),#7803,.T.);
#8239=ADVANCED_FACE('',(#7589),#7804,.T.);
#8240=ADVANCED_FACE('',(#7590),#7805,.T.);
#8241=ADVANCED_FACE('',(#7591),#7806,.T.);
#8242=ADVANCED_FACE('',(#7592),#189,.T.);
#8243=ADVANCED_FACE('',(#7593),#7807,.T.);
#8244=ADVANCED_FACE('',(#7594),#7808,.T.);
#8245=ADVANCED_FACE('',(#7595),#7809,.T.);
#8246=ADVANCED_FACE('',(#7596),#7810,.T.);
#8247=ADVANCED_FACE('',(#7597),#7811,.T.);
#8248=ADVANCED_FACE('',(#7598),#190,.T.);
#8249=ADVANCED_FACE('',(#7599),#191,.T.);
#8250=ADVANCED_FACE('',(#7600),#243,.T.);
#8251=ADVANCED_FACE('',(#7601),#7812,.T.);
#8252=ADVANCED_FACE('',(#7602),#7813,.T.);
#8253=ADVANCED_FACE('',(#7603),#7814,.T.);
#8254=ADVANCED_FACE('',(#7604),#192,.T.);
#8255=ADVANCED_FACE('',(#7605),#193,.T.);
#8256=ADVANCED_FACE('',(#7606),#7815,.T.);
#8257=ADVANCED_FACE('',(#7607),#7816,.T.);
#8258=ADVANCED_FACE('',(#7608),#7817,.T.);
#8259=ADVANCED_FACE('',(#7609),#7818,.T.);
#8260=ADVANCED_FACE('',(#7610),#7819,.T.);
#8261=ADVANCED_FACE('',(#7611),#7820,.T.);
#8262=ADVANCED_FACE('',(#7612),#7821,.T.);
#8263=ADVANCED_FACE('',(#7613),#7822,.T.);
#8264=ADVANCED_FACE('',(#7614),#7823,.T.);
#8265=ADVANCED_FACE('',(#7615),#7824,.T.);
#8266=ADVANCED_FACE('',(#7616),#7825,.F.);
#8267=ADVANCED_FACE('',(#7617),#7826,.F.);
#8268=ADVANCED_FACE('',(#7618),#7827,.T.);
#8269=ADVANCED_FACE('',(#7619),#7828,.T.);
#8270=CLOSED_SHELL('',(#7829,#7830,#7831,#7832,#7833,#7834,#7835,#7836,
#7837,#7838,#7839,#7840,#7841,#7842,#7843,#7844,#7845,#7846,#7847,#7848,
#7849,#7850,#7851,#7852,#7853,#7854,#7855,#7856,#7857,#7858,#7859,#7860,
#7861,#7862,#7863,#7864,#7865,#7866,#7867,#7868,#7869,#7870,#7871,#7872,
#7873,#7874,#7875,#7876,#7877,#7878,#7879,#7880,#7881,#7882,#7883,#7884,
#7885,#7886,#7887,#7888,#7889,#7890,#7891,#7892,#7893,#7894,#7895,#7896,
#7897,#7898,#7899,#7900,#7901,#7902,#7903,#7904,#7905,#7906,#7907,#7908,
#7909,#7910,#7911,#7912,#7913,#7914,#7915,#7916,#7917,#7918,#7919,#7920,
#7921,#7922,#7923,#7924,#7925,#7926,#7927,#7928,#7929,#7930,#7931,#7932,
#7933,#7934,#7935,#7936,#7937,#7938,#7939,#7940,#7941,#7942,#7943,#7944,
#7945,#7946,#7947,#7948,#7949,#7950,#7951,#7952,#7953,#7954,#7955,#7956,
#7957,#7958,#7959,#7960,#7961,#7962,#7963,#7964,#7965,#7966,#7967,#7968,
#7969,#7970,#7971,#7972,#7973,#7974,#7975,#7976,#7977,#7978,#7979,#7980,
#7981,#7982,#7983,#7984,#7985,#7986,#7987,#7988,#7989,#7990,#7991,#7992,
#7993,#7994,#7995,#7996,#7997,#7998,#7999,#8000,#8001,#8002,#8003,#8004,
#8005,#8006,#8007,#8008,#8009,#8010,#8011,#8012,#8013,#8014,#8015,#8016,
#8017,#8018,#8019,#8020,#8021,#8022,#8023,#8024,#8025,#8026,#8027,#8028,
#8029,#8030,#8031,#8032,#8033,#8034,#8035,#8036,#8037,#8038,#8039,#8040,
#8041,#8042,#8043,#8044,#8045,#8046,#8047,#8048,#8049,#8050,#8051,#8052,
#8053,#8054,#8055,#8056,#8057,#8058,#8059,#8060,#8061,#8062,#8063,#8064,
#8065,#8066,#8067,#8068,#8069,#8070,#8071,#8072,#8073,#8074,#8075,#8076,
#8077,#8078,#8079,#8080,#8081,#8082,#8083,#8084,#8085,#8086,#8087,#8088,
#8089,#8090,#8091,#8092,#8093,#8094,#8095,#8096,#8097,#8098,#8099,#8100,
#8101,#8102,#8103,#8104,#8105,#8106,#8107,#8108,#8109,#8110,#8111,#8112,
#8113,#8114,#8115,#8116,#8117,#8118,#8119,#8120,#8121,#8122,#8123,#8124,
#8125,#8126,#8127,#8128,#8129,#8130,#8131,#8132,#8133,#8134,#8135,#8136,
#8137,#8138,#8139,#8140,#8141,#8142,#8143,#8144,#8145,#8146,#8147,#8148,
#8149,#8150,#8151,#8152,#8153,#8154,#8155,#8156,#8157,#8158,#8159,#8160,
#8161,#8162,#8163,#8164,#8165,#8166,#8167,#8168,#8169,#8170,#8171,#8172,
#8173,#8174,#8175,#8176,#8177,#8178,#8179,#8180,#8181,#8182,#8183,#8184,
#8185,#8186,#8187,#8188,#8189,#8190,#8191,#8192,#8193,#8194,#8195,#8196,
#8197,#8198,#8199,#8200,#8201,#8202,#8203,#8204,#8205,#8206,#8207,#8208,
#8209,#8210,#8211,#8212,#8213,#8214,#8215,#8216,#8217,#8218,#8219,#8220,
#8221,#8222,#8223,#8224,#8225,#8226,#8227,#8228,#8229,#8230,#8231,#8232,
#8233,#8234,#8235,#8236,#8237,#8238,#8239,#8240,#8241,#8242,#8243,#8244,
#8245,#8246,#8247,#8248,#8249,#8250,#8251,#8252,#8253,#8254,#8255,#8256,
#8257,#8258,#8259,#8260,#8261,#8262,#8263,#8264,#8265,#8266,#8267,#8268,
#8269));
#8271=STYLED_ITEM('',(#8272),#8279);
#8272=PRESENTATION_STYLE_ASSIGNMENT((#8273));
#8273=SURFACE_STYLE_USAGE(.BOTH.,#8274);
#8274=SURFACE_SIDE_STYLE('',(#8275));
#8275=SURFACE_STYLE_FILL_AREA(#8276);
#8276=FILL_AREA_STYLE('',(#8277));
#8277=FILL_AREA_STYLE_COLOUR('',#8278);
#8278=COLOUR_RGB('',0.615686274509804,0.811764705882353,0.929411764705882);
#8279=MANIFOLD_SOLID_BREP('Part 1',#8270);
#8280=SHAPE_DEFINITION_REPRESENTATION(#14578,#8281);
#8281=SHAPE_REPRESENTATION('Part 1',(#8282),#14573);
#8282=AXIS2_PLACEMENT_3D('',#10108,#8642,#8643);
#8283=AXIS2_PLACEMENT_3D('',#10109,#8644,#8645);
#8284=AXIS2_PLACEMENT_3D('',#10151,#8660,#8661);
#8285=AXIS2_PLACEMENT_3D('',#10191,#8677,#8678);
#8286=AXIS2_PLACEMENT_3D('',#10211,#8684,#8685);
#8287=AXIS2_PLACEMENT_3D('',#10251,#8699,#8700);
#8288=AXIS2_PLACEMENT_3D('',#10293,#8711,#8712);
#8289=AXIS2_PLACEMENT_3D('',#10311,#8717,#8718);
#8290=AXIS2_PLACEMENT_3D('',#10331,#8724,#8725);
#8291=AXIS2_PLACEMENT_3D('',#10335,#8727,#8728);
#8292=AXIS2_PLACEMENT_3D('',#10355,#8734,#8735);
#8293=AXIS2_PLACEMENT_3D('',#10431,#8747,#8748);
#8294=AXIS2_PLACEMENT_3D('',#10451,#8750,#8751);
#8295=AXIS2_PLACEMENT_3D('',#10457,#8752,#8753);
#8296=AXIS2_PLACEMENT_3D('',#10505,#8763,#8764);
#8297=AXIS2_PLACEMENT_3D('',#10547,#8765,#8766);
#8298=AXIS2_PLACEMENT_3D('',#10572,#8767,#8768);
#8299=AXIS2_PLACEMENT_3D('',#10579,#8769,#8770);
#8300=AXIS2_PLACEMENT_3D('',#10587,#8772,#8773);
#8301=AXIS2_PLACEMENT_3D('',#10626,#8777,#8778);
#8302=AXIS2_PLACEMENT_3D('',#10633,#8779,#8780);
#8303=AXIS2_PLACEMENT_3D('',#10641,#8782,#8783);
#8304=AXIS2_PLACEMENT_3D('',#10680,#8787,#8788);
#8305=AXIS2_PLACEMENT_3D('',#10682,#8789,#8790);
#8306=AXIS2_PLACEMENT_3D('',#10684,#8791,#8792);
#8307=AXIS2_PLACEMENT_3D('',#10686,#8793,#8794);
#8308=AXIS2_PLACEMENT_3D('',#10688,#8795,#8796);
#8309=AXIS2_PLACEMENT_3D('',#10719,#8805,#8806);
#8310=AXIS2_PLACEMENT_3D('',#10731,#8810,#8811);
#8311=AXIS2_PLACEMENT_3D('',#10786,#8813,#8814);
#8312=AXIS2_PLACEMENT_3D('',#10793,#8815,#8816);
#8313=AXIS2_PLACEMENT_3D('',#10801,#8818,#8819);
#8314=AXIS2_PLACEMENT_3D('',#10840,#8823,#8824);
#8315=AXIS2_PLACEMENT_3D('',#10847,#8825,#8826);
#8316=AXIS2_PLACEMENT_3D('',#10855,#8828,#8829);
#8317=AXIS2_PLACEMENT_3D('',#10894,#8833,#8834);
#8318=AXIS2_PLACEMENT_3D('',#10923,#8838,#8839);
#8319=AXIS2_PLACEMENT_3D('',#10925,#8840,#8841);
#8320=AXIS2_PLACEMENT_3D('',#10957,#8845,#8846);
#8321=AXIS2_PLACEMENT_3D('',#10977,#8852,#8853);
#8322=AXIS2_PLACEMENT_3D('',#11005,#8861,#8862);
#8323=AXIS2_PLACEMENT_3D('',#11045,#8872,#8873);
#8324=AXIS2_PLACEMENT_3D('',#11070,#8882,#8883);
#8325=AXIS2_PLACEMENT_3D('',#11076,#8887,#8888);
#8326=AXIS2_PLACEMENT_3D('',#11080,#8891,#8892);
#8327=AXIS2_PLACEMENT_3D('',#11084,#8895,#8896);
#8328=AXIS2_PLACEMENT_3D('',#11088,#8899,#8900);
#8329=AXIS2_PLACEMENT_3D('',#11089,#8901,#8902);
#8330=AXIS2_PLACEMENT_3D('',#11091,#8903,#8904);
#8331=AXIS2_PLACEMENT_3D('',#11093,#8905,#8906);
#8332=AXIS2_PLACEMENT_3D('',#11095,#8907,#8908);
#8333=AXIS2_PLACEMENT_3D('',#11097,#8909,#8910);
#8334=AXIS2_PLACEMENT_3D('',#11102,#8913,#8914);
#8335=AXIS2_PLACEMENT_3D('',#11104,#8916,#8917);
#8336=AXIS2_PLACEMENT_3D('',#11105,#8918,#8919);
#8337=AXIS2_PLACEMENT_3D('',#11106,#8920,#8921);
#8338=AXIS2_PLACEMENT_3D('',#11107,#8922,#8923);
#8339=AXIS2_PLACEMENT_3D('',#11108,#8924,#8925);
#8340=AXIS2_PLACEMENT_3D('',#11109,#8926,#8927);
#8341=AXIS2_PLACEMENT_3D('',#11110,#8928,#8929);
#8342=AXIS2_PLACEMENT_3D('',#11116,#8933,#8934);
#8343=AXIS2_PLACEMENT_3D('',#11120,#8937,#8938);
#8344=AXIS2_PLACEMENT_3D('',#11163,#8944,#8945);
#8345=AXIS2_PLACEMENT_3D('',#11166,#8947,#8948);
#8346=AXIS2_PLACEMENT_3D('',#11167,#8949,#8950);
#8347=AXIS2_PLACEMENT_3D('',#11171,#8953,#8954);
#8348=AXIS2_PLACEMENT_3D('',#11175,#8957,#8958);
#8349=AXIS2_PLACEMENT_3D('',#11192,#8962,#8963);
#8350=AXIS2_PLACEMENT_3D('',#11195,#8965,#8966);
#8351=AXIS2_PLACEMENT_3D('',#11233,#8969,#8970);
#8352=AXIS2_PLACEMENT_3D('',#11234,#8971,#8972);
#8353=AXIS2_PLACEMENT_3D('',#11235,#8973,#8974);
#8354=AXIS2_PLACEMENT_3D('',#11240,#8976,#8977);
#8355=AXIS2_PLACEMENT_3D('',#11277,#8981,#8982);
#8356=AXIS2_PLACEMENT_3D('',#11278,#8983,#8984);
#8357=AXIS2_PLACEMENT_3D('',#11282,#8986,#8987);
#8358=AXIS2_PLACEMENT_3D('',#11283,#8988,#8989);
#8359=AXIS2_PLACEMENT_3D('',#11289,#8993,#8994);
#8360=AXIS2_PLACEMENT_3D('',#11310,#9000,#9001);
#8361=AXIS2_PLACEMENT_3D('',#11313,#9003,#9004);
#8362=AXIS2_PLACEMENT_3D('',#11327,#9006,#9007);
#8363=AXIS2_PLACEMENT_3D('',#11370,#9013,#9014);
#8364=AXIS2_PLACEMENT_3D('',#11374,#9017,#9018);
#8365=AXIS2_PLACEMENT_3D('',#11430,#9025,#9026);
#8366=AXIS2_PLACEMENT_3D('',#11433,#9028,#9029);
#8367=AXIS2_PLACEMENT_3D('',#11434,#9030,#9031);
#8368=AXIS2_PLACEMENT_3D('',#11451,#9035,#9036);
#8369=AXIS2_PLACEMENT_3D('',#11452,#9037,#9038);
#8370=AXIS2_PLACEMENT_3D('',#11467,#9039,#9040);
#8371=AXIS2_PLACEMENT_3D('',#11734,#9059,#9060);
#8372=AXIS2_PLACEMENT_3D('',#11735,#9061,#9062);
#8373=AXIS2_PLACEMENT_3D('',#11736,#9063,#9064);
#8374=AXIS2_PLACEMENT_3D('',#11741,#9066,#9067);
#8375=AXIS2_PLACEMENT_3D('',#11778,#9071,#9072);
#8376=AXIS2_PLACEMENT_3D('',#11779,#9073,#9074);
#8377=AXIS2_PLACEMENT_3D('',#11783,#9076,#9077);
#8378=AXIS2_PLACEMENT_3D('',#11784,#9078,#9079);
#8379=AXIS2_PLACEMENT_3D('',#11790,#9083,#9084);
#8380=AXIS2_PLACEMENT_3D('',#11811,#9090,#9091);
#8381=AXIS2_PLACEMENT_3D('',#11814,#9093,#9094);
#8382=AXIS2_PLACEMENT_3D('',#11828,#9096,#9097);
#8383=AXIS2_PLACEMENT_3D('',#11871,#9103,#9104);
#8384=AXIS2_PLACEMENT_3D('',#11875,#9107,#9108);
#8385=AXIS2_PLACEMENT_3D('',#11931,#9115,#9116);
#8386=AXIS2_PLACEMENT_3D('',#11934,#9118,#9119);
#8387=AXIS2_PLACEMENT_3D('',#11935,#9120,#9121);
#8388=AXIS2_PLACEMENT_3D('',#11952,#9125,#9126);
#8389=AXIS2_PLACEMENT_3D('',#11953,#9127,#9128);
#8390=AXIS2_PLACEMENT_3D('',#11968,#9129,#9130);
#8391=AXIS2_PLACEMENT_3D('',#11969,#9131,#9132);
#8392=AXIS2_PLACEMENT_3D('',#11970,#9133,#9134);
#8393=AXIS2_PLACEMENT_3D('',#11975,#9136,#9137);
#8394=AXIS2_PLACEMENT_3D('',#12012,#9141,#9142);
#8395=AXIS2_PLACEMENT_3D('',#12013,#9143,#9144);
#8396=AXIS2_PLACEMENT_3D('',#12017,#9146,#9147);
#8397=AXIS2_PLACEMENT_3D('',#12018,#9148,#9149);
#8398=AXIS2_PLACEMENT_3D('',#12024,#9153,#9154);
#8399=AXIS2_PLACEMENT_3D('',#12045,#9160,#9161);
#8400=AXIS2_PLACEMENT_3D('',#12048,#9163,#9164);
#8401=AXIS2_PLACEMENT_3D('',#12062,#9166,#9167);
#8402=AXIS2_PLACEMENT_3D('',#12105,#9173,#9174);
#8403=AXIS2_PLACEMENT_3D('',#12109,#9177,#9178);
#8404=AXIS2_PLACEMENT_3D('',#12165,#9185,#9186);
#8405=AXIS2_PLACEMENT_3D('',#12168,#9188,#9189);
#8406=AXIS2_PLACEMENT_3D('',#12169,#9190,#9191);
#8407=AXIS2_PLACEMENT_3D('',#12186,#9195,#9196);
#8408=AXIS2_PLACEMENT_3D('',#12187,#9197,#9198);
#8409=AXIS2_PLACEMENT_3D('',#12202,#9199,#9200);
#8410=AXIS2_PLACEMENT_3D('',#12203,#9201,#9202);
#8411=AXIS2_PLACEMENT_3D('',#12212,#9207,#9208);
#8412=AXIS2_PLACEMENT_3D('',#12443,#9228,#9229);
#8413=AXIS2_PLACEMENT_3D('',#12446,#9231,#9232);
#8414=AXIS2_PLACEMENT_3D('',#12524,#9237,#9238);
#8415=AXIS2_PLACEMENT_3D('',#12525,#9239,#9240);
#8416=AXIS2_PLACEMENT_3D('',#12526,#9241,#9242);
#8417=AXIS2_PLACEMENT_3D('',#12531,#9244,#9245);
#8418=AXIS2_PLACEMENT_3D('',#12568,#9249,#9250);
#8419=AXIS2_PLACEMENT_3D('',#12569,#9251,#9252);
#8420=AXIS2_PLACEMENT_3D('',#12573,#9254,#9255);
#8421=AXIS2_PLACEMENT_3D('',#12574,#9256,#9257);
#8422=AXIS2_PLACEMENT_3D('',#12580,#9261,#9262);
#8423=AXIS2_PLACEMENT_3D('',#12601,#9268,#9269);
#8424=AXIS2_PLACEMENT_3D('',#12604,#9271,#9272);
#8425=AXIS2_PLACEMENT_3D('',#12618,#9274,#9275);
#8426=AXIS2_PLACEMENT_3D('',#12661,#9281,#9282);
#8427=AXIS2_PLACEMENT_3D('',#12665,#9285,#9286);
#8428=AXIS2_PLACEMENT_3D('',#12721,#9293,#9294);
#8429=AXIS2_PLACEMENT_3D('',#12724,#9296,#9297);
#8430=AXIS2_PLACEMENT_3D('',#12725,#9298,#9299);
#8431=AXIS2_PLACEMENT_3D('',#12742,#9303,#9304);
#8432=AXIS2_PLACEMENT_3D('',#12743,#9305,#9306);
#8433=AXIS2_PLACEMENT_3D('',#12758,#9307,#9308);
#8434=AXIS2_PLACEMENT_3D('',#12759,#9309,#9310);
#8435=AXIS2_PLACEMENT_3D('',#12768,#9315,#9316);
#8436=AXIS2_PLACEMENT_3D('',#12774,#9320,#9321);
#8437=AXIS2_PLACEMENT_3D('',#12814,#9327,#9328);
#8438=AXIS2_PLACEMENT_3D('',#12823,#9333,#9334);
#8439=AXIS2_PLACEMENT_3D('',#12863,#9340,#9341);
#8440=AXIS2_PLACEMENT_3D('',#12864,#9342,#9343);
#8441=AXIS2_PLACEMENT_3D('',#12868,#9345,#9346);
#8442=AXIS2_PLACEMENT_3D('',#12886,#9348,#9349);
#8443=AXIS2_PLACEMENT_3D('',#12892,#9353,#9354);
#8444=AXIS2_PLACEMENT_3D('',#12935,#9360,#9361);
#8445=AXIS2_PLACEMENT_3D('',#12938,#9363,#9364);
#8446=AXIS2_PLACEMENT_3D('',#12978,#9368,#9369);
#8447=AXIS2_PLACEMENT_3D('',#12981,#9372,#9373);
#8448=AXIS2_PLACEMENT_3D('',#12997,#9375,#9376);
#8449=AXIS2_PLACEMENT_3D('',#12998,#9377,#9378);
#8450=AXIS2_PLACEMENT_3D('',#12999,#9379,#9380);
#8451=AXIS2_PLACEMENT_3D('',#13005,#9384,#9385);
#8452=AXIS2_PLACEMENT_3D('',#13009,#9388,#9389);
#8453=AXIS2_PLACEMENT_3D('',#13013,#9392,#9393);
#8454=AXIS2_PLACEMENT_3D('',#13017,#9396,#9397);
#8455=AXIS2_PLACEMENT_3D('',#13019,#9399,#9400);
#8456=AXIS2_PLACEMENT_3D('',#13074,#9406,#9407);
#8457=AXIS2_PLACEMENT_3D('',#13104,#9412,#9413);
#8458=AXIS2_PLACEMENT_3D('',#13107,#9415,#9416);
#8459=AXIS2_PLACEMENT_3D('',#13121,#9418,#9419);
#8460=AXIS2_PLACEMENT_3D('',#13124,#9421,#9422);
#8461=AXIS2_PLACEMENT_3D('',#13164,#9426,#9427);
#8462=AXIS2_PLACEMENT_3D('',#13181,#9431,#9432);
#8463=AXIS2_PLACEMENT_3D('',#13184,#9434,#9435);
#8464=AXIS2_PLACEMENT_3D('',#13211,#9438,#9439);
#8465=AXIS2_PLACEMENT_3D('',#13280,#9447,#9448);
#8466=AXIS2_PLACEMENT_3D('',#13282,#9450,#9451);
#8467=AXIS2_PLACEMENT_3D('',#13283,#9452,#9453);
#8468=AXIS2_PLACEMENT_3D('',#13289,#9457,#9458);
#8469=AXIS2_PLACEMENT_3D('',#13293,#9461,#9462);
#8470=AXIS2_PLACEMENT_3D('',#13297,#9465,#9466);
#8471=AXIS2_PLACEMENT_3D('',#13301,#9469,#9470);
#8472=AXIS2_PLACEMENT_3D('',#13318,#9474,#9475);
#8473=AXIS2_PLACEMENT_3D('',#13322,#9478,#9479);
#8474=AXIS2_PLACEMENT_3D('',#13365,#9485,#9486);
#8475=AXIS2_PLACEMENT_3D('',#13369,#9489,#9490);
#8476=AXIS2_PLACEMENT_3D('',#13371,#9492,#9493);
#8477=AXIS2_PLACEMENT_3D('',#13372,#9494,#9495);
#8478=AXIS2_PLACEMENT_3D('',#13375,#9497,#9498);
#8479=AXIS2_PLACEMENT_3D('',#13378,#9500,#9501);
#8480=AXIS2_PLACEMENT_3D('',#13382,#9504,#9505);
#8481=AXIS2_PLACEMENT_3D('',#13385,#9507,#9508);
#8482=AXIS2_PLACEMENT_3D('',#13399,#9510,#9511);
#8483=AXIS2_PLACEMENT_3D('',#13403,#9514,#9515);
#8484=AXIS2_PLACEMENT_3D('',#13407,#9518,#9519);
#8485=AXIS2_PLACEMENT_3D('',#13411,#9522,#9523);
#8486=AXIS2_PLACEMENT_3D('',#13415,#9526,#9527);
#8487=AXIS2_PLACEMENT_3D('',#13430,#9530,#9531);
#8488=AXIS2_PLACEMENT_3D('',#13431,#9532,#9533);
#8489=AXIS2_PLACEMENT_3D('',#13434,#9535,#9536);
#8490=AXIS2_PLACEMENT_3D('',#13437,#9538,#9539);
#8491=AXIS2_PLACEMENT_3D('',#13441,#9542,#9543);
#8492=AXIS2_PLACEMENT_3D('',#13444,#9545,#9546);
#8493=AXIS2_PLACEMENT_3D('',#13458,#9548,#9549);
#8494=AXIS2_PLACEMENT_3D('',#13462,#9552,#9553);
#8495=AXIS2_PLACEMENT_3D('',#13466,#9556,#9557);
#8496=AXIS2_PLACEMENT_3D('',#13470,#9560,#9561);
#8497=AXIS2_PLACEMENT_3D('',#13474,#9564,#9565);
#8498=AXIS2_PLACEMENT_3D('',#13489,#9568,#9569);
#8499=AXIS2_PLACEMENT_3D('',#13490,#9570,#9571);
#8500=AXIS2_PLACEMENT_3D('',#13496,#9575,#9576);
#8501=AXIS2_PLACEMENT_3D('',#13500,#9579,#9580);
#8502=AXIS2_PLACEMENT_3D('',#13504,#9583,#9584);
#8503=AXIS2_PLACEMENT_3D('',#13508,#9587,#9588);
#8504=AXIS2_PLACEMENT_3D('',#13538,#9593,#9594);
#8505=AXIS2_PLACEMENT_3D('',#13541,#9596,#9597);
#8506=AXIS2_PLACEMENT_3D('',#13542,#9598,#9599);
#8507=AXIS2_PLACEMENT_3D('',#13546,#9602,#9603);
#8508=AXIS2_PLACEMENT_3D('',#13550,#9606,#9607);
#8509=AXIS2_PLACEMENT_3D('',#13591,#9612,#9613);
#8510=AXIS2_PLACEMENT_3D('',#13592,#9614,#9615);
#8511=AXIS2_PLACEMENT_3D('',#13598,#9619,#9620);
#8512=AXIS2_PLACEMENT_3D('',#13602,#9623,#9624);
#8513=AXIS2_PLACEMENT_3D('',#13606,#9627,#9628);
#8514=AXIS2_PLACEMENT_3D('',#13610,#9631,#9632);
#8515=AXIS2_PLACEMENT_3D('',#13614,#9635,#9636);
#8516=AXIS2_PLACEMENT_3D('',#13618,#9639,#9640);
#8517=AXIS2_PLACEMENT_3D('',#13648,#9645,#9646);
#8518=AXIS2_PLACEMENT_3D('',#13651,#9648,#9649);
#8519=AXIS2_PLACEMENT_3D('',#13652,#9650,#9651);
#8520=AXIS2_PLACEMENT_3D('',#13695,#9657,#9658);
#8521=AXIS2_PLACEMENT_3D('',#13699,#9661,#9662);
#8522=AXIS2_PLACEMENT_3D('',#13703,#9665,#9666);
#8523=AXIS2_PLACEMENT_3D('',#13707,#9669,#9670);
#8524=AXIS2_PLACEMENT_3D('',#13709,#9672,#9673);
#8525=AXIS2_PLACEMENT_3D('',#13710,#9674,#9675);
#8526=AXIS2_PLACEMENT_3D('',#13716,#9679,#9680);
#8527=AXIS2_PLACEMENT_3D('',#13720,#9683,#9684);
#8528=AXIS2_PLACEMENT_3D('',#13724,#9687,#9688);
#8529=AXIS2_PLACEMENT_3D('',#13728,#9691,#9692);
#8530=AXIS2_PLACEMENT_3D('',#13732,#9695,#9696);
#8531=AXIS2_PLACEMENT_3D('',#13734,#9698,#9699);
#8532=AXIS2_PLACEMENT_3D('',#13735,#9700,#9701);
#8533=AXIS2_PLACEMENT_3D('',#13738,#9703,#9704);
#8534=AXIS2_PLACEMENT_3D('',#13741,#9706,#9707);
#8535=AXIS2_PLACEMENT_3D('',#13745,#9710,#9711);
#8536=AXIS2_PLACEMENT_3D('',#13748,#9713,#9714);
#8537=AXIS2_PLACEMENT_3D('',#13762,#9716,#9717);
#8538=AXIS2_PLACEMENT_3D('',#13766,#9720,#9721);
#8539=AXIS2_PLACEMENT_3D('',#13770,#9724,#9725);
#8540=AXIS2_PLACEMENT_3D('',#13774,#9728,#9729);
#8541=AXIS2_PLACEMENT_3D('',#13778,#9732,#9733);
#8542=AXIS2_PLACEMENT_3D('',#13793,#9736,#9737);
#8543=AXIS2_PLACEMENT_3D('',#13794,#9738,#9739);
#8544=AXIS2_PLACEMENT_3D('',#13800,#9743,#9744);
#8545=AXIS2_PLACEMENT_3D('',#13804,#9747,#9748);
#8546=AXIS2_PLACEMENT_3D('',#13808,#9751,#9752);
#8547=AXIS2_PLACEMENT_3D('',#13812,#9755,#9756);
#8548=AXIS2_PLACEMENT_3D('',#13816,#9759,#9760);
#8549=AXIS2_PLACEMENT_3D('',#13820,#9763,#9764);
#8550=AXIS2_PLACEMENT_3D('',#13824,#9767,#9768);
#8551=AXIS2_PLACEMENT_3D('',#13828,#9771,#9772);
#8552=AXIS2_PLACEMENT_3D('',#13832,#9775,#9776);
#8553=AXIS2_PLACEMENT_3D('',#13834,#9778,#9779);
#8554=AXIS2_PLACEMENT_3D('',#13850,#9782,#9783);
#8555=AXIS2_PLACEMENT_3D('',#13854,#9786,#9787);
#8556=AXIS2_PLACEMENT_3D('',#13858,#9790,#9791);
#8557=AXIS2_PLACEMENT_3D('',#13862,#9794,#9795);
#8558=AXIS2_PLACEMENT_3D('',#13866,#9798,#9799);
#8559=AXIS2_PLACEMENT_3D('',#13896,#9804,#9805);
#8560=AXIS2_PLACEMENT_3D('',#13899,#9807,#9808);
#8561=AXIS2_PLACEMENT_3D('',#13900,#9809,#9810);
#8562=AXIS2_PLACEMENT_3D('',#13904,#9813,#9814);
#8563=AXIS2_PLACEMENT_3D('',#13908,#9817,#9818);
#8564=AXIS2_PLACEMENT_3D('',#13936,#9822,#9823);
#8565=AXIS2_PLACEMENT_3D('',#13937,#9824,#9825);
#8566=AXIS2_PLACEMENT_3D('',#13943,#9829,#9830);
#8567=AXIS2_PLACEMENT_3D('',#13947,#9833,#9834);
#8568=AXIS2_PLACEMENT_3D('',#13951,#9837,#9838);
#8569=AXIS2_PLACEMENT_3D('',#13955,#9841,#9842);
#8570=AXIS2_PLACEMENT_3D('',#13959,#9845,#9846);
#8571=AXIS2_PLACEMENT_3D('',#13963,#9849,#9850);
#8572=AXIS2_PLACEMENT_3D('',#13967,#9853,#9854);
#8573=AXIS2_PLACEMENT_3D('',#13971,#9857,#9858);
#8574=AXIS2_PLACEMENT_3D('',#13975,#9861,#9862);
#8575=AXIS2_PLACEMENT_3D('',#13977,#9864,#9865);
#8576=AXIS2_PLACEMENT_3D('',#13998,#9868,#9869);
#8577=AXIS2_PLACEMENT_3D('',#13999,#9870,#9871);
#8578=AXIS2_PLACEMENT_3D('',#14003,#9873,#9874);
#8579=AXIS2_PLACEMENT_3D('',#14055,#9878,#9879);
#8580=AXIS2_PLACEMENT_3D('',#14093,#9886,#9887);
#8581=AXIS2_PLACEMENT_3D('',#14096,#9889,#9890);
#8582=AXIS2_PLACEMENT_3D('',#14136,#9894,#9895);
#8583=AXIS2_PLACEMENT_3D('',#14179,#9901,#9902);
#8584=AXIS2_PLACEMENT_3D('',#14183,#9905,#9906);
#8585=AXIS2_PLACEMENT_3D('',#14186,#9908,#9909);
#8586=AXIS2_PLACEMENT_3D('',#14187,#9910,#9911);
#8587=AXIS2_PLACEMENT_3D('',#14190,#9913,#9914);
#8588=AXIS2_PLACEMENT_3D('',#14217,#9917,#9918);
#8589=AXIS2_PLACEMENT_3D('',#14221,#9921,#9922);
#8590=AXIS2_PLACEMENT_3D('',#14225,#9925,#9926);
#8591=AXIS2_PLACEMENT_3D('',#14267,#9930,#9931);
#8592=AXIS2_PLACEMENT_3D('',#14268,#9932,#9933);
#8593=AXIS2_PLACEMENT_3D('',#14271,#9935,#9936);
#8594=AXIS2_PLACEMENT_3D('',#14274,#9938,#9939);
#8595=AXIS2_PLACEMENT_3D('',#14278,#9942,#9943);
#8596=AXIS2_PLACEMENT_3D('',#14281,#9945,#9946);
#8597=AXIS2_PLACEMENT_3D('',#14295,#9948,#9949);
#8598=AXIS2_PLACEMENT_3D('',#14299,#9952,#9953);
#8599=AXIS2_PLACEMENT_3D('',#14303,#9956,#9957);
#8600=AXIS2_PLACEMENT_3D('',#14307,#9960,#9961);
#8601=AXIS2_PLACEMENT_3D('',#14311,#9964,#9965);
#8602=AXIS2_PLACEMENT_3D('',#14326,#9968,#9969);
#8603=AXIS2_PLACEMENT_3D('',#14327,#9970,#9971);
#8604=AXIS2_PLACEMENT_3D('',#14333,#9975,#9976);
#8605=AXIS2_PLACEMENT_3D('',#14337,#9979,#9980);
#8606=AXIS2_PLACEMENT_3D('',#14341,#9983,#9984);
#8607=AXIS2_PLACEMENT_3D('',#14345,#9987,#9988);
#8608=AXIS2_PLACEMENT_3D('',#14349,#9991,#9992);
#8609=AXIS2_PLACEMENT_3D('',#14353,#9995,#9996);
#8610=AXIS2_PLACEMENT_3D('',#14383,#10001,#10002);
#8611=AXIS2_PLACEMENT_3D('',#14386,#10004,#10005);
#8612=AXIS2_PLACEMENT_3D('',#14387,#10006,#10007);
#8613=AXIS2_PLACEMENT_3D('',#14430,#10013,#10014);
#8614=AXIS2_PLACEMENT_3D('',#14434,#10017,#10018);
#8615=AXIS2_PLACEMENT_3D('',#14438,#10021,#10022);
#8616=AXIS2_PLACEMENT_3D('',#14442,#10025,#10026);
#8617=AXIS2_PLACEMENT_3D('',#14444,#10028,#10029);
#8618=AXIS2_PLACEMENT_3D('',#14460,#10032,#10033);
#8619=AXIS2_PLACEMENT_3D('',#14464,#10036,#10037);
#8620=AXIS2_PLACEMENT_3D('',#14468,#10040,#10041);
#8621=AXIS2_PLACEMENT_3D('',#14472,#10044,#10045);
#8622=AXIS2_PLACEMENT_3D('',#14476,#10048,#10049);
#8623=AXIS2_PLACEMENT_3D('',#14506,#10054,#10055);
#8624=AXIS2_PLACEMENT_3D('',#14509,#10057,#10058);
#8625=AXIS2_PLACEMENT_3D('',#14510,#10059,#10060);
#8626=AXIS2_PLACEMENT_3D('',#14514,#10063,#10064);
#8627=AXIS2_PLACEMENT_3D('',#14518,#10067,#10068);
#8628=AXIS2_PLACEMENT_3D('',#14546,#10072,#10073);
#8629=AXIS2_PLACEMENT_3D('',#14547,#10074,#10075);
#8630=AXIS2_PLACEMENT_3D('',#14548,#10076,#10077);
#8631=AXIS2_PLACEMENT_3D('',#14549,#10078,#10079);
#8632=AXIS2_PLACEMENT_3D('',#14550,#10080,#10081);
#8633=AXIS2_PLACEMENT_3D('',#14551,#10082,#10083);
#8634=AXIS2_PLACEMENT_3D('',#14552,#10084,#10085);
#8635=AXIS2_PLACEMENT_3D('',#14553,#10086,#10087);
#8636=AXIS2_PLACEMENT_3D('',#14554,#10088,#10089);
#8637=AXIS2_PLACEMENT_3D('',#14555,#10090,#10091);
#8638=AXIS2_PLACEMENT_3D('',#14561,#10095,#10096);
#8639=AXIS2_PLACEMENT_3D('',#14565,#10099,#10100);
#8640=AXIS2_PLACEMENT_3D('',#14569,#10103,#10104);
#8641=AXIS2_PLACEMENT_3D('',#14571,#10106,#10107);
#8642=DIRECTION('',(0.,0.,1.));
#8643=DIRECTION('',(1.,0.,0.));
#8644=DIRECTION('',(0.,0.,1.));
#8645=DIRECTION('',(1.,0.,0.));
#8646=DIRECTION('',(-0.677156685810047,-0.735838856586653,0.));
#8647=DIRECTION('',(0.999992915792784,-0.00376408876709915,0.));
#8648=DIRECTION('',(-0.173167880715685,-0.984892321570454,0.));
#8649=DIRECTION('',(-1.,0.,0.));
#8650=DIRECTION('',(0.17001746739156,0.985441048861757,0.));
#8651=DIRECTION('',(0.677204471140891,0.735794879206689,0.));
#8652=DIRECTION('',(-0.999991826663512,0.00404309363880159,0.));
#8653=DIRECTION('',(0.172478389412405,0.985013302034903,0.));
#8654=DIRECTION('',(1.,0.,0.));
#8655=DIRECTION('',(-0.170477771991513,-0.985361522110951,0.));
#8656=DIRECTION('',(0.182592193842776,0.983188736076488,0.));
#8657=DIRECTION('',(0.164618393166246,0.986357331108439,0.));
#8658=DIRECTION('',(1.,0.,0.));
#8659=DIRECTION('',(-0.166945559766744,-0.985966115074026,0.));
#8660=DIRECTION('',(0.,0.,1.));
#8661=DIRECTION('',(1.,0.,0.));
#8662=DIRECTION('',(0.172988299229244,0.984923879459613,0.));
#8663=DIRECTION('',(1.,0.,0.));
#8664=DIRECTION('',(-0.171341174751248,-0.985211754819674,0.));
#8665=DIRECTION('',(-1.,0.,0.));
#8666=DIRECTION('',(-0.677156685810047,-0.735838856586653,0.));
#8667=DIRECTION('',(0.999992915792784,-0.00376408876709915,0.));
#8668=DIRECTION('',(-0.173167880715682,-0.984892321570454,0.));
#8669=DIRECTION('',(-1.,0.,0.));
#8670=DIRECTION('',(0.170017467391561,0.985441048861757,0.));
#8671=DIRECTION('',(0.67720447114089,0.73579487920669,0.));
#8672=DIRECTION('',(-0.999991826663512,0.00404309363880159,0.));
#8673=DIRECTION('',(0.172478389412405,0.985013302034903,0.));
#8674=DIRECTION('',(1.,0.,0.));
#8675=DIRECTION('',(-0.170477771991513,-0.985361522110951,0.));
#8676=DIRECTION('',(-0.128512603165058,-0.991707875751595,0.));
#8677=DIRECTION('',(0.,0.,1.));
#8678=DIRECTION('',(1.,0.,0.));
#8679=DIRECTION('',(-0.173556847063321,-0.984823852695211,0.));
#8680=DIRECTION('',(-1.,0.,0.));
#8681=DIRECTION('',(0.171341174751247,0.985211754819675,0.));
#8682=DIRECTION('',(0.999993436317512,0.0036231646243391,0.));
#8683=DIRECTION('',(-0.192909095329171,-0.981216633032319,0.));
#8684=DIRECTION('',(0.,0.,1.));
#8685=DIRECTION('',(1.,0.,0.));
#8686=DIRECTION('',(-0.171001689410031,-0.985270735492999,0.));
#8687=DIRECTION('',(1.,0.,0.));
#8688=DIRECTION('',(-0.171396390071089,-0.985202150561294,0.));
#8689=DIRECTION('',(-1.,0.,0.));
#8690=DIRECTION('',(0.171067015891402,0.985259395323897,0.));
#8691=DIRECTION('',(1.,0.,0.));
#8692=DIRECTION('',(1.,0.,0.));
#8693=DIRECTION('',(-0.173987891125015,-0.984747791945669,0.));
#8694=DIRECTION('',(1.,0.,0.));
#8695=DIRECTION('',(-0.172596881252809,-0.984992546460025,0.));
#8696=DIRECTION('',(-1.,0.,0.));
#8697=DIRECTION('',(-0.167041104273933,-0.985949932543709,0.));
#8698=DIRECTION('',(-0.0894945123898865,-0.995987315306825,0.));
#8699=DIRECTION('',(0.,0.,1.));
#8700=DIRECTION('',(1.,0.,0.));
#8701=DIRECTION('',(0.160362397565314,0.987058205703749,0.));
#8702=DIRECTION('',(-1.,0.,0.));
#8703=DIRECTION('',(0.172596881252814,0.984992546460024,0.));
#8704=DIRECTION('',(1.,0.,0.));
#8705=DIRECTION('',(0.170541433705751,0.985350505855448,0.));
#8706=DIRECTION('',(0.999993388495321,0.00363633959452864,0.));
#8707=DIRECTION('',(-0.184288535050184,-0.982872186934322,0.));
#8708=DIRECTION('',(-0.163357140397328,-0.986566999590605,0.));
#8709=DIRECTION('',(-1.,0.,0.));
#8710=DIRECTION('',(0.165361894459526,0.986232956182644,0.));
#8711=DIRECTION('',(0.,0.,1.));
#8712=DIRECTION('',(1.,0.,0.));
#8713=DIRECTION('',(-0.174020574168421,-0.98474201685827,0.));
#8714=DIRECTION('',(-1.,0.,0.));
#8715=DIRECTION('',(0.171058311784379,0.985260906546828,0.));
#8716=DIRECTION('',(-0.128512603165058,-0.991707875751595,0.));
#8717=DIRECTION('',(0.,0.,1.));
#8718=DIRECTION('',(1.,0.,0.));
#8719=DIRECTION('',(-0.173556847063322,-0.984823852695211,0.));
#8720=DIRECTION('',(-1.,0.,0.));
#8721=DIRECTION('',(0.171341174751248,0.985211754819674,0.));
#8722=DIRECTION('',(0.999993436317511,0.00362316462433901,0.));
#8723=DIRECTION('',(-0.192909095329169,-0.981216633032319,0.));
#8724=DIRECTION('',(0.,0.,1.));
#8725=DIRECTION('',(1.,0.,0.));
#8726=DIRECTION('',(-0.128512603165057,-0.991707875751595,0.));
#8727=DIRECTION('',(0.,0.,1.));
#8728=DIRECTION('',(1.,0.,0.));
#8729=DIRECTION('',(-0.173556847063322,-0.984823852695211,0.));
#8730=DIRECTION('',(-1.,0.,0.));
#8731=DIRECTION('',(0.171341174751247,0.985211754819674,0.));
#8732=DIRECTION('',(0.999993436317512,0.00362316462433772,0.));
#8733=DIRECTION('',(-0.192909095329169,-0.98121663303232,0.));
#8734=DIRECTION('',(0.,0.,1.));
#8735=DIRECTION('',(1.,0.,0.));
#8736=DIRECTION('',(0.115794863113952,-0.993273149579924,0.));
#8737=DIRECTION('',(0.418700453162287,0.908124402558204,0.));
#8738=DIRECTION('',(1.,0.,0.));
#8739=DIRECTION('',(-0.453252848324141,-0.89138199190137,0.));
#8740=DIRECTION('',(0.0956295798005464,0.995416989742073,0.));
#8741=DIRECTION('',(0.998792837062468,-0.0491209591997788,0.));
#8742=DIRECTION('',(0.47439144030308,0.880314012933549,0.));
#8743=DIRECTION('',(-0.163631203988458,0.98652158064651,0.));
#8744=DIRECTION('',(1.,0.,0.));
#8745=DIRECTION('',(-0.969334087965202,0.245746670188366,0.));
#8746=DIRECTION('',(-0.999994122500798,0.00342855127714456,0.));
#8747=DIRECTION('',(0.,0.,1.));
#8748=DIRECTION('',(1.,0.,0.));
#8749=DIRECTION('',(0.975818293508832,-0.218583297745986,0.));
#8750=DIRECTION('',(0.,0.,1.));
#8751=DIRECTION('',(1.,0.,0.));
#8752=DIRECTION('',(0.,0.,1.));
#8753=DIRECTION('',(1.,0.,0.));
#8754=DIRECTION('',(0.99997393525517,-0.00722002841339256,0.));
#8755=DIRECTION('',(-0.151473445038669,-0.988461327239522,0.));
#8756=DIRECTION('',(-0.221099814994365,-0.975251183956963,0.));
#8757=DIRECTION('',(-1.,0.,0.));
#8758=DIRECTION('',(0.156021484328424,0.987753661814501,0.));
#8759=DIRECTION('',(1.,0.,0.));
#8760=DIRECTION('',(-1.,0.,0.));
#8761=DIRECTION('',(0.171067015891402,0.985259395323897,0.));
#8762=DIRECTION('',(0.999997765160869,-0.00211416018004349,0.));
#8763=DIRECTION('',(0.,0.,1.));
#8764=DIRECTION('',(1.,0.,0.));
#8765=DIRECTION('',(0.,0.,1.));
#8766=DIRECTION('',(1.,0.,0.));
#8767=DIRECTION('',(0.,0.,1.));
#8768=DIRECTION('',(1.,0.,0.));
#8769=DIRECTION('',(0.,0.,1.));
#8770=DIRECTION('',(1.,0.,0.));
#8771=DIRECTION('',(0.0718140984736951,0.997418034356914,0.));
#8772=DIRECTION('',(0.,0.,1.));
#8773=DIRECTION('',(1.,0.,0.));
#8774=DIRECTION('',(-0.129118383625458,-0.991629186243501,0.));
#8775=DIRECTION('',(-1.,0.,0.));
#8776=DIRECTION('',(0.628481937225999,-0.777824179735148,0.));
#8777=DIRECTION('',(0.,0.,1.));
#8778=DIRECTION('',(1.,0.,0.));
#8779=DIRECTION('',(0.,0.,1.));
#8780=DIRECTION('',(1.,0.,0.));
#8781=DIRECTION('',(0.0718140984736944,0.997418034356914,0.));
#8782=DIRECTION('',(0.,0.,1.));
#8783=DIRECTION('',(1.,0.,0.));
#8784=DIRECTION('',(-0.129118383625458,-0.991629186243502,0.));
#8785=DIRECTION('',(-1.,0.,0.));
#8786=DIRECTION('',(0.628481937225999,-0.777824179735148,0.));
#8787=DIRECTION('',(0.,0.,1.));
#8788=DIRECTION('',(1.,0.,0.));
#8789=DIRECTION('',(0.,0.,1.));
#8790=DIRECTION('',(1.,0.,0.));
#8791=DIRECTION('',(0.,0.,1.));
#8792=DIRECTION('',(1.,0.,0.));
#8793=DIRECTION('',(0.,0.,1.));
#8794=DIRECTION('',(1.,0.,0.));
#8795=DIRECTION('',(0.,0.,1.));
#8796=DIRECTION('',(1.,0.,0.));
#8797=DIRECTION('',(1.,0.,0.));
#8798=DIRECTION('',(0.,1.,0.));
#8799=DIRECTION('',(0.298442830202029,-0.954427512753589,0.));
#8800=DIRECTION('',(8.18265790555098E-17,-1.,0.));
#8801=DIRECTION('',(1.,0.,0.));
#8802=DIRECTION('',(1.07746799750112E-16,-1.,0.));
#8803=DIRECTION('',(1.,0.,0.));
#8804=DIRECTION('',(-0.168553420946313,-0.985692520153874,0.));
#8805=DIRECTION('',(0.,0.,1.));
#8806=DIRECTION('',(1.,0.,0.));
#8807=DIRECTION('',(0.167113639414209,0.985937640787559,0.));
#8808=DIRECTION('',(1.,0.,0.));
#8809=DIRECTION('',(-0.167270340799423,-0.985911067535427,0.));
#8810=DIRECTION('',(0.,0.,1.));
#8811=DIRECTION('',(1.,0.,0.));
#8812=DIRECTION('',(0.168389812809359,0.985720483170574,0.));
#8813=DIRECTION('',(0.,0.,1.));
#8814=DIRECTION('',(1.,0.,0.));
#8815=DIRECTION('',(0.,0.,1.));
#8816=DIRECTION('',(1.,0.,0.));
#8817=DIRECTION('',(0.0718140984736899,0.997418034356915,0.));
#8818=DIRECTION('',(0.,0.,1.));
#8819=DIRECTION('',(1.,0.,0.));
#8820=DIRECTION('',(-0.129118383625456,-0.991629186243502,0.));
#8821=DIRECTION('',(-1.,0.,0.));
#8822=DIRECTION('',(0.628481937226,-0.777824179735147,0.));
#8823=DIRECTION('',(0.,0.,1.));
#8824=DIRECTION('',(1.,0.,0.));
#8825=DIRECTION('',(0.,0.,1.));
#8826=DIRECTION('',(1.,0.,0.));
#8827=DIRECTION('',(0.0718140984737061,0.997418034356913,0.));
#8828=DIRECTION('',(0.,0.,1.));
#8829=DIRECTION('',(1.,0.,0.));
#8830=DIRECTION('',(-0.129118383625456,-0.991629186243502,0.));
#8831=DIRECTION('',(-1.,0.,0.));
#8832=DIRECTION('',(0.628481937226001,-0.777824179735146,0.));
#8833=DIRECTION('',(0.,0.,1.));
#8834=DIRECTION('',(1.,0.,0.));
#8835=DIRECTION('',(0.333421446825047,0.942777884125997,0.));
#8836=DIRECTION('',(0.999993124393848,-0.00370825633273389,0.));
#8837=DIRECTION('',(-0.166993796127166,-0.985957946392765,0.));
#8838=DIRECTION('',(0.,0.,1.));
#8839=DIRECTION('',(1.,0.,0.));
#8840=DIRECTION('',(0.,0.,1.));
#8841=DIRECTION('',(1.,0.,0.));
#8842=DIRECTION('',(0.632058322376559,0.774920819900027,0.));
#8843=DIRECTION('',(0.239157810650825,0.970980711242352,0.));
#8844=DIRECTION('',(-0.128512603165056,-0.991707875751595,0.));
#8845=DIRECTION('',(0.,0.,1.));
#8846=DIRECTION('',(1.,0.,0.));
#8847=DIRECTION('',(-0.173556847063322,-0.984823852695211,0.));
#8848=DIRECTION('',(-1.,0.,0.));
#8849=DIRECTION('',(0.171341174751247,0.985211754819675,0.));
#8850=DIRECTION('',(0.999993436317512,0.00362316462433841,0.));
#8851=DIRECTION('',(-0.192909095329167,-0.98121663303232,0.));
#8852=DIRECTION('',(0.,0.,1.));
#8853=DIRECTION('',(1.,0.,0.));
#8854=DIRECTION('',(1.,0.,0.));
#8855=DIRECTION('',(-0.173987891125015,-0.984747791945669,0.));
#8856=DIRECTION('',(1.,0.,0.));
#8857=DIRECTION('',(-0.172596881252813,-0.984992546460024,0.));
#8858=DIRECTION('',(-1.,0.,0.));
#8859=DIRECTION('',(-0.167041104273934,-0.985949932543709,0.));
#8860=DIRECTION('',(-0.0894945123898879,-0.995987315306825,0.));
#8861=DIRECTION('',(0.,0.,1.));
#8862=DIRECTION('',(1.,0.,0.));
#8863=DIRECTION('',(0.160362397565315,0.987058205703749,0.));
#8864=DIRECTION('',(-1.,0.,0.));
#8865=DIRECTION('',(0.172596881252814,0.984992546460024,0.));
#8866=DIRECTION('',(1.,0.,0.));
#8867=DIRECTION('',(0.170541433705751,0.985350505855448,0.));
#8868=DIRECTION('',(-0.191484650403752,-0.981495608069518,0.));
#8869=DIRECTION('',(-0.164774258412822,-0.986331305274503,0.));
#8870=DIRECTION('',(-1.,0.,0.));
#8871=DIRECTION('',(0.16536998789547,0.986231599120335,0.));
#8872=DIRECTION('',(0.,0.,1.));
#8873=DIRECTION('',(1.,0.,0.));
#8874=DIRECTION('',(-0.17394877331601,-0.984754702584281,0.));
#8875=DIRECTION('',(-1.,0.,0.));
#8876=DIRECTION('',(0.170786723535938,0.985308020399641,0.));
#8877=DIRECTION('',(1.,0.,0.));
#8878=DIRECTION('',(0.,-1.,0.));
#8879=DIRECTION('',(1.,0.,0.));
#8880=DIRECTION('',(0.,-1.,0.));
#8881=DIRECTION('',(1.,0.,0.));
#8882=DIRECTION('',(1.,8.18265790555098E-17,0.));
#8883=DIRECTION('',(-8.18265790555098E-17,1.,0.));
#8884=DIRECTION('',(0.,0.,1.));
#8885=DIRECTION('',(8.18265790555098E-17,-1.,0.));
#8886=DIRECTION('',(0.,0.,-1.));
#8887=DIRECTION('',(0.,1.,0.));
#8888=DIRECTION('',(0.,0.,1.));
#8889=DIRECTION('',(1.,0.,0.));
#8890=DIRECTION('',(0.,0.,-1.));
#8891=DIRECTION('',(1.,1.07746799750112E-16,0.));
#8892=DIRECTION('',(-1.07746799750112E-16,1.,0.));
#8893=DIRECTION('',(1.07746799750112E-16,-1.,0.));
#8894=DIRECTION('',(0.,0.,-1.));
#8895=DIRECTION('',(0.,1.,0.));
#8896=DIRECTION('',(0.,0.,1.));
#8897=DIRECTION('',(1.,0.,0.));
#8898=DIRECTION('',(0.,0.,-1.));
#8899=DIRECTION('',(0.,0.,1.));
#8900=DIRECTION('',(1.,0.,0.));
#8901=DIRECTION('',(0.,0.,1.));
#8902=DIRECTION('',(1.,0.,0.));
#8903=DIRECTION('',(0.,0.,1.));
#8904=DIRECTION('',(1.,0.,0.));
#8905=DIRECTION('',(0.,0.,1.));
#8906=DIRECTION('',(1.,0.,0.));
#8907=DIRECTION('',(0.,0.,1.));
#8908=DIRECTION('',(1.,0.,0.));
#8909=DIRECTION('',(0.,0.,1.));
#8910=DIRECTION('',(1.,0.,0.));
#8911=DIRECTION('',(0.,1.,0.));
#8912=DIRECTION('',(0.298442830202029,-0.954427512753589,0.));
#8913=DIRECTION('',(0.954427512753589,0.298442830202029,0.));
#8914=DIRECTION('',(-0.298442830202029,0.954427512753589,0.));
#8915=DIRECTION('',(0.,0.,-1.));
#8916=DIRECTION('',(-1.,0.,0.));
#8917=DIRECTION('',(0.,0.,1.));
#8918=DIRECTION('',(0.,0.,1.));
#8919=DIRECTION('',(1.,0.,0.));
#8920=DIRECTION('',(0.,0.,1.));
#8921=DIRECTION('',(1.,0.,0.));
#8922=DIRECTION('',(0.,0.,1.));
#8923=DIRECTION('',(1.,0.,0.));
#8924=DIRECTION('',(0.,0.,1.));
#8925=DIRECTION('',(1.,0.,0.));
#8926=DIRECTION('',(0.,0.,1.));
#8927=DIRECTION('',(1.,0.,0.));
#8928=DIRECTION('',(-0.985692520153874,0.168553420946313,0.));
#8929=DIRECTION('',(-0.168553420946313,-0.985692520153874,0.));
#8930=DIRECTION('',(0.,0.,1.));
#8931=DIRECTION('',(-0.168553420946313,-0.985692520153874,0.));
#8932=DIRECTION('',(0.,0.,1.));
#8933=DIRECTION('',(0.,-1.,0.));
#8934=DIRECTION('',(0.,0.,-1.));
#8935=DIRECTION('',(0.,0.,1.));
#8936=DIRECTION('',(1.,0.,0.));
#8937=DIRECTION('',(0.985720483170574,-0.168389812809359,0.));
#8938=DIRECTION('',(0.168389812809359,0.985720483170574,0.));
#8939=DIRECTION('',(0.,0.,1.));
#8940=DIRECTION('',(0.168389812809359,0.985720483170574,0.));
#8941=DIRECTION('',(0.,0.,1.));
#8942=DIRECTION('',(0.,0.,1.));
#8943=DIRECTION('',(0.,0.,1.));
#8944=DIRECTION('',(0.,0.,1.));
#8945=DIRECTION('',(-0.99997980237221,0.00635569411124243,0.));
#8946=DIRECTION('',(0.,0.,1.));
#8947=DIRECTION('',(0.,0.,1.));
#8948=DIRECTION('',(1.,0.,0.));
#8949=DIRECTION('',(-0.985911067535427,0.167270340799423,0.));
#8950=DIRECTION('',(-0.167270340799423,-0.985911067535427,0.));
#8951=DIRECTION('',(0.,0.,1.));
#8952=DIRECTION('',(-0.167270340799423,-0.985911067535427,0.));
#8953=DIRECTION('',(0.,-1.,0.));
#8954=DIRECTION('',(0.,0.,-1.));
#8955=DIRECTION('',(0.,0.,1.));
#8956=DIRECTION('',(1.,0.,0.));
#8957=DIRECTION('',(0.985937640787559,-0.167113639414209,0.));
#8958=DIRECTION('',(0.167113639414209,0.985937640787559,0.));
#8959=DIRECTION('',(0.,0.,1.));
#8960=DIRECTION('',(0.167113639414209,0.985937640787559,0.));
#8961=DIRECTION('',(0.,0.,1.));
#8962=DIRECTION('',(0.,0.,1.));
#8963=DIRECTION('',(-0.736320148512869,-0.676633311989579,0.));
#8964=DIRECTION('',(0.,0.,1.));
#8965=DIRECTION('',(0.,0.,1.));
#8966=DIRECTION('',(1.,0.,0.));
#8967=DIRECTION('',(0.,0.,1.));
#8968=DIRECTION('',(0.,0.,1.));
#8969=DIRECTION('',(0.,0.,1.));
#8970=DIRECTION('',(1.,0.,0.));
#8971=DIRECTION('',(0.,0.,1.));
#8972=DIRECTION('',(-0.333268271551039,0.942832041870334,0.));
#8973=DIRECTION('',(0.,0.,1.));
#8974=DIRECTION('',(1.,0.,0.));
#8975=DIRECTION('',(0.,0.,1.));
#8976=DIRECTION('',(0.,0.,1.));
#8977=DIRECTION('',(1.,0.,0.));
#8978=DIRECTION('',(0.,0.,1.));
#8979=DIRECTION('',(0.,0.,1.));
#8980=DIRECTION('',(0.,0.,1.));
#8981=DIRECTION('',(0.,0.,1.));
#8982=DIRECTION('',(0.999950804560124,-0.00991909570282279,0.));
#8983=DIRECTION('',(0.,0.,1.));
#8984=DIRECTION('',(1.,0.,0.));
#8985=DIRECTION('',(0.,0.,1.));
#8986=DIRECTION('',(0.,0.,1.));
#8987=DIRECTION('',(1.,0.,0.));
#8988=DIRECTION('',(0.976744343171881,-0.214407294842624,0.));
#8989=DIRECTION('',(0.214407294842624,0.976744343171881,0.));
#8990=DIRECTION('',(0.214407294842624,0.976744343171881,0.));
#8991=DIRECTION('',(0.,0.,1.));
#8992=DIRECTION('',(0.214407294842624,0.976744343171881,0.));
#8993=DIRECTION('',(0.,-1.,0.));
#8994=DIRECTION('',(0.,0.,-1.));
#8995=DIRECTION('',(1.,0.,0.));
#8996=DIRECTION('',(0.,0.,1.));
#8997=DIRECTION('',(1.,0.,0.));
#8998=DIRECTION('',(0.,0.,1.));
#8999=DIRECTION('',(0.,0.,1.));
#9000=DIRECTION('',(0.,0.,1.));
#9001=DIRECTION('',(0.198643545778599,-0.980071804369713,0.));
#9002=DIRECTION('',(0.,0.,1.));
#9003=DIRECTION('',(0.,0.,1.));
#9004=DIRECTION('',(1.,0.,0.));
#9005=DIRECTION('',(0.,0.,1.));
#9006=DIRECTION('',(-0.777824179735148,-0.628481937225999,0.));
#9007=DIRECTION('',(0.628481937225999,-0.777824179735148,0.));
#9008=DIRECTION('',(0.,0.,1.));
#9009=DIRECTION('',(0.628481937225999,-0.777824179735148,0.));
#9010=DIRECTION('',(0.,0.,1.));
#9011=DIRECTION('',(0.,0.,1.));
#9012=DIRECTION('',(0.,0.,1.));
#9013=DIRECTION('',(0.,1.,0.));
#9014=DIRECTION('',(0.,0.,1.));
#9015=DIRECTION('',(0.,0.,1.));
#9016=DIRECTION('',(-1.,0.,0.));
#9017=DIRECTION('',(-0.991629186243501,0.129118383625458,0.));
#9018=DIRECTION('',(-0.129118383625458,-0.991629186243501,0.));
#9019=DIRECTION('',(0.,0.,1.));
#9020=DIRECTION('',(-0.129118383625458,-0.991629186243502,0.));
#9021=DIRECTION('',(0.,0.,1.));
#9022=DIRECTION('',(0.,0.,1.));
#9023=DIRECTION('',(0.,0.,1.));
#9024=DIRECTION('',(0.,0.,1.));
#9025=DIRECTION('',(0.,0.,1.));
#9026=DIRECTION('',(-0.952695771624592,0.303925594066414,0.));
#9027=DIRECTION('',(0.,0.,1.));
#9028=DIRECTION('',(0.,0.,1.));
#9029=DIRECTION('',(1.,0.,0.));
#9030=DIRECTION('',(0.997418034356914,-0.0718140984736944,0.));
#9031=DIRECTION('',(0.0718140984736944,0.997418034356914,0.));
#9032=DIRECTION('',(0.,0.,1.));
#9033=DIRECTION('',(0.0718140984736944,0.997418034356914,0.));
#9034=DIRECTION('',(0.,0.,1.));
#9035=DIRECTION('',(0.,0.,1.));
#9036=DIRECTION('',(-0.753961340163851,-0.656918790672279,0.));
#9037=DIRECTION('',(0.,0.,1.));
#9038=DIRECTION('',(1.,0.,0.));
#9039=DIRECTION('',(0.,0.,1.));
#9040=DIRECTION('',(1.,0.,0.));
#9041=DIRECTION('',(0.,0.,1.));
#9042=DIRECTION('',(0.,0.,1.));
#9043=DIRECTION('',(0.,0.,1.));
#9044=DIRECTION('',(0.,0.,1.));
#9045=DIRECTION('',(0.,0.,1.));
#9046=DIRECTION('',(0.,0.,1.));
#9047=DIRECTION('',(0.,0.,1.));
#9048=DIRECTION('',(0.,0.,1.));
#9049=DIRECTION('',(0.,0.,1.));
#9050=DIRECTION('',(0.,0.,1.));
#9051=DIRECTION('',(0.,0.,1.));
#9052=DIRECTION('',(0.,0.,1.));
#9053=DIRECTION('',(0.,0.,1.));
#9054=DIRECTION('',(0.,0.,1.));
#9055=DIRECTION('',(0.,0.,1.));
#9056=DIRECTION('',(0.,0.,1.));
#9057=DIRECTION('',(0.,0.,1.));
#9058=DIRECTION('',(0.,0.,1.));
#9059=DIRECTION('',(0.,0.,1.));
#9060=DIRECTION('',(1.,0.,0.));
#9061=DIRECTION('',(0.,0.,1.));
#9062=DIRECTION('',(-0.333268271551072,0.942832041870322,0.));
#9063=DIRECTION('',(0.,0.,1.));
#9064=DIRECTION('',(1.,0.,0.));
#9065=DIRECTION('',(0.,0.,1.));
#9066=DIRECTION('',(0.,0.,1.));
#9067=DIRECTION('',(1.,0.,0.));
#9068=DIRECTION('',(0.,0.,1.));
#9069=DIRECTION('',(0.,0.,1.));
#9070=DIRECTION('',(0.,0.,1.));
#9071=DIRECTION('',(0.,0.,1.));
#9072=DIRECTION('',(0.999950804560123,-0.00991909570287872,0.));
#9073=DIRECTION('',(0.,0.,1.));
#9074=DIRECTION('',(1.,0.,0.));
#9075=DIRECTION('',(0.,0.,1.));
#9076=DIRECTION('',(0.,0.,1.));
#9077=DIRECTION('',(1.,0.,0.));
#9078=DIRECTION('',(0.976744343171883,-0.214407294842612,0.));
#9079=DIRECTION('',(0.214407294842612,0.976744343171883,0.));
#9080=DIRECTION('',(0.214407294842612,0.976744343171883,0.));
#9081=DIRECTION('',(0.,0.,1.));
#9082=DIRECTION('',(0.214407294842612,0.976744343171883,0.));
#9083=DIRECTION('',(0.,-1.,0.));
#9084=DIRECTION('',(0.,0.,-1.));
#9085=DIRECTION('',(1.,0.,0.));
#9086=DIRECTION('',(0.,0.,1.));
#9087=DIRECTION('',(1.,0.,0.));
#9088=DIRECTION('',(0.,0.,1.));
#9089=DIRECTION('',(0.,0.,1.));
#9090=DIRECTION('',(0.,0.,1.));
#9091=DIRECTION('',(0.19864354577861,-0.980071804369711,0.));
#9092=DIRECTION('',(0.,0.,1.));
#9093=DIRECTION('',(0.,0.,1.));
#9094=DIRECTION('',(1.,0.,0.));
#9095=DIRECTION('',(0.,0.,1.));
#9096=DIRECTION('',(-0.777824179735148,-0.628481937225999,0.));
#9097=DIRECTION('',(0.628481937225999,-0.777824179735148,0.));
#9098=DIRECTION('',(0.,0.,1.));
#9099=DIRECTION('',(0.628481937225999,-0.777824179735148,0.));
#9100=DIRECTION('',(0.,0.,1.));
#9101=DIRECTION('',(0.,0.,1.));
#9102=DIRECTION('',(0.,0.,1.));
#9103=DIRECTION('',(0.,1.,0.));
#9104=DIRECTION('',(0.,0.,1.));
#9105=DIRECTION('',(0.,0.,1.));
#9106=DIRECTION('',(-1.,0.,0.));
#9107=DIRECTION('',(-0.991629186243501,0.129118383625458,0.));
#9108=DIRECTION('',(-0.129118383625458,-0.991629186243501,0.));
#9109=DIRECTION('',(0.,0.,1.));
#9110=DIRECTION('',(-0.129118383625458,-0.991629186243501,0.));
#9111=DIRECTION('',(0.,0.,1.));
#9112=DIRECTION('',(0.,0.,1.));
#9113=DIRECTION('',(0.,0.,1.));
#9114=DIRECTION('',(0.,0.,1.));
#9115=DIRECTION('',(0.,0.,1.));
#9116=DIRECTION('',(-0.952695771624589,0.303925594066425,0.));
#9117=DIRECTION('',(0.,0.,1.));
#9118=DIRECTION('',(0.,0.,1.));
#9119=DIRECTION('',(1.,0.,0.));
#9120=DIRECTION('',(0.997418034356914,-0.0718140984736951,0.));
#9121=DIRECTION('',(0.0718140984736951,0.997418034356914,0.));
#9122=DIRECTION('',(0.,0.,1.));
#9123=DIRECTION('',(0.0718140984736951,0.997418034356914,0.));
#9124=DIRECTION('',(0.,0.,1.));
#9125=DIRECTION('',(0.,0.,1.));
#9126=DIRECTION('',(-0.753961340163847,-0.656918790672284,0.));
#9127=DIRECTION('',(0.,0.,1.));
#9128=DIRECTION('',(1.,0.,0.));
#9129=DIRECTION('',(0.,0.,1.));
#9130=DIRECTION('',(1.,0.,0.));
#9131=DIRECTION('',(0.,0.,1.));
#9132=DIRECTION('',(-0.333268271551019,0.942832041870341,0.));
#9133=DIRECTION('',(0.,0.,1.));
#9134=DIRECTION('',(1.,0.,0.));
#9135=DIRECTION('',(0.,0.,1.));
#9136=DIRECTION('',(0.,0.,1.));
#9137=DIRECTION('',(1.,0.,0.));
#9138=DIRECTION('',(0.,0.,1.));
#9139=DIRECTION('',(0.,0.,1.));
#9140=DIRECTION('',(0.,0.,1.));
#9141=DIRECTION('',(0.,0.,1.));
#9142=DIRECTION('',(0.999950804560123,-0.00991909570286078,0.));
#9143=DIRECTION('',(0.,0.,1.));
#9144=DIRECTION('',(1.,0.,0.));
#9145=DIRECTION('',(0.,0.,1.));
#9146=DIRECTION('',(0.,0.,1.));
#9147=DIRECTION('',(1.,0.,0.));
#9148=DIRECTION('',(0.976744343171884,-0.214407294842609,0.));
#9149=DIRECTION('',(0.214407294842609,0.976744343171884,0.));
#9150=DIRECTION('',(0.214407294842609,0.976744343171884,0.));
#9151=DIRECTION('',(0.,0.,1.));
#9152=DIRECTION('',(0.214407294842609,0.976744343171884,0.));
#9153=DIRECTION('',(0.,-1.,0.));
#9154=DIRECTION('',(0.,0.,-1.));
#9155=DIRECTION('',(1.,0.,0.));
#9156=DIRECTION('',(0.,0.,1.));
#9157=DIRECTION('',(1.,0.,0.));
#9158=DIRECTION('',(0.,0.,1.));
#9159=DIRECTION('',(0.,0.,1.));
#9160=DIRECTION('',(0.,0.,1.));
#9161=DIRECTION('',(0.198643545778606,-0.980071804369712,0.));
#9162=DIRECTION('',(0.,0.,1.));
#9163=DIRECTION('',(0.,0.,1.));
#9164=DIRECTION('',(1.,0.,0.));
#9165=DIRECTION('',(0.,0.,1.));
#9166=DIRECTION('',(-0.777824179735147,-0.628481937226,0.));
#9167=DIRECTION('',(0.628481937226,-0.777824179735147,0.));
#9168=DIRECTION('',(0.,0.,1.));
#9169=DIRECTION('',(0.628481937226,-0.777824179735147,0.));
#9170=DIRECTION('',(0.,0.,1.));
#9171=DIRECTION('',(0.,0.,1.));
#9172=DIRECTION('',(0.,0.,1.));
#9173=DIRECTION('',(0.,1.,0.));
#9174=DIRECTION('',(0.,0.,1.));
#9175=DIRECTION('',(0.,0.,1.));
#9176=DIRECTION('',(-1.,0.,0.));
#9177=DIRECTION('',(-0.991629186243502,0.129118383625456,0.));
#9178=DIRECTION('',(-0.129118383625456,-0.991629186243502,0.));
#9179=DIRECTION('',(0.,0.,1.));
#9180=DIRECTION('',(-0.129118383625456,-0.991629186243502,0.));
#9181=DIRECTION('',(0.,0.,1.));
#9182=DIRECTION('',(0.,0.,1.));
#9183=DIRECTION('',(0.,0.,1.));
#9184=DIRECTION('',(0.,0.,1.));
#9185=DIRECTION('',(0.,0.,1.));
#9186=DIRECTION('',(-0.952695771624579,0.303925594066456,0.));
#9187=DIRECTION('',(0.,0.,1.));
#9188=DIRECTION('',(0.,0.,1.));
#9189=DIRECTION('',(1.,0.,0.));
#9190=DIRECTION('',(0.997418034356915,-0.0718140984736899,0.));
#9191=DIRECTION('',(0.0718140984736899,0.997418034356915,0.));
#9192=DIRECTION('',(0.,0.,1.));
#9193=DIRECTION('',(0.0718140984736899,0.997418034356915,0.));
#9194=DIRECTION('',(0.,0.,1.));
#9195=DIRECTION('',(0.,0.,1.));
#9196=DIRECTION('',(-0.753961340163905,-0.656918790672217,0.));
#9197=DIRECTION('',(0.,0.,1.));
#9198=DIRECTION('',(1.,0.,0.));
#9199=DIRECTION('',(0.,0.,1.));
#9200=DIRECTION('',(1.,0.,0.));
#9201=DIRECTION('',(0.996475993449119,-0.0838784506270301,0.));
#9202=DIRECTION('',(0.0838784506270302,0.996475993449119,0.));
#9203=DIRECTION('',(0.0838784506270301,0.996475993449119,0.));
#9204=DIRECTION('',(0.,0.,1.));
#9205=DIRECTION('',(0.0838784506270301,0.996475993449119,0.));
#9206=DIRECTION('',(0.,0.,1.));
#9207=DIRECTION('',(0.991633098703589,-0.129088332375617,0.));
#9208=DIRECTION('',(0.129088332375617,0.991633098703589,0.));
#9209=DIRECTION('',(0.129088332375617,0.991633098703589,0.));
#9210=DIRECTION('',(0.,0.,1.));
#9211=DIRECTION('',(0.129088332375617,0.991633098703589,0.));
#9212=DIRECTION('',(0.,0.,1.));
#9213=DIRECTION('',(0.,0.,1.));
#9214=DIRECTION('',(0.,0.,1.));
#9215=DIRECTION('',(0.,0.,1.));
#9216=DIRECTION('',(0.,0.,1.));
#9217=DIRECTION('',(0.,0.,1.));
#9218=DIRECTION('',(0.,0.,1.));
#9219=DIRECTION('',(0.,0.,1.));
#9220=DIRECTION('',(0.,0.,1.));
#9221=DIRECTION('',(0.,0.,1.));
#9222=DIRECTION('',(0.,0.,1.));
#9223=DIRECTION('',(0.,0.,1.));
#9224=DIRECTION('',(0.,0.,1.));
#9225=DIRECTION('',(0.,0.,1.));
#9226=DIRECTION('',(0.,0.,1.));
#9227=DIRECTION('',(0.,0.,1.));
#9228=DIRECTION('',(0.,0.,1.));
#9229=DIRECTION('',(-0.22176168271276,0.975100895333609,0.));
#9230=DIRECTION('',(0.,0.,1.));
#9231=DIRECTION('',(0.,0.,1.));
#9232=DIRECTION('',(1.,0.,0.));
#9233=DIRECTION('',(0.,0.,1.));
#9234=DIRECTION('',(0.,0.,1.));
#9235=DIRECTION('',(0.,0.,1.));
#9236=DIRECTION('',(0.,0.,1.));
#9237=DIRECTION('',(0.,0.,1.));
#9238=DIRECTION('',(1.,0.,0.));
#9239=DIRECTION('',(0.,0.,1.));
#9240=DIRECTION('',(-0.333268271551142,0.942832041870298,0.));
#9241=DIRECTION('',(0.,0.,1.));
#9242=DIRECTION('',(1.,0.,0.));
#9243=DIRECTION('',(0.,0.,1.));
#9244=DIRECTION('',(0.,0.,1.));
#9245=DIRECTION('',(1.,0.,0.));
#9246=DIRECTION('',(0.,0.,1.));
#9247=DIRECTION('',(0.,0.,1.));
#9248=DIRECTION('',(0.,0.,1.));
#9249=DIRECTION('',(0.,0.,1.));
#9250=DIRECTION('',(0.999950804560123,-0.00991909570288468,0.));
#9251=DIRECTION('',(0.,0.,1.));
#9252=DIRECTION('',(1.,0.,0.));
#9253=DIRECTION('',(0.,0.,1.));
#9254=DIRECTION('',(0.,0.,1.));
#9255=DIRECTION('',(1.,0.,0.));
#9256=DIRECTION('',(0.976744343171884,-0.21440729484261,0.));
#9257=DIRECTION('',(0.21440729484261,0.976744343171884,0.));
#9258=DIRECTION('',(0.21440729484261,0.976744343171884,0.));
#9259=DIRECTION('',(0.,0.,1.));
#9260=DIRECTION('',(0.21440729484261,0.976744343171884,0.));
#9261=DIRECTION('',(0.,-1.,0.));
#9262=DIRECTION('',(0.,0.,-1.));
#9263=DIRECTION('',(1.,0.,0.));
#9264=DIRECTION('',(0.,0.,1.));
#9265=DIRECTION('',(1.,0.,0.));
#9266=DIRECTION('',(0.,0.,1.));
#9267=DIRECTION('',(0.,0.,1.));
#9268=DIRECTION('',(0.,0.,1.));
#9269=DIRECTION('',(0.198643545778589,-0.980071804369715,0.));
#9270=DIRECTION('',(0.,0.,1.));
#9271=DIRECTION('',(0.,0.,1.));
#9272=DIRECTION('',(1.,0.,0.));
#9273=DIRECTION('',(0.,0.,1.));
#9274=DIRECTION('',(-0.777824179735146,-0.628481937226001,0.));
#9275=DIRECTION('',(0.628481937226001,-0.777824179735146,0.));
#9276=DIRECTION('',(0.,0.,1.));
#9277=DIRECTION('',(0.628481937226001,-0.777824179735146,0.));
#9278=DIRECTION('',(0.,0.,1.));
#9279=DIRECTION('',(0.,0.,1.));
#9280=DIRECTION('',(0.,0.,1.));
#9281=DIRECTION('',(0.,1.,0.));
#9282=DIRECTION('',(0.,0.,1.));
#9283=DIRECTION('',(0.,0.,1.));
#9284=DIRECTION('',(-1.,0.,0.));
#9285=DIRECTION('',(-0.991629186243502,0.129118383625456,0.));
#9286=DIRECTION('',(-0.129118383625456,-0.991629186243502,0.));
#9287=DIRECTION('',(0.,0.,1.));
#9288=DIRECTION('',(-0.129118383625456,-0.991629186243502,0.));
#9289=DIRECTION('',(0.,0.,1.));
#9290=DIRECTION('',(0.,0.,1.));
#9291=DIRECTION('',(0.,0.,1.));
#9292=DIRECTION('',(0.,0.,1.));
#9293=DIRECTION('',(0.,0.,1.));
#9294=DIRECTION('',(-0.952695771624579,0.303925594066457,0.));
#9295=DIRECTION('',(0.,0.,1.));
#9296=DIRECTION('',(0.,0.,1.));
#9297=DIRECTION('',(1.,0.,0.));
#9298=DIRECTION('',(0.997418034356913,-0.0718140984737061,0.));
#9299=DIRECTION('',(0.0718140984737061,0.997418034356913,0.));
#9300=DIRECTION('',(0.,0.,1.));
#9301=DIRECTION('',(0.0718140984737061,0.997418034356913,0.));
#9302=DIRECTION('',(0.,0.,1.));
#9303=DIRECTION('',(0.,0.,1.));
#9304=DIRECTION('',(-0.753961340163859,-0.65691879067227,0.));
#9305=DIRECTION('',(0.,0.,1.));
#9306=DIRECTION('',(1.,0.,0.));
#9307=DIRECTION('',(0.,0.,1.));
#9308=DIRECTION('',(1.,0.,0.));
#9309=DIRECTION('',(-0.00964585348237828,-0.999953477673135,0.));
#9310=DIRECTION('',(0.999953477673135,-0.00964585348237828,0.));
#9311=DIRECTION('',(0.999953477673135,-0.00964585348237828,0.));
#9312=DIRECTION('',(0.,0.,1.));
#9313=DIRECTION('',(0.999953477673135,-0.00964585348237828,0.));
#9314=DIRECTION('',(0.,0.,1.));
#9315=DIRECTION('',(-0.985136014279124,0.171776114085288,0.));
#9316=DIRECTION('',(-0.171776114085288,-0.985136014279124,0.));
#9317=DIRECTION('',(-0.171776114085288,-0.985136014279124,0.));
#9318=DIRECTION('',(0.,0.,1.));
#9319=DIRECTION('',(-0.171776114085288,-0.985136014279124,0.));
#9320=DIRECTION('',(0.00444440054934581,0.999990123603107,0.));
#9321=DIRECTION('',(-0.999990123603107,0.00444440054934581,0.));
#9322=DIRECTION('',(-0.999990123603107,0.00444440054934581,0.));
#9323=DIRECTION('',(0.,0.,1.));
#9324=DIRECTION('',(-0.999990123603107,0.00444440054934581,0.));
#9325=DIRECTION('',(0.,0.,1.));
#9326=DIRECTION('',(0.,0.,1.));
#9327=DIRECTION('',(-0.985016843906638,0.1724581607817,0.));
#9328=DIRECTION('',(-0.1724581607817,-0.985016843906638,0.));
#9329=DIRECTION('',(-0.1724581607817,-0.985016843906638,0.));
#9330=DIRECTION('',(0.,0.,1.));
#9331=DIRECTION('',(-0.1724581607817,-0.985016843906638,0.));
#9332=DIRECTION('',(0.,0.,1.));
#9333=DIRECTION('',(0.00347622465091528,0.999993957912835,0.));
#9334=DIRECTION('',(-0.999993957912835,0.00347622465091528,0.));
#9335=DIRECTION('',(-0.999993957912835,0.00347622465091528,0.));
#9336=DIRECTION('',(0.,0.,1.));
#9337=DIRECTION('',(-0.999993957912835,0.00347622465091528,0.));
#9338=DIRECTION('',(0.,0.,1.));
#9339=DIRECTION('',(0.,0.,1.));
#9340=DIRECTION('',(0.,0.,1.));
#9341=DIRECTION('',(0.856020973859377,-0.516941091724041,0.));
#9342=DIRECTION('',(0.,0.,1.));
#9343=DIRECTION('',(1.,0.,0.));
#9344=DIRECTION('',(0.,0.,1.));
#9345=DIRECTION('',(0.,0.,1.));
#9346=DIRECTION('',(1.,0.,0.));
#9347=DIRECTION('',(0.,0.,1.));
#9348=DIRECTION('',(0.985259395323897,-0.171067015891402,0.));
#9349=DIRECTION('',(0.171067015891402,0.985259395323897,0.));
#9350=DIRECTION('',(0.,0.,1.));
#9351=DIRECTION('',(0.171067015891402,0.985259395323897,0.));
#9352=DIRECTION('',(0.,0.,1.));
#9353=DIRECTION('',(0.,1.,0.));
#9354=DIRECTION('',(0.,0.,1.));
#9355=DIRECTION('',(0.,0.,1.));
#9356=DIRECTION('',(-1.,0.,0.));
#9357=DIRECTION('',(0.,0.,1.));
#9358=DIRECTION('',(0.,0.,1.));
#9359=DIRECTION('',(0.,0.,1.));
#9360=DIRECTION('',(0.,0.,1.));
#9361=DIRECTION('',(0.63865361381008,0.769494354473979,0.));
#9362=DIRECTION('',(0.,0.,1.));
#9363=DIRECTION('',(0.,0.,1.));
#9364=DIRECTION('',(1.,0.,0.));
#9365=DIRECTION('',(0.,0.,1.));
#9366=DIRECTION('',(0.,0.,1.));
#9367=DIRECTION('',(0.,0.,1.));
#9368=DIRECTION('',(-0.00416085163780626,-0.999991343619358,0.));
#9369=DIRECTION('',(0.999991343619358,-0.00416085163780626,0.));
#9370=DIRECTION('',(0.999991343619358,-0.00416085163780626,0.));
#9371=DIRECTION('',(0.999991343619358,-0.00416085163780626,0.));
#9372=DIRECTION('',(-0.00211416018004349,-0.999997765160869,0.));
#9373=DIRECTION('',(0.999997765160869,-0.00211416018004349,0.));
#9374=DIRECTION('',(0.999997765160869,-0.00211416018004349,0.));
#9375=DIRECTION('',(0.,0.,1.));
#9376=DIRECTION('',(1.,0.,0.));
#9377=DIRECTION('',(0.,0.,1.));
#9378=DIRECTION('',(1.,0.,0.));
#9379=DIRECTION('',(-0.975251183956963,0.221099814994365,0.));
#9380=DIRECTION('',(-0.221099814994365,-0.975251183956963,0.));
#9381=DIRECTION('',(0.,0.,1.));
#9382=DIRECTION('',(-0.221099814994365,-0.975251183956963,0.));
#9383=DIRECTION('',(0.,0.,1.));
#9384=DIRECTION('',(-0.988461327239522,0.151473445038669,0.));
#9385=DIRECTION('',(-0.151473445038669,-0.988461327239522,0.));
#9386=DIRECTION('',(0.,0.,1.));
#9387=DIRECTION('',(-0.151473445038669,-0.988461327239522,0.));
#9388=DIRECTION('',(0.,-1.,0.));
#9389=DIRECTION('',(0.,0.,-1.));
#9390=DIRECTION('',(0.,0.,1.));
#9391=DIRECTION('',(1.,0.,0.));
#9392=DIRECTION('',(0.987753661814501,-0.156021484328424,0.));
#9393=DIRECTION('',(0.156021484328424,0.987753661814501,0.));
#9394=DIRECTION('',(0.,0.,1.));
#9395=DIRECTION('',(0.156021484328424,0.987753661814501,0.));
#9396=DIRECTION('',(0.,1.,0.));
#9397=DIRECTION('',(0.,0.,1.));
#9398=DIRECTION('',(-1.,0.,0.));
#9399=DIRECTION('',(0.,0.,1.));
#9400=DIRECTION('',(1.,0.,0.));
#9401=DIRECTION('',(0.,0.,1.));
#9402=DIRECTION('',(0.,0.,1.));
#9403=DIRECTION('',(0.,0.,1.));
#9404=DIRECTION('',(0.,0.,1.));
#9405=DIRECTION('',(0.,0.,1.));
#9406=DIRECTION('',(-0.00722002841339256,-0.999973935255169,0.));
#9407=DIRECTION('',(0.99997393525517,-0.00722002841339256,0.));
#9408=DIRECTION('',(0.,0.,1.));
#9409=DIRECTION('',(0.99997393525517,-0.00722002841339256,0.));
#9410=DIRECTION('',(0.,0.,1.));
#9411=DIRECTION('',(0.,0.,1.));
#9412=DIRECTION('',(0.,0.,1.));
#9413=DIRECTION('',(0.167270185914444,-0.985911093813305,0.));
#9414=DIRECTION('',(0.,0.,1.));
#9415=DIRECTION('',(0.,0.,1.));
#9416=DIRECTION('',(1.,0.,0.));
#9417=DIRECTION('',(0.,0.,1.));
#9418=DIRECTION('',(0.,0.,1.));
#9419=DIRECTION('',(0.937505178130364,-0.347971322063693,0.));
#9420=DIRECTION('',(0.,0.,1.));
#9421=DIRECTION('',(0.,0.,1.));
#9422=DIRECTION('',(1.,0.,0.));
#9423=DIRECTION('',(0.,0.,1.));
#9424=DIRECTION('',(0.,0.,1.));
#9425=DIRECTION('',(0.,0.,1.));
#9426=DIRECTION('',(-0.218583297745986,-0.975818293508832,0.));
#9427=DIRECTION('',(0.975818293508832,-0.218583297745986,0.));
#9428=DIRECTION('',(0.,0.,1.));
#9429=DIRECTION('',(0.975818293508832,-0.218583297745986,0.));
#9430=DIRECTION('',(0.,0.,1.));
#9431=DIRECTION('',(0.,0.,1.));
#9432=DIRECTION('',(-0.832976030190341,0.553309075588264,0.));
#9433=DIRECTION('',(0.,0.,1.));
#9434=DIRECTION('',(0.,0.,1.));
#9435=DIRECTION('',(1.,0.,0.));
#9436=DIRECTION('',(0.,0.,1.));
#9437=DIRECTION('',(0.,0.,1.));
#9438=DIRECTION('',(0.00342855127714456,0.999994122500797,0.));
#9439=DIRECTION('',(-0.999994122500798,0.00342855127714456,0.));
#9440=DIRECTION('',(0.,0.,1.));
#9441=DIRECTION('',(-0.999994122500798,0.00342855127714456,0.));
#9442=DIRECTION('',(0.,0.,1.));
#9443=DIRECTION('',(0.,0.,1.));
#9444=DIRECTION('',(0.,0.,1.));
#9445=DIRECTION('',(0.,0.,1.));
#9446=DIRECTION('',(0.,0.,1.));
#9447=DIRECTION('',(0.245746670188366,0.969334087965202,0.));
#9448=DIRECTION('',(-0.969334087965202,0.245746670188366,0.));
#9449=DIRECTION('',(-0.969334087965202,0.245746670188366,0.));
#9450=DIRECTION('',(0.,0.,1.));
#9451=DIRECTION('',(1.,0.,0.));
#9452=DIRECTION('',(0.908124402558204,-0.418700453162287,0.));
#9453=DIRECTION('',(0.418700453162287,0.908124402558204,0.));
#9454=DIRECTION('',(0.,0.,1.));
#9455=DIRECTION('',(0.418700453162287,0.908124402558204,0.));
#9456=DIRECTION('',(0.,0.,1.));
#9457=DIRECTION('',(-0.993273149579924,-0.115794863113952,0.));
#9458=DIRECTION('',(0.115794863113952,-0.993273149579924,0.));
#9459=DIRECTION('',(0.,0.,1.));
#9460=DIRECTION('',(0.115794863113952,-0.993273149579924,0.));
#9461=DIRECTION('',(0.,-1.,0.));
#9462=DIRECTION('',(0.,0.,-1.));
#9463=DIRECTION('',(0.,0.,1.));
#9464=DIRECTION('',(1.,0.,0.));
#9465=DIRECTION('',(0.98652158064651,0.163631203988458,0.));
#9466=DIRECTION('',(-0.163631203988458,0.98652158064651,0.));
#9467=DIRECTION('',(0.,0.,1.));
#9468=DIRECTION('',(-0.163631203988458,0.98652158064651,0.));
#9469=DIRECTION('',(0.880314012933549,-0.47439144030308,0.));
#9470=DIRECTION('',(0.47439144030308,0.880314012933549,0.));
#9471=DIRECTION('',(0.,0.,1.));
#9472=DIRECTION('',(0.47439144030308,0.880314012933549,0.));
#9473=DIRECTION('',(0.,0.,1.));
#9474=DIRECTION('',(-0.0491209591997788,-0.998792837062468,0.));
#9475=DIRECTION('',(0.998792837062468,-0.0491209591997788,0.));
#9476=DIRECTION('',(0.,0.,1.));
#9477=DIRECTION('',(0.998792837062468,-0.0491209591997788,0.));
#9478=DIRECTION('',(0.995416989742073,-0.0956295798005464,0.));
#9479=DIRECTION('',(0.0956295798005464,0.995416989742073,0.));
#9480=DIRECTION('',(0.,0.,1.));
#9481=DIRECTION('',(0.0956295798005464,0.995416989742073,0.));
#9482=DIRECTION('',(0.,0.,1.));
#9483=DIRECTION('',(0.,0.,1.));
#9484=DIRECTION('',(0.,0.,1.));
#9485=DIRECTION('',(-0.89138199190137,0.453252848324141,0.));
#9486=DIRECTION('',(-0.453252848324141,-0.89138199190137,0.));
#9487=DIRECTION('',(0.,0.,1.));
#9488=DIRECTION('',(-0.453252848324141,-0.89138199190137,0.));
#9489=DIRECTION('',(0.,-1.,0.));
#9490=DIRECTION('',(0.,0.,-1.));
#9491=DIRECTION('',(1.,0.,0.));
#9492=DIRECTION('',(0.,0.,1.));
#9493=DIRECTION('',(1.,0.,0.));
#9494=DIRECTION('',(0.,0.,1.));
#9495=DIRECTION('',(0.100983134369301,0.994888137718483,0.));
#9496=DIRECTION('',(0.,0.,1.));
#9497=DIRECTION('',(0.,0.,1.));
#9498=DIRECTION('',(1.,0.,0.));
#9499=DIRECTION('',(0.,0.,1.));
#9500=DIRECTION('',(-0.991707875751595,0.128512603165057,0.));
#9501=DIRECTION('',(-0.128512603165057,-0.991707875751595,0.));
#9502=DIRECTION('',(0.,0.,1.));
#9503=DIRECTION('',(-0.128512603165057,-0.991707875751595,0.));
#9504=DIRECTION('',(0.,0.,1.));
#9505=DIRECTION('',(0.135711110898076,0.990748451615651,0.));
#9506=DIRECTION('',(0.,0.,1.));
#9507=DIRECTION('',(0.,0.,1.));
#9508=DIRECTION('',(1.,0.,0.));
#9509=DIRECTION('',(0.,0.,1.));
#9510=DIRECTION('',(-0.98121663303232,0.192909095329169,0.));
#9511=DIRECTION('',(-0.192909095329169,-0.98121663303232,0.));
#9512=DIRECTION('',(0.,0.,1.));
#9513=DIRECTION('',(-0.192909095329169,-0.98121663303232,0.));
#9514=DIRECTION('',(0.00362316462433772,-0.999993436317511,0.));
#9515=DIRECTION('',(0.999993436317511,0.00362316462433772,0.));
#9516=DIRECTION('',(0.,0.,1.));
#9517=DIRECTION('',(0.999993436317512,0.00362316462433772,0.));
#9518=DIRECTION('',(0.985211754819675,-0.171341174751247,0.));
#9519=DIRECTION('',(0.171341174751247,0.985211754819675,0.));
#9520=DIRECTION('',(0.,0.,1.));
#9521=DIRECTION('',(0.171341174751247,0.985211754819674,0.));
#9522=DIRECTION('',(0.,1.,0.));
#9523=DIRECTION('',(0.,0.,1.));
#9524=DIRECTION('',(0.,0.,1.));
#9525=DIRECTION('',(-1.,0.,0.));
#9526=DIRECTION('',(-0.984823852695211,0.173556847063322,0.));
#9527=DIRECTION('',(-0.173556847063322,-0.984823852695211,0.));
#9528=DIRECTION('',(0.,0.,1.));
#9529=DIRECTION('',(-0.173556847063322,-0.984823852695211,0.));
#9530=DIRECTION('',(0.,0.,1.));
#9531=DIRECTION('',(1.,0.,0.));
#9532=DIRECTION('',(0.,0.,1.));
#9533=DIRECTION('',(0.100983134369597,0.994888137718453,0.));
#9534=DIRECTION('',(0.,0.,1.));
#9535=DIRECTION('',(0.,0.,1.));
#9536=DIRECTION('',(1.,0.,0.));
#9537=DIRECTION('',(0.,0.,1.));
#9538=DIRECTION('',(-0.991707875751595,0.128512603165058,0.));
#9539=DIRECTION('',(-0.128512603165058,-0.991707875751595,0.));
#9540=DIRECTION('',(0.,0.,1.));
#9541=DIRECTION('',(-0.128512603165058,-0.991707875751595,0.));
#9542=DIRECTION('',(0.,0.,1.));
#9543=DIRECTION('',(0.135711110897331,0.990748451615753,0.));
#9544=DIRECTION('',(0.,0.,1.));
#9545=DIRECTION('',(0.,0.,1.));
#9546=DIRECTION('',(1.,0.,0.));
#9547=DIRECTION('',(0.,0.,1.));
#9548=DIRECTION('',(-0.981216633032319,0.192909095329169,0.));
#9549=DIRECTION('',(-0.192909095329169,-0.98121663303232,0.));
#9550=DIRECTION('',(0.,0.,1.));
#9551=DIRECTION('',(-0.192909095329169,-0.981216633032319,0.));
#9552=DIRECTION('',(0.00362316462433901,-0.999993436317512,0.));
#9553=DIRECTION('',(0.999993436317511,0.00362316462433901,0.));
#9554=DIRECTION('',(0.,0.,1.));
#9555=DIRECTION('',(0.999993436317511,0.00362316462433901,0.));
#9556=DIRECTION('',(0.985211754819675,-0.171341174751248,0.));
#9557=DIRECTION('',(0.171341174751248,0.985211754819675,0.));
#9558=DIRECTION('',(0.,0.,1.));
#9559=DIRECTION('',(0.171341174751248,0.985211754819674,0.));
#9560=DIRECTION('',(0.,1.,0.));
#9561=DIRECTION('',(0.,0.,1.));
#9562=DIRECTION('',(0.,0.,1.));
#9563=DIRECTION('',(-1.,0.,0.));
#9564=DIRECTION('',(-0.984823852695211,0.173556847063322,0.));
#9565=DIRECTION('',(-0.173556847063322,-0.984823852695211,0.));
#9566=DIRECTION('',(0.,0.,1.));
#9567=DIRECTION('',(-0.173556847063322,-0.984823852695211,0.));
#9568=DIRECTION('',(0.,0.,1.));
#9569=DIRECTION('',(1.,0.,0.));
#9570=DIRECTION('',(-0.982872186934322,0.184288535050184,0.));
#9571=DIRECTION('',(-0.184288535050184,-0.982872186934322,0.));
#9572=DIRECTION('',(0.,0.,1.));
#9573=DIRECTION('',(-0.184288535050184,-0.982872186934322,0.));
#9574=DIRECTION('',(0.,0.,1.));
#9575=DIRECTION('',(0.00363633959452864,-0.999993388495321,0.));
#9576=DIRECTION('',(0.999993388495321,0.00363633959452864,0.));
#9577=DIRECTION('',(0.,0.,1.));
#9578=DIRECTION('',(0.999993388495321,0.00363633959452864,0.));
#9579=DIRECTION('',(0.985260906546828,-0.171058311784379,0.));
#9580=DIRECTION('',(0.171058311784379,0.985260906546828,0.));
#9581=DIRECTION('',(0.,0.,1.));
#9582=DIRECTION('',(0.171058311784379,0.985260906546828,0.));
#9583=DIRECTION('',(0.,1.,0.));
#9584=DIRECTION('',(0.,0.,1.));
#9585=DIRECTION('',(0.,0.,1.));
#9586=DIRECTION('',(-1.,0.,0.));
#9587=DIRECTION('',(-0.98474201685827,0.174020574168421,0.));
#9588=DIRECTION('',(-0.174020574168421,-0.98474201685827,0.));
#9589=DIRECTION('',(0.,0.,1.));
#9590=DIRECTION('',(-0.174020574168421,-0.98474201685827,0.));
#9591=DIRECTION('',(0.,0.,1.));
#9592=DIRECTION('',(0.,0.,1.));
#9593=DIRECTION('',(0.,0.,1.));
#9594=DIRECTION('',(0.999612655641405,-0.0278305350566041,0.));
#9595=DIRECTION('',(0.,0.,1.));
#9596=DIRECTION('',(0.,0.,1.));
#9597=DIRECTION('',(1.,0.,0.));
#9598=DIRECTION('',(0.986232956182644,-0.165361894459526,0.));
#9599=DIRECTION('',(0.165361894459526,0.986232956182644,0.));
#9600=DIRECTION('',(0.,0.,1.));
#9601=DIRECTION('',(0.165361894459526,0.986232956182644,0.));
#9602=DIRECTION('',(0.,1.,0.));
#9603=DIRECTION('',(0.,0.,1.));
#9604=DIRECTION('',(0.,0.,1.));
#9605=DIRECTION('',(-1.,0.,0.));
#9606=DIRECTION('',(-0.986566999590604,0.163357140397328,0.));
#9607=DIRECTION('',(-0.163357140397328,-0.986566999590604,0.));
#9608=DIRECTION('',(0.,0.,1.));
#9609=DIRECTION('',(-0.163357140397328,-0.986566999590605,0.));
#9610=DIRECTION('',(0.,0.,1.));
#9611=DIRECTION('',(0.,0.,1.));
#9612=DIRECTION('',(0.,0.,1.));
#9613=DIRECTION('',(1.,0.,0.));
#9614=DIRECTION('',(-0.984747791945669,0.173987891125015,0.));
#9615=DIRECTION('',(-0.173987891125015,-0.984747791945669,0.));
#9616=DIRECTION('',(0.,0.,1.));
#9617=DIRECTION('',(-0.173987891125015,-0.984747791945669,0.));
#9618=DIRECTION('',(0.,0.,1.));
#9619=DIRECTION('',(0.,-1.,0.));
#9620=DIRECTION('',(0.,0.,-1.));
#9621=DIRECTION('',(0.,0.,1.));
#9622=DIRECTION('',(1.,0.,0.));
#9623=DIRECTION('',(0.985350505855448,-0.170541433705751,0.));
#9624=DIRECTION('',(0.170541433705751,0.985350505855448,0.));
#9625=DIRECTION('',(0.,0.,1.));
#9626=DIRECTION('',(0.170541433705751,0.985350505855448,0.));
#9627=DIRECTION('',(0.,-1.,0.));
#9628=DIRECTION('',(0.,0.,-1.));
#9629=DIRECTION('',(0.,0.,1.));
#9630=DIRECTION('',(1.,0.,0.));
#9631=DIRECTION('',(0.984992546460024,-0.172596881252814,0.));
#9632=DIRECTION('',(0.172596881252814,0.984992546460024,0.));
#9633=DIRECTION('',(0.,0.,1.));
#9634=DIRECTION('',(0.172596881252814,0.984992546460024,0.));
#9635=DIRECTION('',(0.,1.,0.));
#9636=DIRECTION('',(0.,0.,1.));
#9637=DIRECTION('',(0.,0.,1.));
#9638=DIRECTION('',(-1.,0.,0.));
#9639=DIRECTION('',(0.987058205703749,-0.160362397565314,0.));
#9640=DIRECTION('',(0.160362397565314,0.987058205703749,0.));
#9641=DIRECTION('',(0.,0.,1.));
#9642=DIRECTION('',(0.160362397565314,0.987058205703749,0.));
#9643=DIRECTION('',(0.,0.,1.));
#9644=DIRECTION('',(0.,0.,1.));
#9645=DIRECTION('',(0.,0.,1.));
#9646=DIRECTION('',(0.143345374716262,-0.989672725474161,0.));
#9647=DIRECTION('',(0.,0.,1.));
#9648=DIRECTION('',(0.,0.,1.));
#9649=DIRECTION('',(1.,0.,0.));
#9650=DIRECTION('',(-0.995987315306825,0.0894945123898865,0.));
#9651=DIRECTION('',(-0.0894945123898865,-0.995987315306825,0.));
#9652=DIRECTION('',(0.,0.,1.));
#9653=DIRECTION('',(-0.0894945123898865,-0.995987315306825,0.));
#9654=DIRECTION('',(0.,0.,1.));
#9655=DIRECTION('',(0.,0.,1.));
#9656=DIRECTION('',(0.,0.,1.));
#9657=DIRECTION('',(-0.985949932543709,0.167041104273933,0.));
#9658=DIRECTION('',(-0.167041104273933,-0.985949932543709,0.));
#9659=DIRECTION('',(0.,0.,1.));
#9660=DIRECTION('',(-0.167041104273933,-0.985949932543709,0.));
#9661=DIRECTION('',(0.,1.,0.));
#9662=DIRECTION('',(0.,0.,1.));
#9663=DIRECTION('',(0.,0.,1.));
#9664=DIRECTION('',(-1.,0.,0.));
#9665=DIRECTION('',(-0.984992546460025,0.172596881252809,0.));
#9666=DIRECTION('',(-0.172596881252809,-0.984992546460025,0.));
#9667=DIRECTION('',(0.,0.,1.));
#9668=DIRECTION('',(-0.172596881252809,-0.984992546460025,0.));
#9669=DIRECTION('',(0.,-1.,0.));
#9670=DIRECTION('',(0.,0.,-1.));
#9671=DIRECTION('',(1.,0.,0.));
#9672=DIRECTION('',(0.,0.,1.));
#9673=DIRECTION('',(1.,0.,0.));
#9674=DIRECTION('',(0.,-1.,0.));
#9675=DIRECTION('',(0.,0.,-1.));
#9676=DIRECTION('',(0.,0.,1.));
#9677=DIRECTION('',(1.,0.,0.));
#9678=DIRECTION('',(0.,0.,1.));
#9679=DIRECTION('',(-0.985270735492999,0.171001689410031,0.));
#9680=DIRECTION('',(-0.171001689410031,-0.985270735492999,0.));
#9681=DIRECTION('',(0.,0.,1.));
#9682=DIRECTION('',(-0.171001689410031,-0.985270735492999,0.));
#9683=DIRECTION('',(0.,-1.,0.));
#9684=DIRECTION('',(0.,0.,-1.));
#9685=DIRECTION('',(0.,0.,1.));
#9686=DIRECTION('',(1.,0.,0.));
#9687=DIRECTION('',(0.985259395323897,-0.171067015891402,0.));
#9688=DIRECTION('',(0.171067015891402,0.985259395323897,0.));
#9689=DIRECTION('',(0.,0.,1.));
#9690=DIRECTION('',(0.171067015891402,0.985259395323897,0.));
#9691=DIRECTION('',(0.,1.,0.));
#9692=DIRECTION('',(0.,0.,1.));
#9693=DIRECTION('',(0.,0.,1.));
#9694=DIRECTION('',(-1.,0.,0.));
#9695=DIRECTION('',(-0.985202150561294,0.171396390071089,0.));
#9696=DIRECTION('',(-0.171396390071089,-0.985202150561294,0.));
#9697=DIRECTION('',(-0.171396390071089,-0.985202150561294,0.));
#9698=DIRECTION('',(0.,0.,1.));
#9699=DIRECTION('',(1.,0.,0.));
#9700=DIRECTION('',(0.,0.,1.));
#9701=DIRECTION('',(0.100983134369341,0.994888137718479,0.));
#9702=DIRECTION('',(0.,0.,1.));
#9703=DIRECTION('',(0.,0.,1.));
#9704=DIRECTION('',(1.,0.,0.));
#9705=DIRECTION('',(0.,0.,1.));
#9706=DIRECTION('',(-0.991707875751595,0.128512603165058,0.));
#9707=DIRECTION('',(-0.128512603165058,-0.991707875751595,0.));
#9708=DIRECTION('',(0.,0.,1.));
#9709=DIRECTION('',(-0.128512603165058,-0.991707875751595,0.));
#9710=DIRECTION('',(0.,0.,1.));
#9711=DIRECTION('',(0.135711110897385,0.990748451615746,0.));
#9712=DIRECTION('',(0.,0.,1.));
#9713=DIRECTION('',(0.,0.,1.));
#9714=DIRECTION('',(1.,0.,0.));
#9715=DIRECTION('',(0.,0.,1.));
#9716=DIRECTION('',(-0.981216633032319,0.192909095329171,0.));
#9717=DIRECTION('',(-0.192909095329171,-0.981216633032319,0.));
#9718=DIRECTION('',(0.,0.,1.));
#9719=DIRECTION('',(-0.192909095329171,-0.981216633032319,0.));
#9720=DIRECTION('',(0.0036231646243391,-0.999993436317511,0.));
#9721=DIRECTION('',(0.999993436317511,0.0036231646243391,0.));
#9722=DIRECTION('',(0.,0.,1.));
#9723=DIRECTION('',(0.999993436317512,0.0036231646243391,0.));
#9724=DIRECTION('',(0.985211754819675,-0.171341174751247,0.));
#9725=DIRECTION('',(0.171341174751247,0.985211754819675,0.));
#9726=DIRECTION('',(0.,0.,1.));
#9727=DIRECTION('',(0.171341174751247,0.985211754819675,0.));
#9728=DIRECTION('',(0.,1.,0.));
#9729=DIRECTION('',(0.,0.,1.));
#9730=DIRECTION('',(0.,0.,1.));
#9731=DIRECTION('',(-1.,0.,0.));
#9732=DIRECTION('',(-0.984823852695211,0.173556847063321,0.));
#9733=DIRECTION('',(-0.173556847063321,-0.984823852695211,0.));
#9734=DIRECTION('',(0.,0.,1.));
#9735=DIRECTION('',(-0.173556847063321,-0.984823852695211,0.));
#9736=DIRECTION('',(0.,0.,1.));
#9737=DIRECTION('',(1.,0.,0.));
#9738=DIRECTION('',(-0.00376408876709915,-0.999992915792784,0.));
#9739=DIRECTION('',(0.999992915792784,-0.00376408876709915,0.));
#9740=DIRECTION('',(0.,0.,1.));
#9741=DIRECTION('',(0.999992915792784,-0.00376408876709915,0.));
#9742=DIRECTION('',(0.,0.,1.));
#9743=DIRECTION('',(-0.735838856586653,0.677156685810047,0.));
#9744=DIRECTION('',(-0.677156685810047,-0.735838856586653,0.));
#9745=DIRECTION('',(0.,0.,1.));
#9746=DIRECTION('',(-0.677156685810047,-0.735838856586653,0.));
#9747=DIRECTION('',(-0.985361522110951,0.170477771991513,0.));
#9748=DIRECTION('',(-0.170477771991513,-0.985361522110951,0.));
#9749=DIRECTION('',(0.,0.,1.));
#9750=DIRECTION('',(-0.170477771991513,-0.985361522110951,0.));
#9751=DIRECTION('',(0.,-1.,0.));
#9752=DIRECTION('',(0.,0.,-1.));
#9753=DIRECTION('',(0.,0.,1.));
#9754=DIRECTION('',(1.,0.,0.));
#9755=DIRECTION('',(0.985013302034903,-0.172478389412405,0.));
#9756=DIRECTION('',(0.172478389412405,0.985013302034903,0.));
#9757=DIRECTION('',(0.,0.,1.));
#9758=DIRECTION('',(0.172478389412405,0.985013302034903,0.));
#9759=DIRECTION('',(0.00404309363880159,0.999991826663512,0.));
#9760=DIRECTION('',(-0.999991826663512,0.00404309363880159,0.));
#9761=DIRECTION('',(0.,0.,1.));
#9762=DIRECTION('',(-0.999991826663512,0.00404309363880159,0.));
#9763=DIRECTION('',(0.73579487920669,-0.67720447114089,0.));
#9764=DIRECTION('',(0.67720447114089,0.73579487920669,0.));
#9765=DIRECTION('',(0.,0.,1.));
#9766=DIRECTION('',(0.67720447114089,0.73579487920669,0.));
#9767=DIRECTION('',(0.985441048861757,-0.170017467391561,0.));
#9768=DIRECTION('',(0.170017467391561,0.985441048861757,0.));
#9769=DIRECTION('',(0.,0.,1.));
#9770=DIRECTION('',(0.170017467391561,0.985441048861757,0.));
#9771=DIRECTION('',(0.,1.,0.));
#9772=DIRECTION('',(0.,0.,1.));
#9773=DIRECTION('',(0.,0.,1.));
#9774=DIRECTION('',(-1.,0.,0.));
#9775=DIRECTION('',(-0.984892321570454,0.173167880715682,0.));
#9776=DIRECTION('',(-0.173167880715682,-0.984892321570454,0.));
#9777=DIRECTION('',(-0.173167880715682,-0.984892321570454,0.));
#9778=DIRECTION('',(0.,0.,1.));
#9779=DIRECTION('',(1.,0.,0.));
#9780=DIRECTION('',(0.,0.,1.));
#9781=DIRECTION('',(0.,0.,1.));
#9782=DIRECTION('',(0.983188736076488,-0.182592193842776,0.));
#9783=DIRECTION('',(0.182592193842776,0.983188736076488,0.));
#9784=DIRECTION('',(0.,0.,1.));
#9785=DIRECTION('',(0.182592193842776,0.983188736076488,0.));
#9786=DIRECTION('',(0.,1.,0.));
#9787=DIRECTION('',(0.,0.,1.));
#9788=DIRECTION('',(0.,0.,1.));
#9789=DIRECTION('',(-1.,0.,0.));
#9790=DIRECTION('',(-0.985211754819675,0.171341174751248,0.));
#9791=DIRECTION('',(-0.171341174751248,-0.985211754819675,0.));
#9792=DIRECTION('',(0.,0.,1.));
#9793=DIRECTION('',(-0.171341174751248,-0.985211754819674,0.));
#9794=DIRECTION('',(0.,-1.,0.));
#9795=DIRECTION('',(0.,0.,-1.));
#9796=DIRECTION('',(0.,0.,1.));
#9797=DIRECTION('',(1.,0.,0.));
#9798=DIRECTION('',(0.984923879459613,-0.172988299229244,0.));
#9799=DIRECTION('',(0.172988299229244,0.984923879459613,0.));
#9800=DIRECTION('',(0.,0.,1.));
#9801=DIRECTION('',(0.172988299229244,0.984923879459613,0.));
#9802=DIRECTION('',(0.,0.,1.));
#9803=DIRECTION('',(0.,0.,1.));
#9804=DIRECTION('',(0.,0.,1.));
#9805=DIRECTION('',(-0.999917384396916,0.0128539636233783,0.));
#9806=DIRECTION('',(0.,0.,1.));
#9807=DIRECTION('',(0.,0.,1.));
#9808=DIRECTION('',(1.,0.,0.));
#9809=DIRECTION('',(-0.985966115074027,0.166945559766744,0.));
#9810=DIRECTION('',(-0.166945559766744,-0.985966115074027,0.));
#9811=DIRECTION('',(0.,0.,1.));
#9812=DIRECTION('',(-0.166945559766744,-0.985966115074026,0.));
#9813=DIRECTION('',(0.,-1.,0.));
#9814=DIRECTION('',(0.,0.,-1.));
#9815=DIRECTION('',(0.,0.,1.));
#9816=DIRECTION('',(1.,0.,0.));
#9817=DIRECTION('',(0.986357331108439,-0.164618393166246,0.));
#9818=DIRECTION('',(0.164618393166246,0.986357331108439,0.));
#9819=DIRECTION('',(0.,0.,1.));
#9820=DIRECTION('',(0.164618393166246,0.986357331108439,0.));
#9821=DIRECTION('',(0.,0.,1.));
#9822=DIRECTION('',(0.,0.,1.));
#9823=DIRECTION('',(1.,0.,0.));
#9824=DIRECTION('',(-0.00376408876709915,-0.999992915792784,0.));
#9825=DIRECTION('',(0.999992915792784,-0.00376408876709915,0.));
#9826=DIRECTION('',(0.,0.,1.));
#9827=DIRECTION('',(0.999992915792784,-0.00376408876709915,0.));
#9828=DIRECTION('',(0.,0.,1.));
#9829=DIRECTION('',(-0.735838856586653,0.677156685810047,0.));
#9830=DIRECTION('',(-0.677156685810047,-0.735838856586653,0.));
#9831=DIRECTION('',(0.,0.,1.));
#9832=DIRECTION('',(-0.677156685810047,-0.735838856586653,0.));
#9833=DIRECTION('',(-0.985361522110951,0.170477771991513,0.));
#9834=DIRECTION('',(-0.170477771991513,-0.985361522110951,0.));
#9835=DIRECTION('',(0.,0.,1.));
#9836=DIRECTION('',(-0.170477771991513,-0.985361522110951,0.));
#9837=DIRECTION('',(0.,-1.,0.));
#9838=DIRECTION('',(0.,0.,-1.));
#9839=DIRECTION('',(0.,0.,1.));
#9840=DIRECTION('',(1.,0.,0.));
#9841=DIRECTION('',(0.985013302034903,-0.172478389412405,0.));
#9842=DIRECTION('',(0.172478389412405,0.985013302034903,0.));
#9843=DIRECTION('',(0.,0.,1.));
#9844=DIRECTION('',(0.172478389412405,0.985013302034903,0.));
#9845=DIRECTION('',(0.00404309363880159,0.999991826663512,0.));
#9846=DIRECTION('',(-0.999991826663512,0.00404309363880159,0.));
#9847=DIRECTION('',(0.,0.,1.));
#9848=DIRECTION('',(-0.999991826663512,0.00404309363880159,0.));
#9849=DIRECTION('',(0.735794879206689,-0.677204471140891,0.));
#9850=DIRECTION('',(0.677204471140891,0.735794879206689,0.));
#9851=DIRECTION('',(0.,0.,1.));
#9852=DIRECTION('',(0.677204471140891,0.735794879206689,0.));
#9853=DIRECTION('',(0.985441048861757,-0.17001746739156,0.));
#9854=DIRECTION('',(0.17001746739156,0.985441048861757,0.));
#9855=DIRECTION('',(0.,0.,1.));
#9856=DIRECTION('',(0.17001746739156,0.985441048861757,0.));
#9857=DIRECTION('',(0.,1.,0.));
#9858=DIRECTION('',(0.,0.,1.));
#9859=DIRECTION('',(0.,0.,1.));
#9860=DIRECTION('',(-1.,0.,0.));
#9861=DIRECTION('',(-0.984892321570454,0.173167880715685,0.));
#9862=DIRECTION('',(-0.173167880715685,-0.984892321570454,0.));
#9863=DIRECTION('',(-0.173167880715685,-0.984892321570454,0.));
#9864=DIRECTION('',(0.,0.,1.));
#9865=DIRECTION('',(1.,0.,0.));
#9866=DIRECTION('',(0.,0.,1.));
#9867=DIRECTION('',(0.,0.,1.));
#9868=DIRECTION('',(0.,0.,1.));
#9869=DIRECTION('',(-0.998889338308462,0.0471178290425406,0.));
#9870=DIRECTION('',(0.,0.,1.));
#9871=DIRECTION('',(1.,0.,0.));
#9872=DIRECTION('',(0.,0.,1.));
#9873=DIRECTION('',(0.,0.,1.));
#9874=DIRECTION('',(1.,0.,0.));
#9875=DIRECTION('',(0.,0.,1.));
#9876=DIRECTION('',(0.,0.,1.));
#9877=DIRECTION('',(0.,0.,1.));
#9878=DIRECTION('',(0.98364920281148,-0.180095102122018,0.));
#9879=DIRECTION('',(0.180095102122018,0.98364920281148,0.));
#9880=DIRECTION('',(0.180095102122018,0.98364920281148,0.));
#9881=DIRECTION('',(0.,0.,1.));
#9882=DIRECTION('',(0.180095102122018,0.98364920281148,0.));
#9883=DIRECTION('',(0.,0.,1.));
#9884=DIRECTION('',(0.,0.,1.));
#9885=DIRECTION('',(0.,0.,1.));
#9886=DIRECTION('',(0.,0.,1.));
#9887=DIRECTION('',(-0.999563042040342,0.0295588394064816,0.));
#9888=DIRECTION('',(0.,0.,1.));
#9889=DIRECTION('',(0.,0.,1.));
#9890=DIRECTION('',(1.,0.,0.));
#9891=DIRECTION('',(0.,0.,1.));
#9892=DIRECTION('',(0.,0.,1.));
#9893=DIRECTION('',(0.,0.,1.));
#9894=DIRECTION('',(0.970980711242352,-0.239157810650825,0.));
#9895=DIRECTION('',(0.239157810650825,0.970980711242352,0.));
#9896=DIRECTION('',(0.,0.,1.));
#9897=DIRECTION('',(0.239157810650825,0.970980711242352,0.));
#9898=DIRECTION('',(0.,0.,1.));
#9899=DIRECTION('',(0.,0.,1.));
#9900=DIRECTION('',(0.,0.,1.));
#9901=DIRECTION('',(0.774920819900027,-0.632058322376559,0.));
#9902=DIRECTION('',(0.632058322376559,0.774920819900027,0.));
#9903=DIRECTION('',(0.,0.,1.));
#9904=DIRECTION('',(0.632058322376559,0.774920819900027,0.));
#9905=DIRECTION('',(0.,0.,1.));
#9906=DIRECTION('',(-0.607305507514254,-0.794468388636611,0.));
#9907=DIRECTION('',(0.,0.,1.));
#9908=DIRECTION('',(0.,0.,1.));
#9909=DIRECTION('',(1.,0.,0.));
#9910=DIRECTION('',(0.,0.,1.));
#9911=DIRECTION('',(-0.220136143205479,-0.975469158125779,0.));
#9912=DIRECTION('',(0.,0.,1.));
#9913=DIRECTION('',(0.,0.,1.));
#9914=DIRECTION('',(1.,0.,0.));
#9915=DIRECTION('',(0.,0.,1.));
#9916=DIRECTION('',(0.,0.,1.));
#9917=DIRECTION('',(-0.985957946392765,0.166993796127166,0.));
#9918=DIRECTION('',(-0.166993796127166,-0.985957946392765,0.));
#9919=DIRECTION('',(0.,0.,1.));
#9920=DIRECTION('',(-0.166993796127166,-0.985957946392765,0.));
#9921=DIRECTION('',(-0.00370825633273389,-0.999993124393848,0.));
#9922=DIRECTION('',(0.999993124393849,-0.00370825633273389,0.));
#9923=DIRECTION('',(0.,0.,1.));
#9924=DIRECTION('',(0.999993124393848,-0.00370825633273389,0.));
#9925=DIRECTION('',(0.942777884125998,-0.333421446825047,0.));
#9926=DIRECTION('',(0.333421446825047,0.942777884125998,0.));
#9927=DIRECTION('',(0.,0.,1.));
#9928=DIRECTION('',(0.333421446825047,0.942777884125997,0.));
#9929=DIRECTION('',(0.,0.,1.));
#9930=DIRECTION('',(0.,0.,1.));
#9931=DIRECTION('',(1.,0.,0.));
#9932=DIRECTION('',(0.,0.,1.));
#9933=DIRECTION('',(0.100983134369316,0.994888137718482,0.));
#9934=DIRECTION('',(0.,0.,1.));
#9935=DIRECTION('',(0.,0.,1.));
#9936=DIRECTION('',(1.,0.,0.));
#9937=DIRECTION('',(0.,0.,1.));
#9938=DIRECTION('',(-0.991707875751595,0.128512603165056,0.));
#9939=DIRECTION('',(-0.128512603165056,-0.991707875751595,0.));
#9940=DIRECTION('',(0.,0.,1.));
#9941=DIRECTION('',(-0.128512603165056,-0.991707875751595,0.));
#9942=DIRECTION('',(0.,0.,1.));
#9943=DIRECTION('',(0.135711110897355,0.99074845161575,0.));
#9944=DIRECTION('',(0.,0.,1.));
#9945=DIRECTION('',(0.,0.,1.));
#9946=DIRECTION('',(1.,0.,0.));
#9947=DIRECTION('',(0.,0.,1.));
#9948=DIRECTION('',(-0.98121663303232,0.192909095329167,0.));
#9949=DIRECTION('',(-0.192909095329167,-0.98121663303232,0.));
#9950=DIRECTION('',(0.,0.,1.));
#9951=DIRECTION('',(-0.192909095329167,-0.98121663303232,0.));
#9952=DIRECTION('',(0.00362316462433841,-0.999993436317511,0.));
#9953=DIRECTION('',(0.999993436317511,0.00362316462433841,0.));
#9954=DIRECTION('',(0.,0.,1.));
#9955=DIRECTION('',(0.999993436317512,0.00362316462433841,0.));
#9956=DIRECTION('',(0.985211754819675,-0.171341174751247,0.));
#9957=DIRECTION('',(0.171341174751247,0.985211754819675,0.));
#9958=DIRECTION('',(0.,0.,1.));
#9959=DIRECTION('',(0.171341174751247,0.985211754819675,0.));
#9960=DIRECTION('',(0.,1.,0.));
#9961=DIRECTION('',(0.,0.,1.));
#9962=DIRECTION('',(0.,0.,1.));
#9963=DIRECTION('',(-1.,0.,0.));
#9964=DIRECTION('',(-0.984823852695211,0.173556847063322,0.));
#9965=DIRECTION('',(-0.173556847063322,-0.984823852695211,0.));
#9966=DIRECTION('',(0.,0.,1.));
#9967=DIRECTION('',(-0.173556847063322,-0.984823852695211,0.));
#9968=DIRECTION('',(0.,0.,1.));
#9969=DIRECTION('',(1.,0.,0.));
#9970=DIRECTION('',(-0.984747791945669,0.173987891125015,0.));
#9971=DIRECTION('',(-0.173987891125015,-0.984747791945669,0.));
#9972=DIRECTION('',(0.,0.,1.));
#9973=DIRECTION('',(-0.173987891125015,-0.984747791945669,0.));
#9974=DIRECTION('',(0.,0.,1.));
#9975=DIRECTION('',(0.,-1.,0.));
#9976=DIRECTION('',(0.,0.,-1.));
#9977=DIRECTION('',(0.,0.,1.));
#9978=DIRECTION('',(1.,0.,0.));
#9979=DIRECTION('',(0.985350505855448,-0.170541433705751,0.));
#9980=DIRECTION('',(0.170541433705751,0.985350505855448,0.));
#9981=DIRECTION('',(0.,0.,1.));
#9982=DIRECTION('',(0.170541433705751,0.985350505855448,0.));
#9983=DIRECTION('',(0.,-1.,0.));
#9984=DIRECTION('',(0.,0.,-1.));
#9985=DIRECTION('',(0.,0.,1.));
#9986=DIRECTION('',(1.,0.,0.));
#9987=DIRECTION('',(0.984992546460024,-0.172596881252814,0.));
#9988=DIRECTION('',(0.172596881252814,0.984992546460024,0.));
#9989=DIRECTION('',(0.,0.,1.));
#9990=DIRECTION('',(0.172596881252814,0.984992546460024,0.));
#9991=DIRECTION('',(0.,1.,0.));
#9992=DIRECTION('',(0.,0.,1.));
#9993=DIRECTION('',(0.,0.,1.));
#9994=DIRECTION('',(-1.,0.,0.));
#9995=DIRECTION('',(0.987058205703749,-0.160362397565315,0.));
#9996=DIRECTION('',(0.160362397565315,0.987058205703749,0.));
#9997=DIRECTION('',(0.,0.,1.));
#9998=DIRECTION('',(0.160362397565315,0.987058205703749,0.));
#9999=DIRECTION('',(0.,0.,1.));
#10000=DIRECTION('',(0.,0.,1.));
#10001=DIRECTION('',(0.,0.,1.));
#10002=DIRECTION('',(0.143345374716276,-0.989672725474159,0.));
#10003=DIRECTION('',(0.,0.,1.));
#10004=DIRECTION('',(0.,0.,1.));
#10005=DIRECTION('',(1.,0.,0.));
#10006=DIRECTION('',(-0.995987315306825,0.0894945123898879,0.));
#10007=DIRECTION('',(-0.0894945123898879,-0.995987315306825,0.));
#10008=DIRECTION('',(0.,0.,1.));
#10009=DIRECTION('',(-0.0894945123898879,-0.995987315306825,0.));
#10010=DIRECTION('',(0.,0.,1.));
#10011=DIRECTION('',(0.,0.,1.));
#10012=DIRECTION('',(0.,0.,1.));
#10013=DIRECTION('',(-0.985949932543709,0.167041104273934,0.));
#10014=DIRECTION('',(-0.167041104273934,-0.985949932543709,0.));
#10015=DIRECTION('',(0.,0.,1.));
#10016=DIRECTION('',(-0.167041104273934,-0.985949932543709,0.));
#10017=DIRECTION('',(0.,1.,0.));
#10018=DIRECTION('',(0.,0.,1.));
#10019=DIRECTION('',(0.,0.,1.));
#10020=DIRECTION('',(-1.,0.,0.));
#10021=DIRECTION('',(-0.984992546460024,0.172596881252813,0.));
#10022=DIRECTION('',(-0.172596881252813,-0.984992546460024,0.));
#10023=DIRECTION('',(0.,0.,1.));
#10024=DIRECTION('',(-0.172596881252813,-0.984992546460024,0.));
#10025=DIRECTION('',(0.,-1.,0.));
#10026=DIRECTION('',(0.,0.,-1.));
#10027=DIRECTION('',(1.,0.,0.));
#10028=DIRECTION('',(0.,0.,1.));
#10029=DIRECTION('',(1.,0.,0.));
#10030=DIRECTION('',(0.,0.,1.));
#10031=DIRECTION('',(0.,0.,1.));
#10032=DIRECTION('',(-0.981495608069518,0.191484650403752,0.));
#10033=DIRECTION('',(-0.191484650403752,-0.981495608069518,0.));
#10034=DIRECTION('',(0.,0.,1.));
#10035=DIRECTION('',(-0.191484650403752,-0.981495608069518,0.));
#10036=DIRECTION('',(0.,-1.,0.));
#10037=DIRECTION('',(0.,0.,-1.));
#10038=DIRECTION('',(0.,0.,1.));
#10039=DIRECTION('',(1.,0.,0.));
#10040=DIRECTION('',(0.985308020399641,-0.170786723535938,0.));
#10041=DIRECTION('',(0.170786723535938,0.985308020399641,0.));
#10042=DIRECTION('',(0.,0.,1.));
#10043=DIRECTION('',(0.170786723535938,0.985308020399641,0.));
#10044=DIRECTION('',(0.,1.,0.));
#10045=DIRECTION('',(0.,0.,1.));
#10046=DIRECTION('',(0.,0.,1.));
#10047=DIRECTION('',(-1.,0.,0.));
#10048=DIRECTION('',(-0.984754702584281,0.17394877331601,0.));
#10049=DIRECTION('',(-0.17394877331601,-0.984754702584281,0.));
#10050=DIRECTION('',(0.,0.,1.));
#10051=DIRECTION('',(-0.17394877331601,-0.984754702584281,0.));
#10052=DIRECTION('',(0.,0.,1.));
#10053=DIRECTION('',(0.,0.,1.));
#10054=DIRECTION('',(0.,0.,1.));
#10055=DIRECTION('',(0.999608855050409,-0.0279667106541174,0.));
#10056=DIRECTION('',(0.,0.,1.));
#10057=DIRECTION('',(0.,0.,1.));
#10058=DIRECTION('',(1.,0.,0.));
#10059=DIRECTION('',(0.986231599120335,-0.16536998789547,0.));
#10060=DIRECTION('',(0.16536998789547,0.986231599120335,0.));
#10061=DIRECTION('',(0.,0.,1.));
#10062=DIRECTION('',(0.16536998789547,0.986231599120335,0.));
#10063=DIRECTION('',(0.,1.,0.));
#10064=DIRECTION('',(0.,0.,1.));
#10065=DIRECTION('',(0.,0.,1.));
#10066=DIRECTION('',(-1.,0.,0.));
#10067=DIRECTION('',(-0.986331305274503,0.164774258412822,0.));
#10068=DIRECTION('',(-0.164774258412822,-0.986331305274503,0.));
#10069=DIRECTION('',(0.,0.,1.));
#10070=DIRECTION('',(-0.164774258412822,-0.986331305274503,0.));
#10071=DIRECTION('',(0.,0.,1.));
#10072=DIRECTION('',(0.,0.,1.));
#10073=DIRECTION('',(1.,0.,0.));
#10074=DIRECTION('',(0.,0.,1.));
#10075=DIRECTION('',(1.,0.,0.));
#10076=DIRECTION('',(0.,0.,1.));
#10077=DIRECTION('',(1.,0.,0.));
#10078=DIRECTION('',(0.,0.,1.));
#10079=DIRECTION('',(1.,0.,0.));
#10080=DIRECTION('',(0.,0.,1.));
#10081=DIRECTION('',(1.,0.,0.));
#10082=DIRECTION('',(0.,0.,1.));
#10083=DIRECTION('',(1.,0.,0.));
#10084=DIRECTION('',(0.,0.,1.));
#10085=DIRECTION('',(1.,0.,0.));
#10086=DIRECTION('',(0.,0.,1.));
#10087=DIRECTION('',(1.,0.,0.));
#10088=DIRECTION('',(0.,0.,1.));
#10089=DIRECTION('',(1.,0.,0.));
#10090=DIRECTION('',(0.,-1.,0.));
#10091=DIRECTION('',(0.,0.,-1.));
#10092=DIRECTION('',(0.,0.,1.));
#10093=DIRECTION('',(1.,0.,0.));
#10094=DIRECTION('',(0.,0.,1.));
#10095=DIRECTION('',(-1.,0.,0.));
#10096=DIRECTION('',(0.,0.,1.));
#10097=DIRECTION('',(0.,0.,1.));
#10098=DIRECTION('',(0.,-1.,0.));
#10099=DIRECTION('',(0.,-1.,0.));
#10100=DIRECTION('',(0.,0.,-1.));
#10101=DIRECTION('',(0.,0.,1.));
#10102=DIRECTION('',(1.,0.,0.));
#10103=DIRECTION('',(-1.,0.,0.));
#10104=DIRECTION('',(0.,0.,1.));
#10105=DIRECTION('',(0.,-1.,0.));
#10106=DIRECTION('',(0.,0.,1.));
#10107=DIRECTION('',(1.,0.,0.));
#10108=CARTESIAN_POINT('',(0.,0.,0.));
#10109=CARTESIAN_POINT('',(0.,0.,0.002));
#10110=CARTESIAN_POINT('',(0.00540004340277777,0.0129144516812807,0.002));
#10111=CARTESIAN_POINT('',(0.00684622395833333,0.0144859577576696,0.002));
#10112=CARTESIAN_POINT('',(0.00395386284722221,0.0113429456048918,0.002));
#10113=CARTESIAN_POINT('',(0.00516458333333333,0.0113383883132252,0.002));
#10114=CARTESIAN_POINT('',(0.00637530381944444,0.0113338310215585,0.002));
#10115=CARTESIAN_POINT('',(0.00627808159722222,0.0107808796326696,0.002));
#10116=CARTESIAN_POINT('',(0.00618085937499999,0.0102279282437807,0.002));
#10117=CARTESIAN_POINT('',(0.00410881076388888,0.0102279282437807,0.002));
#10118=CARTESIAN_POINT('',(0.00203676215277777,0.0102279282437807,0.002));
#10119=CARTESIAN_POINT('',(0.00211499565972221,0.0106813787646141,0.002));
#10120=CARTESIAN_POINT('',(0.00219322916666666,0.0111348292854474,0.002));
#10121=CARTESIAN_POINT('',(0.00362421875,0.0126896252923918,0.002));
#10122=CARTESIAN_POINT('',(0.00505520833333333,0.0142444212993363,0.002));
#10123=CARTESIAN_POINT('',(0.00392803819444444,0.0142489785910029,0.002));
#10124=CARTESIAN_POINT('',(0.00280086805555555,0.0142535358826696,0.002));
#10125=CARTESIAN_POINT('',(0.00289809027777777,0.0148087659173918,0.002));
#10126=CARTESIAN_POINT('',(0.0029953125,0.0153639959521141,0.002));
#10127=CARTESIAN_POINT('',(0.00499672309027777,0.0153639959521141,0.002));
#10128=CARTESIAN_POINT('',(0.00699813368055555,0.0153639959521141,0.002));
#10129=CARTESIAN_POINT('',(0.00692217881944444,0.0149249768548918,0.002));
#10130=CARTESIAN_POINT('',(1.25651041666605E-5,0.0104937702576696,0.002));
#10131=CARTESIAN_POINT('',(-3.68055555555616E-5,0.0102279282437807,0.002));
#10132=CARTESIAN_POINT('',(6.19357638888827E-5,0.0107596122715585,0.002));
#10133=CARTESIAN_POINT('',(6.19357638888835E-5,0.0107596122715585,0.002));
#10134=CARTESIAN_POINT('',(-0.000507725694444449,0.0101185532437807,0.002));
#10135=CARTESIAN_POINT('',(-0.00135234375000001,0.0101322251187807,0.002));
#10136=CARTESIAN_POINT('',(-0.00135234375000001,0.0101322251187807,0.002));
#10137=CARTESIAN_POINT('',(-0.00135234375000001,0.0101322251187807,0.002));
#10138=CARTESIAN_POINT('',(-0.00209366319444445,0.0101428587993363,0.002));
#10139=CARTESIAN_POINT('',(-0.00247343750000001,0.0106646686951696,0.002));
#10140=CARTESIAN_POINT('',(-0.00247343750000001,0.0106646686951696,0.002));
#10141=CARTESIAN_POINT('',(-0.00247343750000001,0.0106646686951696,0.002));
#10142=CARTESIAN_POINT('',(-0.00285321180555556,0.0111864785910029,0.002));
#10143=CARTESIAN_POINT('',(-0.00276662326388889,0.012041730327114,0.002));
#10144=CARTESIAN_POINT('',(-0.00276662326388889,0.012041730327114,0.002));
#10145=CARTESIAN_POINT('',(-0.00248938802083334,0.013702863139614,0.002));
#10146=CARTESIAN_POINT('',(-0.00221215277777779,0.0153639959521141,0.002));
#10147=CARTESIAN_POINT('',(-0.00154223090277778,0.0153639959521141,0.002));
#10148=CARTESIAN_POINT('',(-0.000872309027777784,0.0153639959521141,0.002));
#10149=CARTESIAN_POINT('',(-0.00115486111111112,0.0136952676535029,0.002));
#10150=CARTESIAN_POINT('',(-0.00143731324182312,0.0120265257995978,0.002));
#10151=CARTESIAN_POINT('',(-0.000201922420810224,0.0118589855631462,0.002));
#10152=CARTESIAN_POINT('',(-0.00144197048611112,0.0117333535910029,0.002));
#10153=CARTESIAN_POINT('',(-0.00144197048611112,0.0117333535910029,0.002));
#10154=CARTESIAN_POINT('',(-0.00139487847222223,0.0112578761604474,0.002));
#10155=CARTESIAN_POINT('',(-0.000916362847222227,0.0112442042854474,0.002));
#10156=CARTESIAN_POINT('',(-0.000916362847222227,0.0112442042854474,0.002));
#10157=CARTESIAN_POINT('',(-0.000916362847222227,0.0112442042854474,0.002));
#10158=CARTESIAN_POINT('',(-0.000293532986111116,0.0112244560215585,0.002));
#10159=CARTESIAN_POINT('',(0.000115104166666661,0.0117227199104474,0.002));
#10160=CARTESIAN_POINT('',(0.000115104166666662,0.0117227199104474,0.002));
#10161=CARTESIAN_POINT('',(0.00043487413194444,0.0135433579312807,0.002));
#10162=CARTESIAN_POINT('',(0.000754644097222217,0.0153639959521141,0.002));
#10163=CARTESIAN_POINT('',(0.00142912326388888,0.0153639959521141,0.002));
#10164=CARTESIAN_POINT('',(0.00210360243055555,0.0153639959521141,0.002));
#10165=CARTESIAN_POINT('',(0.00165698784722222,0.0127959620979474,0.002));
#10166=CARTESIAN_POINT('',(0.00121037326388888,0.0102279282437807,0.002));
#10167=CARTESIAN_POINT('',(0.000586783854166662,0.0102279282437807,0.002));
#10168=CARTESIAN_POINT('',(0.0102474826388889,0.0129144516812807,0.002));
#10169=CARTESIAN_POINT('',(0.0116936631944444,0.0144859577576696,0.002));
#10170=CARTESIAN_POINT('',(0.00880130208333333,0.0113429456048918,0.002));
#10171=CARTESIAN_POINT('',(0.0100120225694444,0.0113383883132252,0.002));
#10172=CARTESIAN_POINT('',(0.0112227430555555,0.0113338310215585,0.002));
#10173=CARTESIAN_POINT('',(0.0111255208333333,0.0107808796326696,0.002));
#10174=CARTESIAN_POINT('',(0.0110282986111111,0.0102279282437807,0.002));
#10175=CARTESIAN_POINT('',(0.00895625,0.0102279282437807,0.002));
#10176=CARTESIAN_POINT('',(0.00688420138888888,0.0102279282437807,0.002));
#10177=CARTESIAN_POINT('',(0.00696243489583333,0.0106813787646141,0.002));
#10178=CARTESIAN_POINT('',(0.00704066840277777,0.0111348292854474,0.002));
#10179=CARTESIAN_POINT('',(0.00847165798611111,0.0126896252923918,0.002));
#10180=CARTESIAN_POINT('',(0.00990264756944444,0.0142444212993363,0.002));
#10181=CARTESIAN_POINT('',(0.00877547743055555,0.0142489785910029,0.002));
#10182=CARTESIAN_POINT('',(0.00764830729166666,0.0142535358826696,0.002));
#10183=CARTESIAN_POINT('',(0.00774552951388888,0.0148087659173918,0.002));
#10184=CARTESIAN_POINT('',(0.00784275173611111,0.0153639959521141,0.002));
#10185=CARTESIAN_POINT('',(0.00984416232638888,0.0153639959521141,0.002));
#10186=CARTESIAN_POINT('',(0.0118455729166667,0.0153639959521141,0.002));
#10187=CARTESIAN_POINT('',(0.0117696180555555,0.0149249768548918,0.002));
#10188=CARTESIAN_POINT('',(0.0206525390625,0.0147396469937807,0.002));
#10189=CARTESIAN_POINT('',(0.0207382750958291,0.0154012560297359,0.002));
#10190=CARTESIAN_POINT('',(0.0205667100694444,0.0140773206048918,0.002));
#10191=CARTESIAN_POINT('',(0.020037953127501,0.0113701317351872,0.002));
#10192=CARTESIAN_POINT('',(0.0201155381944444,0.0141259317160029,0.002));
#10193=CARTESIAN_POINT('',(0.0201155381944444,0.0141259317160029,0.002));
#10194=CARTESIAN_POINT('',(0.0193985243055555,0.0141441608826696,0.002));
#10195=CARTESIAN_POINT('',(0.0189807725694444,0.0135896903965585,0.002));
#10196=CARTESIAN_POINT('',(0.0189807725694444,0.0135896903965585,0.002));
#10197=CARTESIAN_POINT('',(0.0186845486111111,0.0119088093201696,0.002));
#10198=CARTESIAN_POINT('',(0.0183883246527777,0.0102279282437807,0.002));
#10199=CARTESIAN_POINT('',(0.0177184027777777,0.0102279282437807,0.002));
#10200=CARTESIAN_POINT('',(0.0170484809027777,0.0102279282437807,0.002));
#10201=CARTESIAN_POINT('',(0.0174950954861111,0.0127959620979474,0.002));
#10202=CARTESIAN_POINT('',(0.0179417100694444,0.0153639959521141,0.002));
#10203=CARTESIAN_POINT('',(0.0185706163194444,0.0153662745979474,0.002));
#10204=CARTESIAN_POINT('',(0.0191995225694445,0.0153685532437807,0.002));
#10205=CARTESIAN_POINT('',(0.0191379991319445,0.0150556192160029,0.002));
#10206=CARTESIAN_POINT('',(0.0190764756944444,0.0147426851882252,0.002));
#10207=CARTESIAN_POINT('',(0.0190764756944444,0.0147426851882252,0.002));
#10208=CARTESIAN_POINT('',(0.0195610677083334,0.0154688136604474,0.002));
#10209=CARTESIAN_POINT('',(0.0202720052083333,0.0154688136604474,0.002));
#10210=CARTESIAN_POINT('',(0.0202720052083333,0.0154688136604474,0.002));
#10211=CARTESIAN_POINT('',(0.0202220373702447,0.0135042123959945,0.002));
#10212=CARTESIAN_POINT('',(-0.00700870225694445,0.025630814528503,0.002));
#10213=CARTESIAN_POINT('',(-0.00650815972222223,0.0285148206048919,0.002));
#10214=CARTESIAN_POINT('',(-0.00750924479166667,0.022746808452114,0.002));
#10215=CARTESIAN_POINT('',(-0.00604255642361112,0.022746808452114,0.002));
#10216=CARTESIAN_POINT('',(-0.00457586805555556,0.022746808452114,0.002));
#10217=CARTESIAN_POINT('',(-0.00467536892361112,0.0221748683479474,0.002));
#10218=CARTESIAN_POINT('',(-0.00477486979166667,0.0216029282437807,0.002));
#10219=CARTESIAN_POINT('',(-0.0069373046875,0.0216029282437807,0.002));
#10220=CARTESIAN_POINT('',(-0.00909973958333334,0.0216029282437807,0.002));
#10221=CARTESIAN_POINT('',(-0.00849969618055556,0.0250588744243363,0.002));
#10222=CARTESIAN_POINT('',(-0.00789965277777778,0.0285148206048919,0.002));
#10223=CARTESIAN_POINT('',(-0.00720390625,0.0285148206048919,0.002));
#10224=CARTESIAN_POINT('',(0.018971875,0.00401423611111111,0.002));
#10225=CARTESIAN_POINT('',(0.0182045138888889,0.00401423611111111,0.002));
#10226=CARTESIAN_POINT('',(0.0197392361111111,0.00401423611111111,0.002));
#10227=CARTESIAN_POINT('',(0.0196116319444444,0.00329201388888889,0.002));
#10228=CARTESIAN_POINT('',(0.0194840277777777,0.00256979166666667,0.002));
#10229=CARTESIAN_POINT('',(0.0199727430555555,0.00256979166666667,0.002));
#10230=CARTESIAN_POINT('',(0.0204614583333334,0.00256979166666667,0.002));
#10231=CARTESIAN_POINT('',(0.0203607638888889,0.00199513888888888,0.002));
#10232=CARTESIAN_POINT('',(0.0202600694444444,0.00142048611111111,0.002));
#10233=CARTESIAN_POINT('',(0.0197713541666667,0.00142048611111111,0.002));
#10234=CARTESIAN_POINT('',(0.0192826388888889,0.00142048611111111,0.002));
#10235=CARTESIAN_POINT('',(0.0190335069444444,-5.E-5,0.002));
#10236=CARTESIAN_POINT('',(0.018784375,-0.00152048611111111,0.002));
#10237=CARTESIAN_POINT('',(0.018784375,-0.00152048611111111,0.002));
#10238=CARTESIAN_POINT('',(0.0187513888888889,-0.00179652777777778,0.002));
#10239=CARTESIAN_POINT('',(0.0188277777777778,-0.00194322916666667,0.002));
#10240=CARTESIAN_POINT('',(0.0188277777777778,-0.00194322916666667,0.002));
#10241=CARTESIAN_POINT('',(0.0188277777777778,-0.00194322916666667,0.002));
#10242=CARTESIAN_POINT('',(0.0189041666666666,-0.00208993055555556,0.002));
#10243=CARTESIAN_POINT('',(0.0191958333333333,-0.00210034722222222,0.002));
#10244=CARTESIAN_POINT('',(0.0191958333333333,-0.00210034722222222,0.002));
#10245=CARTESIAN_POINT('',(0.0191958333333333,-0.00210034722222222,0.002));
#10246=CARTESIAN_POINT('',(0.0192826388888889,-0.00210555555555555,0.002));
#10247=CARTESIAN_POINT('',(0.0196628472222222,-0.00207430555555556,0.002));
#10248=CARTESIAN_POINT('',(0.0196628472222222,-0.00207430555555556,0.002));
#10249=CARTESIAN_POINT('',(0.0196090277777778,-0.00267326388888889,0.002));
#10250=CARTESIAN_POINT('',(0.0195551503922691,-0.00327286712005335,0.002));
#10251=CARTESIAN_POINT('',(0.0187672111745498,-0.000859282585811164,0.002));
#10252=CARTESIAN_POINT('',(0.018675,-0.00339722222222222,0.002));
#10253=CARTESIAN_POINT('',(0.018675,-0.00339722222222222,0.002));
#10254=CARTESIAN_POINT('',(0.0179215277777778,-0.00338680555555556,0.002));
#10255=CARTESIAN_POINT('',(0.0175526041666666,-0.00292586805555556,0.002));
#10256=CARTESIAN_POINT('',(0.0175526041666666,-0.00292586805555556,0.002));
#10257=CARTESIAN_POINT('',(0.0175526041666666,-0.00292586805555556,0.002));
#10258=CARTESIAN_POINT('',(0.0171836805555555,-0.00246493055555556,0.002));
#10259=CARTESIAN_POINT('',(0.0172496527777778,-0.00167847222222223,0.002));
#10260=CARTESIAN_POINT('',(0.0172496527777778,-0.00167847222222222,0.002));
#10261=CARTESIAN_POINT('',(0.0175013888888889,-0.000128993055555556,0.002));
#10262=CARTESIAN_POINT('',(0.017753125,0.00142048611111111,0.002));
#10263=CARTESIAN_POINT('',(0.0173381944444444,0.00142048611111111,0.002));
#10264=CARTESIAN_POINT('',(0.0169232638888889,0.00142048611111111,0.002));
#10265=CARTESIAN_POINT('',(0.0170239583333333,0.00199513888888889,0.002));
#10266=CARTESIAN_POINT('',(0.0171246527777778,0.00256979166666667,0.002));
#10267=CARTESIAN_POINT('',(0.0175395833333334,0.00256979166666667,0.002));
#10268=CARTESIAN_POINT('',(0.0179545138888889,0.00256979166666667,0.002));
#10269=CARTESIAN_POINT('',(0.0180795138888889,0.00329201388888889,0.002));
#10270=CARTESIAN_POINT('',(0.0122470486111111,0.00257239583333333,0.002));
#10271=CARTESIAN_POINT('',(0.0115309027777778,0.00256979166666667,0.002));
#10272=CARTESIAN_POINT('',(0.0129631944444444,0.002575,0.002));
#10273=CARTESIAN_POINT('',(0.0128980902777778,0.00222777777777778,0.002));
#10274=CARTESIAN_POINT('',(0.0128329861111111,0.00188055555555556,0.002));
#10275=CARTESIAN_POINT('',(0.0128329861111111,0.00188055555555556,0.002));
#10276=CARTESIAN_POINT('',(0.0135378472222222,0.0027,0.002));
#10277=CARTESIAN_POINT('',(0.0145430555555556,0.00267916666666667,0.002));
#10278=CARTESIAN_POINT('',(0.0145430555555556,0.00267916666666667,0.002));
#10279=CARTESIAN_POINT('',(0.0145430555555556,0.00267916666666667,0.002));
#10280=CARTESIAN_POINT('',(0.0153729166666666,0.00266180555555556,0.002));
#10281=CARTESIAN_POINT('',(0.01576875,0.00207065972222222,0.002));
#10282=CARTESIAN_POINT('',(0.01576875,0.00207065972222222,0.002));
#10283=CARTESIAN_POINT('',(0.01576875,0.00207065972222222,0.002));
#10284=CARTESIAN_POINT('',(0.0161645833333334,0.00147951388888889,0.002));
#10285=CARTESIAN_POINT('',(0.0160552083333334,0.000432638888888888,0.002));
#10286=CARTESIAN_POINT('',(0.0160552083333334,0.000432638888888887,0.002));
#10287=CARTESIAN_POINT('',(0.0157461805555555,-0.00143368055555556,0.002));
#10288=CARTESIAN_POINT('',(0.0154371527777778,-0.0033,0.002));
#10289=CARTESIAN_POINT('',(0.0146723958333333,-0.0033,0.002));
#10290=CARTESIAN_POINT('',(0.0139076388888889,-0.0033,0.002));
#10291=CARTESIAN_POINT('',(0.014221875,-0.00142586805555556,0.002));
#10292=CARTESIAN_POINT('',(0.0145359350949145,0.000448289140001366,0.002));
#10293=CARTESIAN_POINT('',(0.0127826754222855,0.000699810068433964,0.002));
#10294=CARTESIAN_POINT('',(0.0145482638888889,0.000833680555555555,0.002));
#10295=CARTESIAN_POINT('',(0.0145482638888889,0.000833680555555555,0.002));
#10296=CARTESIAN_POINT('',(0.0144770833333333,0.0013875,0.002));
#10297=CARTESIAN_POINT('',(0.0138538194444444,0.001403125,0.002));
#10298=CARTESIAN_POINT('',(0.0138538194444444,0.001403125,0.002));
#10299=CARTESIAN_POINT('',(0.0138538194444444,0.001403125,0.002));
#10300=CARTESIAN_POINT('',(0.0132513888888889,0.00142569444444444,0.002));
#10301=CARTESIAN_POINT('',(0.0127739583333333,0.000845833333333332,0.002));
#10302=CARTESIAN_POINT('',(0.0127739583333333,0.000845833333333332,0.002));
#10303=CARTESIAN_POINT('',(0.0124076388888889,-0.00122708333333333,0.002));
#10304=CARTESIAN_POINT('',(0.0120413194444444,-0.0033,0.002));
#10305=CARTESIAN_POINT('',(0.0112765625,-0.0033,0.002));
#10306=CARTESIAN_POINT('',(0.0105118055555555,-0.0033,0.002));
#10307=CARTESIAN_POINT('',(0.0110213541666667,-0.000365104166666667,0.002));
#10308=CARTESIAN_POINT('',(-0.00141440972222222,0.00185625,0.002));
#10309=CARTESIAN_POINT('',(-0.00131642568413187,0.00261237461252021,0.002));
#10310=CARTESIAN_POINT('',(-0.0015125,0.00109930555555555,0.002));
#10311=CARTESIAN_POINT('',(-0.0021167936479325,-0.00199462458121397,0.002));
#10312=CARTESIAN_POINT('',(-0.002028125,0.00115486111111111,0.002));
#10313=CARTESIAN_POINT('',(-0.002028125,0.00115486111111111,0.002));
#10314=CARTESIAN_POINT('',(-0.00284756944444444,0.00117569444444444,0.002));
#10315=CARTESIAN_POINT('',(-0.003325,0.000542013888888888,0.002));
#10316=CARTESIAN_POINT('',(-0.003325,0.000542013888888888,0.002));
#10317=CARTESIAN_POINT('',(-0.00366354166666667,-0.00137899305555555,0.002));
#10318=CARTESIAN_POINT('',(-0.00400208333333333,-0.0033,0.002));
#10319=CARTESIAN_POINT('',(-0.00476770833333333,-0.0033,0.002));
#10320=CARTESIAN_POINT('',(-0.00553333333333333,-0.0033,0.002));
#10321=CARTESIAN_POINT('',(-0.00502291666666667,-0.000365104166666667,0.002));
#10322=CARTESIAN_POINT('',(-0.0045125,0.00256979166666667,0.002));
#10323=CARTESIAN_POINT('',(-0.00379375,0.00257239583333333,0.002));
#10324=CARTESIAN_POINT('',(-0.003075,0.002575,0.002));
#10325=CARTESIAN_POINT('',(-0.0031453125,0.00221736111111111,0.002));
#10326=CARTESIAN_POINT('',(-0.003215625,0.00185972222222222,0.002));
#10327=CARTESIAN_POINT('',(-0.003215625,0.00185972222222222,0.002));
#10328=CARTESIAN_POINT('',(-0.00266180555555556,0.00268958333333333,0.002));
#10329=CARTESIAN_POINT('',(-0.00184930555555555,0.00268958333333333,0.002));
#10330=CARTESIAN_POINT('',(-0.00184930555555555,0.00268958333333333,0.002));
#10331=CARTESIAN_POINT('',(-0.00190641165622821,0.000444324745386373,0.002));
#10332=CARTESIAN_POINT('',(0.00472024739583333,0.0261146469937807,0.002));
#10333=CARTESIAN_POINT('',(0.00480598342916235,0.0267762560297356,0.002));
#10334=CARTESIAN_POINT('',(0.00463441840277777,0.0254523206048919,0.002));
#10335=CARTESIAN_POINT('',(0.00410566146083444,0.0227451317351868,0.002));
#10336=CARTESIAN_POINT('',(0.00418324652777777,0.0255009317160029,0.002));
#10337=CARTESIAN_POINT('',(0.00418324652777777,0.0255009317160029,0.002));
#10338=CARTESIAN_POINT('',(0.00346623263888889,0.0255191608826696,0.002));
#10339=CARTESIAN_POINT('',(0.00304848090277777,0.0249646903965585,0.002));
#10340=CARTESIAN_POINT('',(0.00304848090277777,0.0249646903965585,0.002));
#10341=CARTESIAN_POINT('',(0.00275225694444444,0.0232838093201696,0.002));
#10342=CARTESIAN_POINT('',(0.00245603298611111,0.0216029282437807,0.002));
#10343=CARTESIAN_POINT('',(0.0017861111111111,0.0216029282437807,0.002));
#10344=CARTESIAN_POINT('',(0.00111618923611111,0.0216029282437807,0.002));
#10345=CARTESIAN_POINT('',(0.00156280381944444,0.0241709620979474,0.002));
#10346=CARTESIAN_POINT('',(0.00200941840277777,0.026738995952114,0.002));
#10347=CARTESIAN_POINT('',(0.00263832465277777,0.0267412745979474,0.002));
#10348=CARTESIAN_POINT('',(0.00326723090277778,0.0267435532437807,0.002));
#10349=CARTESIAN_POINT('',(0.00320570746527777,0.026430619216003,0.002));
#10350=CARTESIAN_POINT('',(0.00314418402777777,0.0261176851882251,0.002));
#10351=CARTESIAN_POINT('',(0.00314418402777777,0.0261176851882251,0.002));
#10352=CARTESIAN_POINT('',(0.00362877604166666,0.0268438136604474,0.002));
#10353=CARTESIAN_POINT('',(0.00433971354166666,0.0268438136604474,0.002));
#10354=CARTESIAN_POINT('',(0.00433971354166666,0.0268438136604474,0.002));
#10355=CARTESIAN_POINT('',(0.00428974570357994,0.0248792123960182,0.002));
#10356=CARTESIAN_POINT('',(0.0119792534722222,0.0251492607090585,0.002));
#10357=CARTESIAN_POINT('',(0.0117939236111111,0.026738995952114,0.002));
#10358=CARTESIAN_POINT('',(0.0121645833333333,0.0235595254660029,0.002));
#10359=CARTESIAN_POINT('',(0.0128975477430555,0.0251492607090585,0.002));
#10360=CARTESIAN_POINT('',(0.0136305121527778,0.026738995952114,0.002));
#10361=CARTESIAN_POINT('',(0.0143763888888889,0.026738995952114,0.002));
#10362=CARTESIAN_POINT('',(0.015122265625,0.026738995952114,0.002));
#10363=CARTESIAN_POINT('',(0.0136198784722222,0.0237843518548919,0.002));
#10364=CARTESIAN_POINT('',(0.0121174913194444,0.0208297077576696,0.002));
#10365=CARTESIAN_POINT('',(0.0121174913194444,0.0208297077576696,0.002));
#10366=CARTESIAN_POINT('',(0.0117939236111111,0.0201506712993363,0.002));
#10367=CARTESIAN_POINT('',(0.0113594618055555,0.0198324204312807,0.002));
#10368=CARTESIAN_POINT('',(0.0113594618055555,0.0198324204312807,0.002));
#10369=CARTESIAN_POINT('',(0.0113594618055555,0.0198324204312807,0.002));
#10370=CARTESIAN_POINT('',(0.010925,0.0195141695632251,0.002));
#10371=CARTESIAN_POINT('',(0.0103553385416667,0.0195141695632251,0.002));
#10372=CARTESIAN_POINT('',(0.0103553385416667,0.0195141695632251,0.002));
#10373=CARTESIAN_POINT('',(0.0103553385416667,0.0195141695632251,0.002));
#10374=CARTESIAN_POINT('',(0.01013203125,0.0195141695632251,0.002));
#10375=CARTESIAN_POINT('',(0.00970972222222222,0.0196144299798919,0.002));
#10376=CARTESIAN_POINT('',(0.00970972222222222,0.0196144299798919,0.002));
#10377=CARTESIAN_POINT('',(0.00975985243055555,0.0201362398757251,0.002));
#10378=CARTESIAN_POINT('',(0.00980998263888888,0.0206580497715585,0.002));
#10379=CARTESIAN_POINT('',(0.00990264756944444,0.0206534924798919,0.002));
#10380=CARTESIAN_POINT('',(0.00999531249999999,0.0206489351882252,0.002));
#10381=CARTESIAN_POINT('',(0.00999531249999999,0.0206489351882252,0.002));
#10382=CARTESIAN_POINT('',(0.0106500434027778,0.0206291869243363,0.002));
#10383=CARTESIAN_POINT('',(0.0109538628472222,0.0211274508132251,0.002));
#10384=CARTESIAN_POINT('',(0.0109538628472222,0.0211274508132251,0.002));
#10385=CARTESIAN_POINT('',(0.0111012152777778,0.0214008883132252,0.002));
#10386=CARTESIAN_POINT('',(0.0112485677083333,0.0216743258132252,0.002));
#10387=CARTESIAN_POINT('',(0.0108285373263889,0.0242066608826696,0.002));
#10388=CARTESIAN_POINT('',(0.0104085069444444,0.026738995952114,0.002));
#10389=CARTESIAN_POINT('',(0.0111012152777778,0.026738995952114,0.002));
#10390=CARTESIAN_POINT('',(0.0190263454861111,0.0226419907437807,0.002));
#10391=CARTESIAN_POINT('',(0.0192663628472222,0.022793900466003,0.002));
#10392=CARTESIAN_POINT('',(0.0193134548611111,0.0230506278965585,0.002));
#10393=CARTESIAN_POINT('',(0.0190263454861111,0.0226419907437807,0.002));
#10394=CARTESIAN_POINT('',(0.0193134548611111,0.0230506278965585,0.002));
#10395=CARTESIAN_POINT('',(0.0193134548611111,0.0230506278965585,0.002));
#10396=CARTESIAN_POINT('',(0.0193894097222222,0.023430402202114,0.002));
#10397=CARTESIAN_POINT('',(0.018786328125,0.0236020601882251,0.002));
#10398=CARTESIAN_POINT('',(0.018786328125,0.0236020601882251,0.002));
#10399=CARTESIAN_POINT('',(0.0185706163194444,0.0236567476882251,0.002));
#10400=CARTESIAN_POINT('',(0.0183549045138889,0.0237114351882252,0.002));
#10401=CARTESIAN_POINT('',(0.0183549045138889,0.0237114351882252,0.002));
#10402=CARTESIAN_POINT('',(0.0168206163194445,0.024133744216003,0.002));
#10403=CARTESIAN_POINT('',(0.0168631510416666,0.0252016695632252,0.002));
#10404=CARTESIAN_POINT('',(0.0168631510416666,0.0252016695632252,0.002));
#10405=CARTESIAN_POINT('',(0.0168631510416666,0.0252016695632252,0.002));
#10406=CARTESIAN_POINT('',(0.0168874565972222,0.0259277980354474,0.002));
#10407=CARTESIAN_POINT('',(0.0175072482638889,0.0263858058479474,0.002));
#10408=CARTESIAN_POINT('',(0.0175072482638889,0.0263858058479474,0.002));
#10409=CARTESIAN_POINT('',(0.0175072482638889,0.0263858058479474,0.002));
#10410=CARTESIAN_POINT('',(0.0181270399305556,0.0268438136604474,0.002));
#10411=CARTESIAN_POINT('',(0.0190005208333334,0.0268346990771141,0.002));
#10412=CARTESIAN_POINT('',(0.0190005208333334,0.0268346990771141,0.002));
#10413=CARTESIAN_POINT('',(0.0190005208333334,0.0268346990771141,0.002));
#10414=CARTESIAN_POINT('',(0.0198679253472222,0.0268255844937807,0.002));
#10415=CARTESIAN_POINT('',(0.0204049262152778,0.0263744126187807,0.002));
#10416=CARTESIAN_POINT('',(0.0204049262152778,0.0263744126187807,0.002));
#10417=CARTESIAN_POINT('',(0.0204049262152778,0.0263744126187807,0.002));
#10418=CARTESIAN_POINT('',(0.0209419270833333,0.0259232407437807,0.002));
#10419=CARTESIAN_POINT('',(0.0209510416666666,0.025172806716003,0.002));
#10420=CARTESIAN_POINT('',(0.0209510416666666,0.025172806716003,0.002));
#10421=CARTESIAN_POINT('',(0.0202864366319445,0.0251750853618363,0.002));
#10422=CARTESIAN_POINT('',(0.0196218315972222,0.0251773640076696,0.002));
#10423=CARTESIAN_POINT('',(0.0196218315972222,0.0251773640076696,0.002));
#10424=CARTESIAN_POINT('',(0.0196309461805555,0.0258381712993363,0.002));
#10425=CARTESIAN_POINT('',(0.0189671006944444,0.0258472858826696,0.002));
#10426=CARTESIAN_POINT('',(0.0189671006944444,0.0258472858826696,0.002));
#10427=CARTESIAN_POINT('',(0.0189671006944444,0.0258472858826696,0.002));
#10428=CARTESIAN_POINT('',(0.0186526475694444,0.0258472858826696,0.002));
#10429=CARTESIAN_POINT('',(0.0184225043402777,0.0256908188687807,0.002));
#10430=CARTESIAN_POINT('',(0.0184225043402777,0.0256908188687807,0.002));
#10431=CARTESIAN_POINT('',(0.0187707221227478,0.0251524699080728,0.002));
#10432=CARTESIAN_POINT('',(0.0181407118055555,0.0252685098410029,0.002));
#10433=CARTESIAN_POINT('',(0.0181407118055555,0.0252685098410029,0.002));
#10434=CARTESIAN_POINT('',(0.0180693142361111,0.0248887355354474,0.002));
#10435=CARTESIAN_POINT('',(0.0187149305555556,0.0247307494243363,0.002));
#10436=CARTESIAN_POINT('',(0.0187149305555556,0.0247307494243363,0.002));
#10437=CARTESIAN_POINT('',(0.0188098741319445,0.0247094820632252,0.002));
#10438=CARTESIAN_POINT('',(0.0189048177083333,0.024688214702114,0.002));
#10439=CARTESIAN_POINT('',(0.0189048177083333,0.024688214702114,0.002));
#10440=CARTESIAN_POINT('',(0.0195595486111111,0.0245317476882252,0.002));
#10441=CARTESIAN_POINT('',(0.0199066623263889,0.0243304673062807,0.002));
#10442=CARTESIAN_POINT('',(0.0199066623263889,0.0243304673062807,0.002));
#10443=CARTESIAN_POINT('',(0.0199066623263889,0.0243304673062807,0.002));
#10444=CARTESIAN_POINT('',(0.0202537760416667,0.0241291869243363,0.002));
#10445=CARTESIAN_POINT('',(0.020440625,0.0238299247715585,0.002));
#10446=CARTESIAN_POINT('',(0.020440625,0.0238299247715585,0.002));
#10447=CARTESIAN_POINT('',(0.020440625,0.0238299247715585,0.002));
#10448=CARTESIAN_POINT('',(0.0206274739583333,0.0235306626187807,0.002));
#10449=CARTESIAN_POINT('',(0.0206138020833333,0.0231129108826696,0.002));
#10450=CARTESIAN_POINT('',(0.0206138020833333,0.0231129108826696,0.002));
#10451=CARTESIAN_POINT('',(0.0192509825919856,0.023128760855077,0.002));
#10452=CARTESIAN_POINT('',(0.0202985894097222,0.0222584186951696,0.002));
#10453=CARTESIAN_POINT('',(0.0202985894097222,0.0222584186951696,0.002));
#10454=CARTESIAN_POINT('',(0.0199970486111111,0.0218930758132252,0.002));
#10455=CARTESIAN_POINT('',(0.0194722005208333,0.021693314528503,0.002));
#10456=CARTESIAN_POINT('',(0.0194722005208333,0.021693314528503,0.002));
#10457=CARTESIAN_POINT('',(0.0184521023340979,0.0243865121494922,0.002));
#10458=CARTESIAN_POINT('',(0.0183685763888889,0.0215072251187807,0.002));
#10459=CARTESIAN_POINT('',(0.0183685763888889,0.0215072251187807,0.002));
#10460=CARTESIAN_POINT('',(0.0175133246527777,0.0215178587993363,0.002));
#10461=CARTESIAN_POINT('',(0.0169436631944444,0.0219994126187807,0.002));
#10462=CARTESIAN_POINT('',(0.0169436631944444,0.0219994126187807,0.002));
#10463=CARTESIAN_POINT('',(0.0169436631944444,0.0219994126187807,0.002));
#10464=CARTESIAN_POINT('',(0.0163740017361111,0.0224809664382251,0.002));
#10465=CARTESIAN_POINT('',(0.0163648871527778,0.023245072341003,0.002));
#10466=CARTESIAN_POINT('',(0.0163648871527778,0.023245072341003,0.002));
#10467=CARTESIAN_POINT('',(0.0169960720486111,0.0232405150493363,0.002));
#10468=CARTESIAN_POINT('',(0.0176272569444444,0.0232359577576696,0.002));
#10469=CARTESIAN_POINT('',(0.0176272569444444,0.0232359577576696,0.002));
#10470=CARTESIAN_POINT('',(0.0176470052083333,0.022500714702114,0.002));
#10471=CARTESIAN_POINT('',(0.0184156684027778,0.0224900810215585,0.002));
#10472=CARTESIAN_POINT('',(0.0184156684027778,0.0224900810215585,0.002));
#10473=CARTESIAN_POINT('',(0.0184156684027778,0.0224900810215585,0.002));
#10474=CARTESIAN_POINT('',(0.018786328125,0.0224900810215585,0.002));
#10475=CARTESIAN_POINT('',(0.0190263454861111,0.0226419907437807,0.002));
#10476=CARTESIAN_POINT('',(0.0166580729166666,0.0285079846673919,0.002));
#10477=CARTESIAN_POINT('',(0.0167173177083334,0.0288945949104474,0.002));
#10478=CARTESIAN_POINT('',(0.016598828125,0.0281213744243363,0.002));
#10479=CARTESIAN_POINT('',(0.0163899522569444,0.0272000419590585,0.002));
#10480=CARTESIAN_POINT('',(0.0161810763888889,0.0262787094937807,0.002));
#10481=CARTESIAN_POINT('',(0.015751171875,0.0262787094937807,0.002));
#10482=CARTESIAN_POINT('',(0.0153212673611111,0.0262787094937807,0.002));
#10483=CARTESIAN_POINT('',(0.0155278645833333,0.027586652202114,0.002));
#10484=CARTESIAN_POINT('',(0.0157344618055555,0.0288945949104474,0.002));
#10485=CARTESIAN_POINT('',(0.0162258897569444,0.0288945949104474,0.002));
#10486=CARTESIAN_POINT('',(-0.00777280815972223,0.0102279282437807,0.002));
#10487=CARTESIAN_POINT('',(-0.00644587673611111,0.0102279282437807,0.002));
#10488=CARTESIAN_POINT('',(-0.00909973958333334,0.0102279282437807,0.002));
#10489=CARTESIAN_POINT('',(-0.00849969618055556,0.0136838744243363,0.002));
#10490=CARTESIAN_POINT('',(-0.00789965277777778,0.0171398206048919,0.002));
#10491=CARTESIAN_POINT('',(-0.00682185329861111,0.0171375419590585,0.002));
#10492=CARTESIAN_POINT('',(-0.00574405381944445,0.0171352633132251,0.002));
#10493=CARTESIAN_POINT('',(-0.00574405381944445,0.0171352633132251,0.002));
#10494=CARTESIAN_POINT('',(-0.00454244791666667,0.0171307060215585,0.002));
#10495=CARTESIAN_POINT('',(-0.00394012586805556,0.0166461140076696,0.002));
#10496=CARTESIAN_POINT('',(-0.00394012586805556,0.0166461140076696,0.002));
#10497=CARTESIAN_POINT('',(-0.00394012586805556,0.0166461140076696,0.002));
#10498=CARTESIAN_POINT('',(-0.00333780381944445,0.0161615219937807,0.002));
#10499=CARTESIAN_POINT('',(-0.00339401041666667,0.0152834837993363,0.002));
#10500=CARTESIAN_POINT('',(-0.00339401041666667,0.0152834837993363,0.002));
#10501=CARTESIAN_POINT('',(-0.00339401041666667,0.0152834837993363,0.002));
#10502=CARTESIAN_POINT('',(-0.00346085069444445,0.0142353067160029,0.002));
#10503=CARTESIAN_POINT('',(-0.00460473090277778,0.013750714702114,0.002));
#10504=CARTESIAN_POINT('',(-0.00460473090277778,0.013750714702114,0.002));
#10505=CARTESIAN_POINT('',(-0.00497902431261099,0.0126526409449106,0.002));
#10506=CARTESIAN_POINT('',(-0.003963671875,0.0132159924798918,0.002));
#10507=CARTESIAN_POINT('',(-0.003963671875,0.0132159924798918,0.002));
#10508=CARTESIAN_POINT('',(-0.00373580729166667,0.0128240653965585,0.002));
#10509=CARTESIAN_POINT('',(-0.00376922743055556,0.0122923813687807,0.002));
#10510=CARTESIAN_POINT('',(-0.00376922743055556,0.0122923813687807,0.002));
#10511=CARTESIAN_POINT('',(-0.00376922743055556,0.0122923813687807,0.002));
#10512=CARTESIAN_POINT('',(-0.00383606770833334,0.0113156018548918,0.002));
#10513=CARTESIAN_POINT('',(-0.00453637152777778,0.0107717650493363,0.002));
#10514=CARTESIAN_POINT('',(-0.00453637152777778,0.0107717650493363,0.002));
#10515=CARTESIAN_POINT('',(-0.00453637152777778,0.0107717650493363,0.002));
#10516=CARTESIAN_POINT('',(-0.00523667534722223,0.0102279282437807,0.002));
#10517=CARTESIAN_POINT('',(-0.00644587673611111,0.0102279282437807,0.002));
#10518=CARTESIAN_POINT('',(-0.00781979166666667,-0.0210560763888889,0.002));
#10519=CARTESIAN_POINT('',(-0.00855416666666667,-0.021425,0.002));
#10520=CARTESIAN_POINT('',(-0.00941180555555556,-0.021409375,0.002));
#10521=CARTESIAN_POINT('',(-0.00781979166666667,-0.0210560763888889,0.002));
#10522=CARTESIAN_POINT('',(-0.00941180555555556,-0.021409375,0.002));
#10523=CARTESIAN_POINT('',(-0.00941180555555556,-0.021409375,0.002));
#10524=CARTESIAN_POINT('',(-0.0101982638888889,-0.0213920138888889,0.002));
#10525=CARTESIAN_POINT('',(-0.0107980902777778,-0.0210369791666667,0.002));
#10526=CARTESIAN_POINT('',(-0.0107980902777778,-0.0210369791666667,0.002));
#10527=CARTESIAN_POINT('',(-0.0107980902777778,-0.0210369791666667,0.002));
#10528=CARTESIAN_POINT('',(-0.0113979166666667,-0.0206819444444444,0.002));
#10529=CARTESIAN_POINT('',(-0.0117477430555556,-0.0200118055555556,0.002));
#10530=CARTESIAN_POINT('',(-0.0117477430555556,-0.0200118055555556,0.002));
#10531=CARTESIAN_POINT('',(-0.0117477430555556,-0.0200118055555556,0.002));
#10532=CARTESIAN_POINT('',(-0.0120975694444444,-0.0193416666666666,0.002));
#10533=CARTESIAN_POINT('',(-0.0121513888888889,-0.0184736111111111,0.002));
#10534=CARTESIAN_POINT('',(-0.0121513888888889,-0.0184736111111111,0.002));
#10535=CARTESIAN_POINT('',(-0.0121513888888889,-0.0184736111111111,0.002));
#10536=CARTESIAN_POINT('',(-0.0122121527777778,-0.0175829861111111,0.002));
#10537=CARTESIAN_POINT('',(-0.0119621527777778,-0.0165743055555556,0.002));
#10538=CARTESIAN_POINT('',(-0.0119621527777778,-0.0165743055555556,0.002));
#10539=CARTESIAN_POINT('',(-0.0119621527777778,-0.0165743055555556,0.002));
#10540=CARTESIAN_POINT('',(-0.0117121527777778,-0.015565625,0.002));
#10541=CARTESIAN_POINT('',(-0.0111592013888889,-0.0148008680555556,0.002));
#10542=CARTESIAN_POINT('',(-0.0111592013888889,-0.0148008680555556,0.002));
#10543=CARTESIAN_POINT('',(-0.0111592013888889,-0.0148008680555556,0.002));
#10544=CARTESIAN_POINT('',(-0.01060625,-0.0140361111111111,0.002));
#10545=CARTESIAN_POINT('',(-0.00985972222222223,-0.0136559027777778,0.002));
#10546=CARTESIAN_POINT('',(-0.00985972222222223,-0.0136559027777778,0.002));
#10547=CARTESIAN_POINT('',(-0.00833621419303172,-0.016657495280927,0.002));
#10548=CARTESIAN_POINT('',(-0.00824513888888889,-0.0132913194444444,0.002));
#10549=CARTESIAN_POINT('',(-0.00824513888888889,-0.0132913194444444,0.002));
#10550=CARTESIAN_POINT('',(-0.00744826388888889,-0.0133086805555556,0.002));
#10551=CARTESIAN_POINT('',(-0.00685104166666667,-0.0136689236111111,0.002));
#10552=CARTESIAN_POINT('',(-0.00685104166666667,-0.0136689236111111,0.002));
#10553=CARTESIAN_POINT('',(-0.00685104166666667,-0.0136689236111111,0.002));
#10554=CARTESIAN_POINT('',(-0.00625381944444445,-0.0140291666666667,0.002));
#10555=CARTESIAN_POINT('',(-0.00591267361111112,-0.0147053819444444,0.002));
#10556=CARTESIAN_POINT('',(-0.00591267361111112,-0.0147053819444444,0.002));
#10557=CARTESIAN_POINT('',(-0.00591267361111112,-0.0147053819444444,0.002));
#10558=CARTESIAN_POINT('',(-0.00557152777777778,-0.0153815972222222,0.002));
#10559=CARTESIAN_POINT('',(-0.00552291666666667,-0.0162375,0.002));
#10560=CARTESIAN_POINT('',(-0.00552291666666667,-0.0162375,0.002));
#10561=CARTESIAN_POINT('',(-0.00552291666666667,-0.0162375,0.002));
#10562=CARTESIAN_POINT('',(-0.00546736111111112,-0.0171923611111111,0.002));
#10563=CARTESIAN_POINT('',(-0.00572777777777778,-0.0182019097222222,0.002));
#10564=CARTESIAN_POINT('',(-0.00572777777777778,-0.0182019097222222,0.002));
#10565=CARTESIAN_POINT('',(-0.00572777777777778,-0.0182019097222222,0.002));
#10566=CARTESIAN_POINT('',(-0.00598819444444445,-0.0192114583333334,0.002));
#10567=CARTESIAN_POINT('',(-0.00653680555555556,-0.0199493055555555,0.002));
#10568=CARTESIAN_POINT('',(-0.00653680555555556,-0.0199493055555555,0.002));
#10569=CARTESIAN_POINT('',(-0.00653680555555556,-0.0199493055555555,0.002));
#10570=CARTESIAN_POINT('',(-0.00708541666666667,-0.0206871527777778,0.002));
#10571=CARTESIAN_POINT('',(-0.00781979166666667,-0.0210560763888889,0.002));
#10572=CARTESIAN_POINT('',(-0.00152636172907061,0.0242404435939794,0.002));
#10573=CARTESIAN_POINT('',(-0.000417339409722228,0.0217426851882251,0.002));
#10574=CARTESIAN_POINT('',(-0.00158932291666667,0.0215072251187807,0.002));
#10575=CARTESIAN_POINT('',(-0.00158932291666667,0.0215072251187807,0.002));
#10576=CARTESIAN_POINT('',(-0.00226380208333334,0.0215133015076696,0.002));
#10577=CARTESIAN_POINT('',(-0.00278333333333334,0.0218383883132252,0.002));
#10578=CARTESIAN_POINT('',(-0.00278333333333334,0.0218383883132252,0.002));
#10579=CARTESIAN_POINT('',(-0.0017293268632249,0.0235378118449321,0.002));
#10580=CARTESIAN_POINT('',(-0.00355959201388889,0.0227308579312807,0.002));
#10581=CARTESIAN_POINT('',(-0.00355959201388889,0.0227308579312807,0.002));
#10582=CARTESIAN_POINT('',(-0.00381631944444445,0.0232982407437807,0.002));
#10583=CARTESIAN_POINT('',(-0.00375859375000001,0.0239818344937807,0.002));
#10584=CARTESIAN_POINT('',(-0.00375859375000001,0.0239818344937807,0.002));
#10585=CARTESIAN_POINT('',(-0.0037517578125,0.0240767780701696,0.002));
#10586=CARTESIAN_POINT('',(-0.0037445938756625,0.0241716928001594,0.002));
#10587=CARTESIAN_POINT('',(-0.000436124710310505,0.023880724463,0.002));
#10588=CARTESIAN_POINT('',(-0.00330818142361111,0.0255472641812807,0.002));
#10589=CARTESIAN_POINT('',(-0.00330818142361111,0.0255472641812807,0.002));
#10590=CARTESIAN_POINT('',(-0.00294283854166667,0.0261738917854474,0.002));
#10591=CARTESIAN_POINT('',(-0.00236861979166667,0.0265134100146141,0.002));
#10592=CARTESIAN_POINT('',(-0.00236861979166667,0.0265134100146141,0.002));
#10593=CARTESIAN_POINT('',(-0.00236861979166667,0.0265134100146141,0.002));
#10594=CARTESIAN_POINT('',(-0.00179440104166667,0.0268529282437807,0.002));
#10595=CARTESIAN_POINT('',(-0.00109561631944445,0.0268346990771141,0.002));
#10596=CARTESIAN_POINT('',(-0.00109561631944445,0.0268346990771141,0.002));
#10597=CARTESIAN_POINT('',(-0.00109561631944445,0.0268346990771141,0.002));
#10598=CARTESIAN_POINT('',(-0.000103645833333339,0.0268149508132252,0.002));
#10599=CARTESIAN_POINT('',(0.000406770833333329,0.0261055324104474,0.002));
#10600=CARTESIAN_POINT('',(0.000406770833333329,0.0261055324104474,0.002));
#10601=CARTESIAN_POINT('',(0.000406770833333329,0.0261055324104474,0.002));
#10602=CARTESIAN_POINT('',(0.0009171875,0.0253961140076696,0.002));
#10603=CARTESIAN_POINT('',(0.000792621527777773,0.0243084403965585,0.002));
#10604=CARTESIAN_POINT('',(0.000792621527777773,0.0243084403965585,0.002));
#10605=CARTESIAN_POINT('',(0.000754644097222217,0.0240167737298919,0.002));
#10606=CARTESIAN_POINT('',(0.000716666666666661,0.0237251070632251,0.002));
#10607=CARTESIAN_POINT('',(-0.00085635850694445,0.0237251070632251,0.002));
#10608=CARTESIAN_POINT('',(-0.00242938368055556,0.0237251070632251,0.002));
#10609=CARTESIAN_POINT('',(-0.00242938368055556,0.0237251070632251,0.002));
#10610=CARTESIAN_POINT('',(-0.00244913194444445,0.0232268431743363,0.002));
#10611=CARTESIAN_POINT('',(-0.00218784722222223,0.0229275810215585,0.002));
#10612=CARTESIAN_POINT('',(-0.00218784722222223,0.0229275810215585,0.002));
#10613=CARTESIAN_POINT('',(-0.00218784722222223,0.0229275810215585,0.002));
#10614=CARTESIAN_POINT('',(-0.00192656250000001,0.0226283188687807,0.002));
#10615=CARTESIAN_POINT('',(-0.001475390625,0.0226192042854474,0.002));
#10616=CARTESIAN_POINT('',(-0.001475390625,0.0226192042854474,0.002));
#10617=CARTESIAN_POINT('',(-0.001475390625,0.0226192042854474,0.002));
#10618=CARTESIAN_POINT('',(-0.000744704861111115,0.0225994560215585,0.002));
#10619=CARTESIAN_POINT('',(-0.000194791666666671,0.023184308452114,0.002));
#10620=CARTESIAN_POINT('',(-0.000194791666666672,0.023184308452114,0.002));
#10621=CARTESIAN_POINT('',(0.000112065972222217,0.0228045341465585,0.002));
#10622=CARTESIAN_POINT('',(0.000418923611111106,0.022424759841003,0.002));
#10623=CARTESIAN_POINT('',(0.000418923611111106,0.022424759841003,0.002));
#10624=CARTESIAN_POINT('',(0.000128776041666662,0.0219872598410029,0.002));
#10625=CARTESIAN_POINT('',(-0.000417339409722228,0.0217426851882251,0.002));
#10626=CARTESIAN_POINT('',(0.0144059299375961,0.0128654435939792,0.002));
#10627=CARTESIAN_POINT('',(0.0155149522569445,0.0103676851882252,0.002));
#10628=CARTESIAN_POINT('',(0.01434296875,0.0101322251187807,0.002));
#10629=CARTESIAN_POINT('',(0.01434296875,0.0101322251187807,0.002));
#10630=CARTESIAN_POINT('',(0.0136684895833333,0.0101383015076696,0.002));
#10631=CARTESIAN_POINT('',(0.0131489583333333,0.0104633883132252,0.002));
#10632=CARTESIAN_POINT('',(0.0131489583333333,0.0104633883132252,0.002));
#10633=CARTESIAN_POINT('',(0.0142029648034418,0.0121628118449322,0.002));
#10634=CARTESIAN_POINT('',(0.0123726996527778,0.0113558579312807,0.002));
#10635=CARTESIAN_POINT('',(0.0123726996527778,0.0113558579312807,0.002));
#10636=CARTESIAN_POINT('',(0.0121159722222222,0.0119232407437807,0.002));
#10637=CARTESIAN_POINT('',(0.0121736979166667,0.0126068344937807,0.002));
#10638=CARTESIAN_POINT('',(0.0121736979166667,0.0126068344937807,0.002));
#10639=CARTESIAN_POINT('',(0.0121805338541667,0.0127017780701696,0.002));
#10640=CARTESIAN_POINT('',(0.0121876977910042,0.0127966928001594,0.002));
#10641=CARTESIAN_POINT('',(0.0154961669563563,0.012505724463,0.002));
#10642=CARTESIAN_POINT('',(0.0126241102430555,0.0141722641812807,0.002));
#10643=CARTESIAN_POINT('',(0.0126241102430555,0.0141722641812807,0.002));
#10644=CARTESIAN_POINT('',(0.012989453125,0.0147988917854474,0.002));
#10645=CARTESIAN_POINT('',(0.013563671875,0.0151384100146141,0.002));
#10646=CARTESIAN_POINT('',(0.013563671875,0.0151384100146141,0.002));
#10647=CARTESIAN_POINT('',(0.013563671875,0.0151384100146141,0.002));
#10648=CARTESIAN_POINT('',(0.014137890625,0.0154779282437807,0.002));
#10649=CARTESIAN_POINT('',(0.0148366753472222,0.015459699077114,0.002));
#10650=CARTESIAN_POINT('',(0.0148366753472222,0.015459699077114,0.002));
#10651=CARTESIAN_POINT('',(0.0148366753472222,0.015459699077114,0.002));
#10652=CARTESIAN_POINT('',(0.0158286458333334,0.0154399508132251,0.002));
#10653=CARTESIAN_POINT('',(0.0163390625,0.0147305324104474,0.002));
#10654=CARTESIAN_POINT('',(0.0163390625,0.0147305324104474,0.002));
#10655=CARTESIAN_POINT('',(0.0163390625,0.0147305324104474,0.002));
#10656=CARTESIAN_POINT('',(0.0168494791666666,0.0140211140076696,0.002));
#10657=CARTESIAN_POINT('',(0.0167249131944444,0.0129334403965585,0.002));
#10658=CARTESIAN_POINT('',(0.0167249131944444,0.0129334403965585,0.002));
#10659=CARTESIAN_POINT('',(0.0166869357638889,0.0126417737298918,0.002));
#10660=CARTESIAN_POINT('',(0.0166489583333334,0.0123501070632252,0.002));
#10661=CARTESIAN_POINT('',(0.0150759331597222,0.0123501070632252,0.002));
#10662=CARTESIAN_POINT('',(0.0135029079861111,0.0123501070632252,0.002));
#10663=CARTESIAN_POINT('',(0.0135029079861111,0.0123501070632252,0.002));
#10664=CARTESIAN_POINT('',(0.0134831597222222,0.0118518431743363,0.002));
#10665=CARTESIAN_POINT('',(0.0137444444444444,0.0115525810215585,0.002));
#10666=CARTESIAN_POINT('',(0.0137444444444444,0.0115525810215585,0.002));
#10667=CARTESIAN_POINT('',(0.0137444444444444,0.0115525810215585,0.002));
#10668=CARTESIAN_POINT('',(0.0140057291666667,0.0112533188687807,0.002));
#10669=CARTESIAN_POINT('',(0.0144569010416667,0.0112442042854474,0.002));
#10670=CARTESIAN_POINT('',(0.0144569010416667,0.0112442042854474,0.002));
#10671=CARTESIAN_POINT('',(0.0144569010416667,0.0112442042854474,0.002));
#10672=CARTESIAN_POINT('',(0.0151875868055556,0.0112244560215585,0.002));
#10673=CARTESIAN_POINT('',(0.0157375,0.0118093084521141,0.002));
#10674=CARTESIAN_POINT('',(0.0157375,0.011809308452114,0.002));
#10675=CARTESIAN_POINT('',(0.0160443576388889,0.0114295341465585,0.002));
#10676=CARTESIAN_POINT('',(0.0163512152777778,0.0110497598410029,0.002));
#10677=CARTESIAN_POINT('',(0.0163512152777778,0.0110497598410029,0.002));
#10678=CARTESIAN_POINT('',(0.0160610677083334,0.0106122598410029,0.002));
#10679=CARTESIAN_POINT('',(0.0155149522569445,0.0103676851882252,0.002));
#10680=CARTESIAN_POINT('',(-0.01651,0.02053,0.002));
#10681=CARTESIAN_POINT('',(-0.01031,0.02053,0.002));
#10682=CARTESIAN_POINT('',(-0.01651,-0.02155,0.002));
#10683=CARTESIAN_POINT('',(-0.01321,-0.02155,0.002));
#10684=CARTESIAN_POINT('',(-0.01651,-0.00377,0.002));
#10685=CARTESIAN_POINT('',(-0.01321,-0.00377,0.002));
#10686=CARTESIAN_POINT('',(-0.01651,-0.0127,0.002));
#10687=CARTESIAN_POINT('',(-0.01381,-0.0127,0.002));
#10688=CARTESIAN_POINT('',(-0.01651,0.00508,0.002));
#10689=CARTESIAN_POINT('',(-0.01381,0.00508,0.002));
#10690=CARTESIAN_POINT('',(0.,0.0322,0.002));
#10691=CARTESIAN_POINT('',(-0.0262,0.0322,0.002));
#10692=CARTESIAN_POINT('',(0.0222,0.0322,0.002));
#10693=CARTESIAN_POINT('',(-0.0262,0.0312,0.002));
#10694=CARTESIAN_POINT('',(-0.0262,0.0102,0.002));
#10695=CARTESIAN_POINT('',(-0.0232,0.000605926199257372,0.002));
#10696=CARTESIAN_POINT('',(-0.0222,-0.00259209840099015,0.002));
#10697=CARTESIAN_POINT('',(-0.0222,-0.011,0.002));
#10698=CARTESIAN_POINT('',(-0.0222,-0.0322,0.002));
#10699=CARTESIAN_POINT('',(-1.7347234759768E-18,-0.0322,0.002));
#10700=CARTESIAN_POINT('',(0.0222,-0.0322,0.002));
#10701=CARTESIAN_POINT('',(0.0222,0.,0.002));
#10702=CARTESIAN_POINT('',(-0.00617829861111111,0.00459930555555555,0.002));
#10703=CARTESIAN_POINT('',(-0.00697604166666667,0.00459930555555555,0.002));
#10704=CARTESIAN_POINT('',(-0.00538055555555556,0.00459930555555555,0.002));
#10705=CARTESIAN_POINT('',(-0.00582586805555556,0.00199513888888889,0.002));
#10706=CARTESIAN_POINT('',(-0.00627118055555555,-0.000609027777777778,0.002));
#10707=CARTESIAN_POINT('',(-0.00627118055555555,-0.000609027777777778,0.002));
#10708=CARTESIAN_POINT('',(-0.00645520833333333,-0.00191631944444445,0.002));
#10709=CARTESIAN_POINT('',(-0.00735625,-0.00267586805555556,0.002));
#10710=CARTESIAN_POINT('',(-0.00735625,-0.00267586805555556,0.002));
#10711=CARTESIAN_POINT('',(-0.00735625,-0.00267586805555556,0.002));
#10712=CARTESIAN_POINT('',(-0.00825729166666667,-0.00343541666666667,0.002));
#10713=CARTESIAN_POINT('',(-0.009590625,-0.00341458333333334,0.002));
#10714=CARTESIAN_POINT('',(-0.009590625,-0.00341458333333334,0.002));
#10715=CARTESIAN_POINT('',(-0.009590625,-0.00341458333333334,0.002));
#10716=CARTESIAN_POINT('',(-0.0104274305555555,-0.00339722222222222,0.002));
#10717=CARTESIAN_POINT('',(-0.0110428819444444,-0.00304739583333334,0.002));
#10718=CARTESIAN_POINT('',(-0.0110428819444444,-0.00304739583333334,0.002));
#10719=CARTESIAN_POINT('',(-0.0100080157044599,-0.00118338177182678,0.002));
#10720=CARTESIAN_POINT('',(-0.0119508680555555,-0.00206041666666667,0.002));
#10721=CARTESIAN_POINT('',(-0.0119508680555555,-0.00206041666666667,0.002));
#10722=CARTESIAN_POINT('',(-0.0122434027777778,-0.00142326388888889,0.002));
#10723=CARTESIAN_POINT('',(-0.0121513888888889,-0.000614236111111111,0.002));
#10724=CARTESIAN_POINT('',(-0.0121513888888889,-0.000614236111111114,0.002));
#10725=CARTESIAN_POINT('',(-0.0117095486111111,0.00199253472222222,0.002));
#10726=CARTESIAN_POINT('',(-0.0112677083333333,0.00459930555555555,0.002));
#10727=CARTESIAN_POINT('',(-0.0104725694444444,0.00459930555555555,0.002));
#10728=CARTESIAN_POINT('',(-0.00967743055555555,0.00459930555555555,0.002));
#10729=CARTESIAN_POINT('',(-0.0101201388888889,0.00198993055555556,0.002));
#10730=CARTESIAN_POINT('',(-0.0105626450546523,-0.000619471844075266,0.002));
#10731=CARTESIAN_POINT('',(-0.00828373795343392,-0.000928330546076236,0.002));
#10732=CARTESIAN_POINT('',(-0.0105680555555555,-0.00118888888888889,0.002));
#10733=CARTESIAN_POINT('',(-0.0105680555555555,-0.00118888888888889,0.002));
#10734=CARTESIAN_POINT('',(-0.0104586805555556,-0.00206909722222222,0.002));
#10735=CARTESIAN_POINT('',(-0.00952118055555555,-0.00210034722222222,0.002));
#10736=CARTESIAN_POINT('',(-0.00952118055555555,-0.00210034722222222,0.002));
#10737=CARTESIAN_POINT('',(-0.00952118055555555,-0.00210034722222222,0.002));
#10738=CARTESIAN_POINT('',(-0.00884756944444444,-0.00212291666666666,0.002));
#10739=CARTESIAN_POINT('',(-0.00841875,-0.00173229166666666,0.002));
#10740=CARTESIAN_POINT('',(-0.00841875,-0.00173229166666666,0.002));
#10741=CARTESIAN_POINT('',(-0.00841875,-0.00173229166666666,0.002));
#10742=CARTESIAN_POINT('',(-0.00798993055555555,-0.00134166666666667,0.002));
#10743=CARTESIAN_POINT('',(-0.00786666666666666,-0.000614236111111111,0.002));
#10744=CARTESIAN_POINT('',(-0.00786666666666666,-0.000614236111111112,0.002));
#10745=CARTESIAN_POINT('',(-0.00742135416666667,0.00199253472222222,0.002));
#10746=CARTESIAN_POINT('',(0.00573196614583333,0.0261131278965585,0.002));
#10747=CARTESIAN_POINT('',(0.00647252604166666,0.0268635619243362,0.002));
#10748=CARTESIAN_POINT('',(0.00754500868055555,0.0268346990771141,0.002));
#10749=CARTESIAN_POINT('',(0.00573196614583333,0.0261131278965585,0.002));
#10750=CARTESIAN_POINT('',(0.00754500868055555,0.0268346990771141,0.002));
#10751=CARTESIAN_POINT('',(0.00754500868055555,0.0268346990771141,0.002));
#10752=CARTESIAN_POINT('',(0.00822404513888888,0.0268255844937807,0.002));
#10753=CARTESIAN_POINT('',(0.00871547309027777,0.026486066264614,0.002));
#10754=CARTESIAN_POINT('',(0.00871547309027777,0.026486066264614,0.002));
#10755=CARTESIAN_POINT('',(0.00871547309027777,0.026486066264614,0.002));
#10756=CARTESIAN_POINT('',(0.00920690104166666,0.0261465480354474,0.002));
#10757=CARTESIAN_POINT('',(0.00943704427083333,0.0255503023757251,0.002));
#10758=CARTESIAN_POINT('',(0.00943704427083333,0.0255503023757251,0.002));
#10759=CARTESIAN_POINT('',(0.00943704427083333,0.0255503023757251,0.002));
#10760=CARTESIAN_POINT('',(0.00966718749999999,0.024954056716003,0.002));
#10761=CARTESIAN_POINT('',(0.00960034722222221,0.0242279282437807,0.002));
#10762=CARTESIAN_POINT('',(0.00960034722222221,0.0242279282437807,0.002));
#10763=CARTESIAN_POINT('',(0.00960034722222221,0.0242279282437807,0.002));
#10764=CARTESIAN_POINT('',(0.00949097222222222,0.0230035358826696,0.002));
#10765=CARTESIAN_POINT('',(0.00874813368055555,0.0222462659173918,0.002));
#10766=CARTESIAN_POINT('',(0.00874813368055555,0.0222462659173918,0.002));
#10767=CARTESIAN_POINT('',(0.00874813368055555,0.0222462659173918,0.002));
#10768=CARTESIAN_POINT('',(0.00800529513888888,0.021488995952114,0.002));
#10769=CARTESIAN_POINT('',(0.0069130642361111,0.0215072251187807,0.002));
#10770=CARTESIAN_POINT('',(0.0069130642361111,0.0215072251187807,0.002));
#10771=CARTESIAN_POINT('',(0.0069130642361111,0.0215072251187807,0.002));
#10772=CARTESIAN_POINT('',(0.00624466145833333,0.0215178587993363,0.002));
#10773=CARTESIAN_POINT('',(0.00575551215277777,0.0218520601882252,0.002));
#10774=CARTESIAN_POINT('',(0.00575551215277777,0.0218520601882252,0.002));
#10775=CARTESIAN_POINT('',(0.00575551215277777,0.0218520601882252,0.002));
#10776=CARTESIAN_POINT('',(0.00526636284722222,0.022186261577114,0.002));
#10777=CARTESIAN_POINT('',(0.00503394097222222,0.022780228591003,0.002));
#10778=CARTESIAN_POINT('',(0.00503394097222222,0.022780228591003,0.002));
#10779=CARTESIAN_POINT('',(0.00503394097222222,0.022780228591003,0.002));
#10780=CARTESIAN_POINT('',(0.00480151909722222,0.0233741956048919,0.002));
#10781=CARTESIAN_POINT('',(0.00486684027777777,0.0240912094937807,0.002));
#10782=CARTESIAN_POINT('',(0.00486684027777777,0.0240912094937807,0.002));
#10783=CARTESIAN_POINT('',(0.00486684027777777,0.0240912094937807,0.002));
#10784=CARTESIAN_POINT('',(0.00499140624999999,0.0253626938687807,0.002));
#10785=CARTESIAN_POINT('',(0.00573196614583333,0.0261131278965585,0.002));
#10786=CARTESIAN_POINT('',(0.00752299730963425,-0.000285696742633234,0.002));
#10787=CARTESIAN_POINT('',(0.00879045138888889,-0.00314027777777778,0.002));
#10788=CARTESIAN_POINT('',(0.00745104166666667,-0.003409375,0.002));
#10789=CARTESIAN_POINT('',(0.00745104166666667,-0.003409375,0.002));
#10790=CARTESIAN_POINT('',(0.00668020833333333,-0.00340243055555556,0.002));
#10791=CARTESIAN_POINT('',(0.00608645833333333,-0.00303090277777778,0.002));
#10792=CARTESIAN_POINT('',(0.00608645833333333,-0.00303090277777778,0.002));
#10793=CARTESIAN_POINT('',(0.0072910371563115,-0.00108870445582973,0.002));
#10794=CARTESIAN_POINT('',(0.00519930555555556,-0.0020109375,0.002));
#10795=CARTESIAN_POINT('',(0.00519930555555556,-0.0020109375,0.002));
#10796=CARTESIAN_POINT('',(0.00490590277777778,-0.0013625,0.002));
#10797=CARTESIAN_POINT('',(0.004971875,-0.00058125,0.002));
#10798=CARTESIAN_POINT('',(0.004971875,-0.00058125,0.002));
#10799=CARTESIAN_POINT('',(0.0049796875,-0.000472743055555556,0.002));
#10800=CARTESIAN_POINT('',(0.00498787485638568,-0.00036426907842432,0.002));
#10801=CARTESIAN_POINT('',(0.00876898247393373,-0.000696804320893245,0.002));
#10802=CARTESIAN_POINT('',(0.00548663194444444,0.0012078125,0.002));
#10803=CARTESIAN_POINT('',(0.00548663194444444,0.0012078125,0.002));
#10804=CARTESIAN_POINT('',(0.00590416666666667,0.00192395833333333,0.002));
#10805=CARTESIAN_POINT('',(0.00656041666666666,0.00231197916666666,0.002));
#10806=CARTESIAN_POINT('',(0.00656041666666666,0.00231197916666666,0.002));
#10807=CARTESIAN_POINT('',(0.00656041666666666,0.00231197916666666,0.002));
#10808=CARTESIAN_POINT('',(0.00721666666666667,0.0027,0.002));
#10809=CARTESIAN_POINT('',(0.00801527777777778,0.00267916666666667,0.002));
#10810=CARTESIAN_POINT('',(0.00801527777777778,0.00267916666666667,0.002));
#10811=CARTESIAN_POINT('',(0.00801527777777778,0.00267916666666667,0.002));
#10812=CARTESIAN_POINT('',(0.00914895833333333,0.00265659722222222,0.002));
#10813=CARTESIAN_POINT('',(0.00973229166666667,0.00184583333333333,0.002));
#10814=CARTESIAN_POINT('',(0.00973229166666667,0.00184583333333333,0.002));
#10815=CARTESIAN_POINT('',(0.00973229166666667,0.00184583333333333,0.002));
#10816=CARTESIAN_POINT('',(0.010315625,0.00103506944444444,0.002));
#10817=CARTESIAN_POINT('',(0.0101732638888889,-0.000207986111111112,0.002));
#10818=CARTESIAN_POINT('',(0.0101732638888889,-0.000207986111111112,0.002));
#10819=CARTESIAN_POINT('',(0.0101298611111111,-0.000541319444444445,0.002));
#10820=CARTESIAN_POINT('',(0.0100864583333333,-0.000874652777777778,0.002));
#10821=CARTESIAN_POINT('',(0.00828871527777778,-0.000874652777777778,0.002));
#10822=CARTESIAN_POINT('',(0.00649097222222222,-0.000874652777777778,0.002));
#10823=CARTESIAN_POINT('',(0.00649097222222222,-0.000874652777777778,0.002));
#10824=CARTESIAN_POINT('',(0.00646840277777778,-0.00144409722222222,0.002));
#10825=CARTESIAN_POINT('',(0.00676701388888889,-0.00178611111111111,0.002));
#10826=CARTESIAN_POINT('',(0.00676701388888889,-0.00178611111111111,0.002));
#10827=CARTESIAN_POINT('',(0.00676701388888889,-0.00178611111111111,0.002));
#10828=CARTESIAN_POINT('',(0.007065625,-0.002128125,0.002));
#10829=CARTESIAN_POINT('',(0.00758125,-0.00213854166666666,0.002));
#10830=CARTESIAN_POINT('',(0.00758125,-0.00213854166666666,0.002));
#10831=CARTESIAN_POINT('',(0.00758125,-0.00213854166666666,0.002));
#10832=CARTESIAN_POINT('',(0.00841631944444444,-0.00216111111111111,0.002));
#10833=CARTESIAN_POINT('',(0.00904479166666666,-0.00149270833333333,0.002));
#10834=CARTESIAN_POINT('',(0.00904479166666666,-0.00149270833333333,0.002));
#10835=CARTESIAN_POINT('',(0.00939548611111111,-0.00192673611111111,0.002));
#10836=CARTESIAN_POINT('',(0.00974618055555555,-0.00236076388888889,0.002));
#10837=CARTESIAN_POINT('',(0.00974618055555555,-0.00236076388888889,0.002));
#10838=CARTESIAN_POINT('',(0.00941458333333333,-0.00286076388888889,0.002));
#10839=CARTESIAN_POINT('',(0.00879045138888889,-0.00314027777777778,0.002));
#10840=CARTESIAN_POINT('',(0.00745702508741145,-0.0182856967426301,0.002));
#10841=CARTESIAN_POINT('',(0.00872447916666667,-0.0211402777777778,0.002));
#10842=CARTESIAN_POINT('',(0.00738506944444444,-0.021409375,0.002));
#10843=CARTESIAN_POINT('',(0.00738506944444444,-0.021409375,0.002));
#10844=CARTESIAN_POINT('',(0.00661423611111111,-0.0214024305555555,0.002));
#10845=CARTESIAN_POINT('',(0.00602048611111111,-0.0210309027777778,0.002));
#10846=CARTESIAN_POINT('',(0.00602048611111111,-0.0210309027777778,0.002));
#10847=CARTESIAN_POINT('',(0.00722506493409233,-0.0190887044558269,0.002));
#10848=CARTESIAN_POINT('',(0.00513333333333333,-0.0200109375,0.002));
#10849=CARTESIAN_POINT('',(0.00513333333333333,-0.0200109375,0.002));
#10850=CARTESIAN_POINT('',(0.00483993055555555,-0.0193625,0.002));
#10851=CARTESIAN_POINT('',(0.00490590277777778,-0.01858125,0.002));
#10852=CARTESIAN_POINT('',(0.00490590277777778,-0.01858125,0.002));
#10853=CARTESIAN_POINT('',(0.00491371527777778,-0.0184727430555555,0.002));
#10854=CARTESIAN_POINT('',(0.00492190263416346,-0.0183642690784243,0.002));
#10855=CARTESIAN_POINT('',(0.0087030102517116,-0.0186968043208933,0.002));
#10856=CARTESIAN_POINT('',(0.00542065972222222,-0.0167921875,0.002));
#10857=CARTESIAN_POINT('',(0.00542065972222222,-0.0167921875,0.002));
#10858=CARTESIAN_POINT('',(0.00583819444444444,-0.0160760416666666,0.002));
#10859=CARTESIAN_POINT('',(0.00649444444444444,-0.0156880208333334,0.002));
#10860=CARTESIAN_POINT('',(0.00649444444444444,-0.0156880208333334,0.002));
#10861=CARTESIAN_POINT('',(0.00649444444444444,-0.0156880208333334,0.002));
#10862=CARTESIAN_POINT('',(0.00715069444444444,-0.0153,0.002));
#10863=CARTESIAN_POINT('',(0.00794930555555556,-0.0153208333333333,0.002));
#10864=CARTESIAN_POINT('',(0.00794930555555556,-0.0153208333333333,0.002));
#10865=CARTESIAN_POINT('',(0.00794930555555556,-0.0153208333333333,0.002));
#10866=CARTESIAN_POINT('',(0.00908298611111111,-0.0153434027777778,0.002));
#10867=CARTESIAN_POINT('',(0.00966631944444444,-0.0161541666666667,0.002));
#10868=CARTESIAN_POINT('',(0.00966631944444444,-0.0161541666666667,0.002));
#10869=CARTESIAN_POINT('',(0.00966631944444444,-0.0161541666666667,0.002));
#10870=CARTESIAN_POINT('',(0.0102496527777778,-0.0169649305555555,0.002));
#10871=CARTESIAN_POINT('',(0.0101072916666667,-0.0182079861111111,0.002));
#10872=CARTESIAN_POINT('',(0.0101072916666667,-0.0182079861111111,0.002));
#10873=CARTESIAN_POINT('',(0.0100638888888889,-0.0185413194444444,0.002));
#10874=CARTESIAN_POINT('',(0.0100204861111111,-0.0188746527777778,0.002));
#10875=CARTESIAN_POINT('',(0.00822274305555555,-0.0188746527777778,0.002));
#10876=CARTESIAN_POINT('',(0.006425,-0.0188746527777778,0.002));
#10877=CARTESIAN_POINT('',(0.006425,-0.0188746527777778,0.002));
#10878=CARTESIAN_POINT('',(0.00640243055555556,-0.0194440972222222,0.002));
#10879=CARTESIAN_POINT('',(0.00670104166666667,-0.0197861111111111,0.002));
#10880=CARTESIAN_POINT('',(0.00670104166666667,-0.0197861111111111,0.002));
#10881=CARTESIAN_POINT('',(0.00670104166666667,-0.0197861111111111,0.002));
#10882=CARTESIAN_POINT('',(0.00699965277777778,-0.020128125,0.002));
#10883=CARTESIAN_POINT('',(0.00751527777777778,-0.0201385416666666,0.002));
#10884=CARTESIAN_POINT('',(0.00751527777777778,-0.0201385416666666,0.002));
#10885=CARTESIAN_POINT('',(0.00751527777777778,-0.0201385416666666,0.002));
#10886=CARTESIAN_POINT('',(0.00835034722222222,-0.0201611111111111,0.002));
#10887=CARTESIAN_POINT('',(0.00897881944444444,-0.0194927083333334,0.002));
#10888=CARTESIAN_POINT('',(0.00897881944444444,-0.0194927083333334,0.002));
#10889=CARTESIAN_POINT('',(0.00932951388888889,-0.0199267361111111,0.002));
#10890=CARTESIAN_POINT('',(0.00968020833333333,-0.0203607638888889,0.002));
#10891=CARTESIAN_POINT('',(0.00968020833333333,-0.0203607638888889,0.002));
#10892=CARTESIAN_POINT('',(0.00934861111111111,-0.0208607638888889,0.002));
#10893=CARTESIAN_POINT('',(0.00872447916666667,-0.0211402777777778,0.002));
#10894=CARTESIAN_POINT('',(0.00413873445658034,-0.000940284970395145,0.002));
#10895=CARTESIAN_POINT('',(-0.001278125,-0.00114027777777778,0.002));
#10896=CARTESIAN_POINT('',(-0.00125208333333333,-0.000359027777777778,0.002));
#10897=CARTESIAN_POINT('',(-0.00125208333333333,-0.000359027777777778,0.002));
#10898=CARTESIAN_POINT('',(-0.00108888888888889,0.00100208333333333,0.002));
#10899=CARTESIAN_POINT('',(-0.000364930555555556,0.00185104166666667,0.002));
#10900=CARTESIAN_POINT('',(-0.000364930555555556,0.00185104166666667,0.002));
#10901=CARTESIAN_POINT('',(-0.000364930555555556,0.00185104166666667,0.002));
#10902=CARTESIAN_POINT('',(0.000359027777777777,0.0027,0.002));
#10903=CARTESIAN_POINT('',(0.00146145833333333,0.002684375,0.002));
#10904=CARTESIAN_POINT('',(0.00146145833333333,0.002684375,0.002));
#10905=CARTESIAN_POINT('',(0.00146145833333333,0.002684375,0.002));
#10906=CARTESIAN_POINT('',(0.00239895833333333,0.00266180555555556,0.002));
#10907=CARTESIAN_POINT('',(0.00286076388888889,0.00200555555555556,0.002));
#10908=CARTESIAN_POINT('',(0.00286076388888888,0.00200555555555556,0.002));
#10909=CARTESIAN_POINT('',(0.00296145833333333,0.00229027777777777,0.002));
#10910=CARTESIAN_POINT('',(0.00306215277777777,0.002575,0.002));
#10911=CARTESIAN_POINT('',(0.00376440972222222,0.00257239583333333,0.002));
#10912=CARTESIAN_POINT('',(0.00446666666666666,0.00256979166666667,0.002));
#10913=CARTESIAN_POINT('',(0.00398663194444444,-0.000264409722222222,0.002));
#10914=CARTESIAN_POINT('',(0.00350659722222222,-0.00309861111111111,0.002));
#10915=CARTESIAN_POINT('',(0.00350659722222222,-0.00309861111111111,0.002));
#10916=CARTESIAN_POINT('',(0.00334861111111111,-0.00427048611111111,0.002));
#10917=CARTESIAN_POINT('',(0.00250746527777778,-0.00495451388888889,0.002));
#10918=CARTESIAN_POINT('',(0.00250746527777778,-0.00495451388888889,0.002));
#10919=CARTESIAN_POINT('',(0.00250746527777778,-0.00495451388888889,0.002));
#10920=CARTESIAN_POINT('',(0.00166631944444445,-0.00563854166666667,0.002));
#10921=CARTESIAN_POINT('',(0.000425,-0.00561597222222222,0.002));
#10922=CARTESIAN_POINT('',(0.000425,-0.00561597222222222,0.002));
#10923=CARTESIAN_POINT('',(0.000468340523735428,-0.00272022145618711,0.002));
#10924=CARTESIAN_POINT('',(-0.000736264733983052,-0.00535338094112124,0.002));
#10925=CARTESIAN_POINT('',(0.000255758820407303,-0.00309643146533045,0.002));
#10926=CARTESIAN_POINT('',(-0.00164835690443396,-0.00466165085467512,0.002));
#10927=CARTESIAN_POINT('',(-0.00126770833333333,-0.00419496527777777,0.002));
#10928=CARTESIAN_POINT('',(-0.0008875,-0.00372881944444444,0.002));
#10929=CARTESIAN_POINT('',(-0.0008875,-0.00372881944444444,0.002));
#10930=CARTESIAN_POINT('',(-0.000378819444444444,-0.00437465277777778,0.002));
#10931=CARTESIAN_POINT('',(0.000392013888888888,-0.00439548611111111,0.002));
#10932=CARTESIAN_POINT('',(0.000392013888888888,-0.00439548611111111,0.002));
#10933=CARTESIAN_POINT('',(0.000392013888888888,-0.00439548611111111,0.002));
#10934=CARTESIAN_POINT('',(0.000989236111111111,-0.00441805555555556,0.002));
#10935=CARTESIAN_POINT('',(0.00141197916666667,-0.00408385416666666,0.002));
#10936=CARTESIAN_POINT('',(0.00141197916666667,-0.00408385416666666,0.002));
#10937=CARTESIAN_POINT('',(0.00141197916666667,-0.00408385416666666,0.002));
#10938=CARTESIAN_POINT('',(0.00183472222222222,-0.00374965277777778,0.002));
#10939=CARTESIAN_POINT('',(0.0019875,-0.00314201388888889,0.002));
#10940=CARTESIAN_POINT('',(0.0019875,-0.00314201388888889,0.002));
#10941=CARTESIAN_POINT('',(0.00203090277777778,-0.00296579861111111,0.002));
#10942=CARTESIAN_POINT('',(0.00207430555555556,-0.00278958333333333,0.002));
#10943=CARTESIAN_POINT('',(0.00207430555555556,-0.00278958333333333,0.002));
#10944=CARTESIAN_POINT('',(0.00143368055555555,-0.00343020833333334,0.002));
#10945=CARTESIAN_POINT('',(0.000636805555555555,-0.003409375,0.002));
#10946=CARTESIAN_POINT('',(0.000636805555555555,-0.003409375,0.002));
#10947=CARTESIAN_POINT('',(0.000636805555555555,-0.003409375,0.002));
#10948=CARTESIAN_POINT('',(-0.000220833333333334,-0.00339722222222222,0.002));
#10949=CARTESIAN_POINT('',(-0.000725173611111111,-0.00277048611111111,0.002));
#10950=CARTESIAN_POINT('',(-0.000725173611111111,-0.00277048611111111,0.002));
#10951=CARTESIAN_POINT('',(-0.000725173611111111,-0.00277048611111111,0.002));
#10952=CARTESIAN_POINT('',(-0.00122951388888889,-0.00214375,0.002));
#10953=CARTESIAN_POINT('',(-0.001278125,-0.00114027777777778,0.002));
#10954=CARTESIAN_POINT('',(0.0145960069444444,-0.01614375,0.002));
#10955=CARTESIAN_POINT('',(0.0146939909825348,-0.0153876253874798,0.002));
#10956=CARTESIAN_POINT('',(0.0144979166666667,-0.0169006944444444,0.002));
#10957=CARTESIAN_POINT('',(0.0138936230187314,-0.0199946245812504,0.002));
#10958=CARTESIAN_POINT('',(0.0139822916666667,-0.0168451388888889,0.002));
#10959=CARTESIAN_POINT('',(0.0139822916666667,-0.0168451388888889,0.002));
#10960=CARTESIAN_POINT('',(0.0131628472222222,-0.0168243055555556,0.002));
#10961=CARTESIAN_POINT('',(0.0126854166666667,-0.0174579861111111,0.002));
#10962=CARTESIAN_POINT('',(0.0126854166666667,-0.0174579861111111,0.002));
#10963=CARTESIAN_POINT('',(0.012346875,-0.0193789930555556,0.002));
#10964=CARTESIAN_POINT('',(0.0120083333333333,-0.0213,0.002));
#10965=CARTESIAN_POINT('',(0.0112427083333333,-0.0213,0.002));
#10966=CARTESIAN_POINT('',(0.0104770833333333,-0.0213,0.002));
#10967=CARTESIAN_POINT('',(0.0109875,-0.0183651041666666,0.002));
#10968=CARTESIAN_POINT('',(0.0114979166666667,-0.0154302083333333,0.002));
#10969=CARTESIAN_POINT('',(0.0122166666666667,-0.0154276041666667,0.002));
#10970=CARTESIAN_POINT('',(0.0129354166666667,-0.015425,0.002));
#10971=CARTESIAN_POINT('',(0.0128651041666667,-0.0157826388888889,0.002));
#10972=CARTESIAN_POINT('',(0.0127947916666667,-0.0161402777777778,0.002));
#10973=CARTESIAN_POINT('',(0.0127947916666667,-0.0161402777777778,0.002));
#10974=CARTESIAN_POINT('',(0.0133486111111111,-0.0153104166666666,0.002));
#10975=CARTESIAN_POINT('',(0.0141611111111111,-0.0153104166666666,0.002));
#10976=CARTESIAN_POINT('',(0.0141611111111111,-0.0153104166666666,0.002));
#10977=CARTESIAN_POINT('',(0.0141040050104385,-0.0175556752546131,0.002));
#10978=CARTESIAN_POINT('',(-0.00284930555555556,-0.0139857638888889,0.002));
#10979=CARTESIAN_POINT('',(-0.00361666666666667,-0.0139857638888889,0.002));
#10980=CARTESIAN_POINT('',(-0.00208194444444444,-0.0139857638888889,0.002));
#10981=CARTESIAN_POINT('',(-0.00220954861111112,-0.0147079861111111,0.002));
#10982=CARTESIAN_POINT('',(-0.00233715277777778,-0.0154302083333333,0.002));
#10983=CARTESIAN_POINT('',(-0.00184843750000001,-0.0154302083333333,0.002));
#10984=CARTESIAN_POINT('',(-0.00135972222222223,-0.0154302083333333,0.002));
#10985=CARTESIAN_POINT('',(-0.00146041666666667,-0.0160048611111111,0.002));
#10986=CARTESIAN_POINT('',(-0.00156111111111111,-0.0165795138888889,0.002));
#10987=CARTESIAN_POINT('',(-0.00204982638888889,-0.0165795138888889,0.002));
#10988=CARTESIAN_POINT('',(-0.00253854166666667,-0.0165795138888889,0.002));
#10989=CARTESIAN_POINT('',(-0.00278767361111111,-0.01805,0.002));
#10990=CARTESIAN_POINT('',(-0.00303680555555556,-0.0195204861111111,0.002));
#10991=CARTESIAN_POINT('',(-0.00303680555555556,-0.0195204861111111,0.002));
#10992=CARTESIAN_POINT('',(-0.00306979166666667,-0.0197965277777778,0.002));
#10993=CARTESIAN_POINT('',(-0.00299340277777778,-0.0199432291666666,0.002));
#10994=CARTESIAN_POINT('',(-0.00299340277777778,-0.0199432291666666,0.002));
#10995=CARTESIAN_POINT('',(-0.00299340277777778,-0.0199432291666666,0.002));
#10996=CARTESIAN_POINT('',(-0.00291701388888889,-0.0200899305555555,0.002));
#10997=CARTESIAN_POINT('',(-0.00262534722222223,-0.0201003472222222,0.002));
#10998=CARTESIAN_POINT('',(-0.00262534722222223,-0.0201003472222222,0.002));
#10999=CARTESIAN_POINT('',(-0.00262534722222223,-0.0201003472222222,0.002));
#11000=CARTESIAN_POINT('',(-0.00253854166666667,-0.0201055555555556,0.002));
#11001=CARTESIAN_POINT('',(-0.00215833333333334,-0.0200743055555556,0.002));
#11002=CARTESIAN_POINT('',(-0.00215833333333334,-0.0200743055555556,0.002));
#11003=CARTESIAN_POINT('',(-0.00221215277777778,-0.0206732638888889,0.002));
#11004=CARTESIAN_POINT('',(-0.00226603016328644,-0.0212728671200533,0.002));
#11005=CARTESIAN_POINT('',(-0.00305396938100564,-0.0188592825858119,0.002));
#11006=CARTESIAN_POINT('',(-0.00314618055555556,-0.0213972222222222,0.002));
#11007=CARTESIAN_POINT('',(-0.00314618055555556,-0.0213972222222222,0.002));
#11008=CARTESIAN_POINT('',(-0.00389965277777778,-0.0213868055555555,0.002));
#11009=CARTESIAN_POINT('',(-0.00426857638888889,-0.0209258680555555,0.002));
#11010=CARTESIAN_POINT('',(-0.00426857638888889,-0.0209258680555555,0.002));
#11011=CARTESIAN_POINT('',(-0.00426857638888889,-0.0209258680555555,0.002));
#11012=CARTESIAN_POINT('',(-0.0046375,-0.0204649305555555,0.002));
#11013=CARTESIAN_POINT('',(-0.00457152777777778,-0.0196784722222222,0.002));
#11014=CARTESIAN_POINT('',(-0.00457152777777778,-0.0196784722222222,0.002));
#11015=CARTESIAN_POINT('',(-0.00431979166666667,-0.0181289930555555,0.002));
#11016=CARTESIAN_POINT('',(-0.00406805555555556,-0.0165795138888889,0.002));
#11017=CARTESIAN_POINT('',(-0.00448298611111111,-0.0165795138888889,0.002));
#11018=CARTESIAN_POINT('',(-0.00489791666666667,-0.0165795138888889,0.002));
#11019=CARTESIAN_POINT('',(-0.00479722222222223,-0.0160048611111111,0.002));
#11020=CARTESIAN_POINT('',(-0.00469652777777778,-0.0154302083333333,0.002));
#11021=CARTESIAN_POINT('',(-0.00428159722222222,-0.0154302083333333,0.002));
#11022=CARTESIAN_POINT('',(-0.00386666666666667,-0.0154302083333333,0.002));
#11023=CARTESIAN_POINT('',(-0.00374166666666667,-0.0147079861111111,0.002));
#11024=CARTESIAN_POINT('',(0.00114548611111111,-0.0145239583333333,0.002));
#11025=CARTESIAN_POINT('',(0.00144930555555555,-0.0129666666666667,0.002));
#11026=CARTESIAN_POINT('',(0.000841666666666665,-0.01608125,0.002));
#11027=CARTESIAN_POINT('',(0.000841666666666664,-0.01608125,0.002));
#11028=CARTESIAN_POINT('',(0.00153090277777777,-0.0153104166666666,0.002));
#11029=CARTESIAN_POINT('',(0.00243194444444444,-0.0153208333333333,0.002));
#11030=CARTESIAN_POINT('',(0.00243194444444444,-0.0153208333333333,0.002));
#11031=CARTESIAN_POINT('',(0.00243194444444444,-0.0153208333333333,0.002));
#11032=CARTESIAN_POINT('',(0.00330520833333333,-0.0153434027777778,0.002));
#11033=CARTESIAN_POINT('',(0.00371493055555556,-0.0159484375,0.002));
#11034=CARTESIAN_POINT('',(0.00371493055555556,-0.0159484375,0.002));
#11035=CARTESIAN_POINT('',(0.00371493055555556,-0.0159484375,0.002));
#11036=CARTESIAN_POINT('',(0.00412465277777778,-0.0165534722222223,0.002));
#11037=CARTESIAN_POINT('',(0.00402048611111111,-0.0176003472222222,0.002));
#11038=CARTESIAN_POINT('',(0.00402048611111111,-0.0176003472222222,0.002));
#11039=CARTESIAN_POINT('',(0.00371145833333333,-0.0194501736111111,0.002));
#11040=CARTESIAN_POINT('',(0.00340243055555556,-0.0213,0.002));
#11041=CARTESIAN_POINT('',(0.00263767361111111,-0.0213,0.002));
#11042=CARTESIAN_POINT('',(0.00187291666666667,-0.0213,0.002));
#11043=CARTESIAN_POINT('',(0.00218454861111111,-0.0194414930555556,0.002));
#11044=CARTESIAN_POINT('',(0.00249602788991917,-0.0175829644661932,0.002));
#11045=CARTESIAN_POINT('',(0.000703310694986457,-0.0173287932106769,0.002));
#11046=CARTESIAN_POINT('',(0.00250833333333333,-0.0171923611111111,0.002));
#11047=CARTESIAN_POINT('',(0.00250833333333333,-0.0171923611111111,0.002));
#11048=CARTESIAN_POINT('',(0.00245277777777778,-0.0166072916666666,0.002));
#11049=CARTESIAN_POINT('',(0.00182430555555555,-0.0165899305555555,0.002));
#11050=CARTESIAN_POINT('',(0.00182430555555555,-0.0165899305555555,0.002));
#11051=CARTESIAN_POINT('',(0.00182430555555555,-0.0165899305555555,0.002));
#11052=CARTESIAN_POINT('',(0.00120625,-0.0165690972222222,0.002));
#11053=CARTESIAN_POINT('',(0.000739236111111109,-0.0171229166666667,0.002));
#11054=CARTESIAN_POINT('',(0.000739236111111109,-0.0171229166666667,0.002));
#11055=CARTESIAN_POINT('',(0.0003703125,-0.0192114583333334,0.002));
#11056=CARTESIAN_POINT('',(1.38888888888584E-6,-0.0213,0.002));
#11057=CARTESIAN_POINT('',(-0.000764236111111114,-0.0213,0.002));
#11058=CARTESIAN_POINT('',(-0.00152986111111111,-0.0213,0.002));
#11059=CARTESIAN_POINT('',(-0.000807638888888891,-0.0171333333333334,0.002));
#11060=CARTESIAN_POINT('',(-8.54166666666694E-5,-0.0129666666666667,0.002));
#11061=CARTESIAN_POINT('',(0.000681944444444442,-0.0129666666666667,0.002));
#11062=CARTESIAN_POINT('',(-0.0118549931794405,0.00800319737754762,0.002));
#11063=CARTESIAN_POINT('',(-0.0118549931794405,0.00845416076481342,0.002));
#11064=CARTESIAN_POINT('',(-0.0118549931794405,0.00755223399028182,0.002));
#11065=CARTESIAN_POINT('',(0.0046803317964077,0.00845416076481342,0.002));
#11066=CARTESIAN_POINT('',(0.0212156567722559,0.00845416076481342,0.002));
#11067=CARTESIAN_POINT('',(0.0212156567722559,0.00800319737754762,0.002));
#11068=CARTESIAN_POINT('',(0.0212156567722559,0.00755223399028182,0.002));
#11069=CARTESIAN_POINT('',(0.0046803317964077,0.00755223399028182,0.002));
#11070=CARTESIAN_POINT('',(-0.0222,-0.011,0.002));
#11071=CARTESIAN_POINT('',(-0.0222,-0.00259209840099014,0.002));
#11072=CARTESIAN_POINT('',(-0.0222,-0.00259209840099015,0.));
#11073=CARTESIAN_POINT('',(-0.0222,-0.011,0.));
#11074=CARTESIAN_POINT('',(-0.0222,-0.0322,0.));
#11075=CARTESIAN_POINT('',(-0.0222,-0.0322,0.002));
#11076=CARTESIAN_POINT('',(-1.7347234759768E-18,-0.0322,0.002));
#11077=CARTESIAN_POINT('',(-1.7347234759768E-18,-0.0322,0.));
#11078=CARTESIAN_POINT('',(0.0222,-0.0322,0.));
#11079=CARTESIAN_POINT('',(0.0222,-0.0322,0.002));
#11080=CARTESIAN_POINT('',(0.0222,0.,0.002));
#11081=CARTESIAN_POINT('',(0.0222,0.,0.));
#11082=CARTESIAN_POINT('',(0.0222,0.0322,0.));
#11083=CARTESIAN_POINT('',(0.0222,0.0322,0.002));
#11084=CARTESIAN_POINT('',(0.,0.0322,0.002));
#11085=CARTESIAN_POINT('',(0.,0.0322,0.));
#11086=CARTESIAN_POINT('',(-0.0262,0.0322,0.));
#11087=CARTESIAN_POINT('',(-0.0262,0.0322,0.002));
#11088=CARTESIAN_POINT('',(0.,0.,0.));
#11089=CARTESIAN_POINT('',(-0.01651,0.02053,0.));
#11090=CARTESIAN_POINT('',(-0.01031,0.02053,0.));
#11091=CARTESIAN_POINT('',(-0.01651,-0.02155,0.));
#11092=CARTESIAN_POINT('',(-0.01321,-0.02155,0.));
#11093=CARTESIAN_POINT('',(-0.01651,-0.00377,0.));
#11094=CARTESIAN_POINT('',(-0.01321,-0.00377,0.));
#11095=CARTESIAN_POINT('',(-0.01651,-0.0127,0.));
#11096=CARTESIAN_POINT('',(-0.01381,-0.0127,0.));
#11097=CARTESIAN_POINT('',(-0.01651,0.00508,0.));
#11098=CARTESIAN_POINT('',(-0.01381,0.00508,0.));
#11099=CARTESIAN_POINT('',(-0.0262,0.0312,0.));
#11100=CARTESIAN_POINT('',(-0.0262,0.0102,0.));
#11101=CARTESIAN_POINT('',(-0.0232,0.000605926199257372,0.));
#11102=CARTESIAN_POINT('',(-0.0232,0.000605926199257372,0.002));
#11103=CARTESIAN_POINT('',(-0.0262,0.0102,0.002));
#11104=CARTESIAN_POINT('',(-0.0262,0.0312,0.002));
#11105=CARTESIAN_POINT('',(-0.01651,0.00508,-0.023));
#11106=CARTESIAN_POINT('',(-0.01651,-0.0127,-0.023));
#11107=CARTESIAN_POINT('',(-0.01651,-0.00377,-0.023));
#11108=CARTESIAN_POINT('',(-0.01651,-0.02155,-0.023));
#11109=CARTESIAN_POINT('',(-0.01651,0.02053,-0.023));
#11110=CARTESIAN_POINT('',(-0.00582586805555556,0.00199513888888889,0.0015));
#11111=CARTESIAN_POINT('',(-0.00538055555555556,0.00459930555555555,0.0015));
#11112=CARTESIAN_POINT('',(-0.00538055555555556,0.00459930555555555,0.0015));
#11113=CARTESIAN_POINT('',(-0.00582586805555556,0.00199513888888889,0.0015));
#11114=CARTESIAN_POINT('',(-0.00627118055555555,-0.000609027777777778,0.0015));
#11115=CARTESIAN_POINT('',(-0.00627118055555555,-0.000609027777777778,0.0015));
#11116=CARTESIAN_POINT('',(-0.00617829861111111,0.00459930555555555,0.0015));
#11117=CARTESIAN_POINT('',(-0.00697604166666667,0.00459930555555555,0.0015));
#11118=CARTESIAN_POINT('',(-0.00697604166666667,0.00459930555555555,0.0015));
#11119=CARTESIAN_POINT('',(-0.00617829861111111,0.00459930555555555,0.0015));
#11120=CARTESIAN_POINT('',(-0.00742135416666667,0.00199253472222222,0.0015));
#11121=CARTESIAN_POINT('',(-0.00786666666666666,-0.000614236111111112,0.0015));
#11122=CARTESIAN_POINT('',(-0.00786666666666666,-0.000614236111111112,0.0015));
#11123=CARTESIAN_POINT('',(-0.00742135416666667,0.00199253472222222,0.0015));
#11124=CARTESIAN_POINT('',(-0.00841875,-0.00173229166666666,0.0015));
#11125=CARTESIAN_POINT('',(-0.00841875,-0.00173229166666666,0.002));
#11126=CARTESIAN_POINT('',(-0.00813287037037037,-0.001471875,0.0015));
#11127=CARTESIAN_POINT('',(-0.00813287037037037,-0.001471875,0.002));
#11128=CARTESIAN_POINT('',(-0.00794884259259259,-0.00109918981481481,0.0015));
#11129=CARTESIAN_POINT('',(-0.00794884259259259,-0.00109918981481481,0.002));
#11130=CARTESIAN_POINT('',(-0.00786666666666666,-0.000614236111111111,0.0015));
#11131=CARTESIAN_POINT('',(-0.00786666666666666,-0.000614236111111111,0.002));
#11132=CARTESIAN_POINT('',(-0.00841875,-0.00173229166666666,0.0015));
#11133=CARTESIAN_POINT('',(-0.00841875,-0.00173229166666666,0.0015));
#11134=CARTESIAN_POINT('',(-0.00841875,-0.00173229166666666,0.0015));
#11135=CARTESIAN_POINT('',(-0.00798993055555555,-0.00134166666666667,0.0015));
#11136=CARTESIAN_POINT('',(-0.00786666666666666,-0.000614236111111111,0.0015));
#11137=CARTESIAN_POINT('',(-0.00952118055555555,-0.00210034722222222,0.0015));
#11138=CARTESIAN_POINT('',(-0.00952118055555555,-0.00210034722222222,0.002));
#11139=CARTESIAN_POINT('',(-0.00907210648148148,-0.00211539351851852,0.0015));
#11140=CARTESIAN_POINT('',(-0.00907210648148148,-0.00211539351851852,0.002));
#11141=CARTESIAN_POINT('',(-0.00870462962962963,-0.00199270833333333,0.0015));
#11142=CARTESIAN_POINT('',(-0.00870462962962963,-0.00199270833333333,0.002));
#11143=CARTESIAN_POINT('',(-0.00841875,-0.00173229166666666,0.0015));
#11144=CARTESIAN_POINT('',(-0.00841875,-0.00173229166666666,0.002));
#11145=CARTESIAN_POINT('',(-0.00952118055555555,-0.00210034722222222,0.0015));
#11146=CARTESIAN_POINT('',(-0.00952118055555555,-0.00210034722222222,0.0015));
#11147=CARTESIAN_POINT('',(-0.00952118055555555,-0.00210034722222222,0.0015));
#11148=CARTESIAN_POINT('',(-0.00884756944444444,-0.00212291666666666,0.0015));
#11149=CARTESIAN_POINT('',(-0.00841875,-0.00173229166666666,0.0015));
#11150=CARTESIAN_POINT('',(-0.0105680555555555,-0.00118888888888889,0.0015));
#11151=CARTESIAN_POINT('',(-0.0105680555555555,-0.00118888888888889,0.002));
#11152=CARTESIAN_POINT('',(-0.0104951388888889,-0.00177569444444444,0.0015));
#11153=CARTESIAN_POINT('',(-0.0104951388888889,-0.00177569444444444,0.002));
#11154=CARTESIAN_POINT('',(-0.0101461805555556,-0.00207951388888889,0.0015));
#11155=CARTESIAN_POINT('',(-0.0101461805555556,-0.00207951388888889,0.002));
#11156=CARTESIAN_POINT('',(-0.00952118055555555,-0.00210034722222222,0.0015));
#11157=CARTESIAN_POINT('',(-0.00952118055555555,-0.00210034722222222,0.002));
#11158=CARTESIAN_POINT('',(-0.0105680555555555,-0.00118888888888889,0.0015));
#11159=CARTESIAN_POINT('',(-0.0105680555555555,-0.00118888888888889,0.0015));
#11160=CARTESIAN_POINT('',(-0.0105680555555555,-0.00118888888888889,0.0015));
#11161=CARTESIAN_POINT('',(-0.0104586805555556,-0.00206909722222222,0.0015));
#11162=CARTESIAN_POINT('',(-0.00952118055555555,-0.00210034722222222,0.0015));
#11163=CARTESIAN_POINT('',(-0.00828373795343392,-0.000928330546076236,0.0015));
#11164=CARTESIAN_POINT('',(-0.0105628472222222,-0.000619444444444445,0.0015));
#11165=CARTESIAN_POINT('',(-0.0105626450546523,-0.000619471844075266,0.00150000025));
#11166=CARTESIAN_POINT('',(-0.00828373795343392,-0.000928330546076236,0.0015));
#11167=CARTESIAN_POINT('',(-0.0101201388888889,0.00198993055555556,0.0015));
#11168=CARTESIAN_POINT('',(-0.00967743055555555,0.00459930555555555,0.0015));
#11169=CARTESIAN_POINT('',(-0.00967743055555555,0.00459930555555555,0.0015));
#11170=CARTESIAN_POINT('',(-0.0101201388888889,0.00198993055555556,0.0015));
#11171=CARTESIAN_POINT('',(-0.0104725694444444,0.00459930555555555,0.0015));
#11172=CARTESIAN_POINT('',(-0.0112677083333333,0.00459930555555555,0.0015));
#11173=CARTESIAN_POINT('',(-0.0112677083333333,0.00459930555555555,0.0015));
#11174=CARTESIAN_POINT('',(-0.0104725694444444,0.00459930555555555,0.0015));
#11175=CARTESIAN_POINT('',(-0.0117095486111111,0.00199253472222222,0.0015));
#11176=CARTESIAN_POINT('',(-0.0121513888888889,-0.000614236111111114,0.0015));
#11177=CARTESIAN_POINT('',(-0.0121513888888889,-0.000614236111111114,0.0015));
#11178=CARTESIAN_POINT('',(-0.0117095486111111,0.00199253472222222,0.0015));
#11179=CARTESIAN_POINT('',(-0.0119508680555555,-0.00206041666666667,0.0015));
#11180=CARTESIAN_POINT('',(-0.0119508680555555,-0.00206041666666667,0.002));
#11181=CARTESIAN_POINT('',(-0.0121458912037037,-0.00163564814814815,0.0015));
#11182=CARTESIAN_POINT('',(-0.0121458912037037,-0.00163564814814815,0.002));
#11183=CARTESIAN_POINT('',(-0.0122127314814815,-0.00115358796296296,0.0015));
#11184=CARTESIAN_POINT('',(-0.0122127314814815,-0.00115358796296296,0.002));
#11185=CARTESIAN_POINT('',(-0.0121513888888889,-0.000614236111111111,0.0015));
#11186=CARTESIAN_POINT('',(-0.0121513888888889,-0.000614236111111111,0.002));
#11187=CARTESIAN_POINT('',(-0.0119508680555555,-0.00206041666666667,0.0015));
#11188=CARTESIAN_POINT('',(-0.0119508680555555,-0.00206041666666667,0.0015));
#11189=CARTESIAN_POINT('',(-0.0119508680555555,-0.00206041666666667,0.0015));
#11190=CARTESIAN_POINT('',(-0.0122434027777778,-0.00142326388888889,0.0015));
#11191=CARTESIAN_POINT('',(-0.0121513888888889,-0.000614236111111111,0.0015));
#11192=CARTESIAN_POINT('',(-0.0100080157044599,-0.00118338177182678,0.0015));
#11193=CARTESIAN_POINT('',(-0.0110428819444444,-0.00304739583333334,0.0015));
#11194=CARTESIAN_POINT('',(-0.0110428819444444,-0.00304739583333334,0.0015));
#11195=CARTESIAN_POINT('',(-0.0100080157044599,-0.00118338177182678,0.0015));
#11196=CARTESIAN_POINT('',(-0.009590625,-0.00341458333333334,0.0015));
#11197=CARTESIAN_POINT('',(-0.009590625,-0.00341458333333334,0.002));
#11198=CARTESIAN_POINT('',(-0.0101484953703704,-0.00340300925925926,0.0015));
#11199=CARTESIAN_POINT('',(-0.0101484953703704,-0.00340300925925926,0.002));
#11200=CARTESIAN_POINT('',(-0.0106325810185185,-0.00328061342592593,0.0015));
#11201=CARTESIAN_POINT('',(-0.0106325810185185,-0.00328061342592593,0.002));
#11202=CARTESIAN_POINT('',(-0.0110428819444444,-0.00304739583333334,0.0015));
#11203=CARTESIAN_POINT('',(-0.0110428819444444,-0.00304739583333334,0.002));
#11204=CARTESIAN_POINT('',(-0.009590625,-0.00341458333333334,0.0015));
#11205=CARTESIAN_POINT('',(-0.009590625,-0.00341458333333334,0.0015));
#11206=CARTESIAN_POINT('',(-0.009590625,-0.00341458333333334,0.0015));
#11207=CARTESIAN_POINT('',(-0.0104274305555555,-0.00339722222222222,0.0015));
#11208=CARTESIAN_POINT('',(-0.0110428819444444,-0.00304739583333334,0.0015));
#11209=CARTESIAN_POINT('',(-0.00735625,-0.00267586805555556,0.0015));
#11210=CARTESIAN_POINT('',(-0.00735625,-0.00267586805555556,0.002));
#11211=CARTESIAN_POINT('',(-0.00795694444444445,-0.0031822337962963,0.0015));
#11212=CARTESIAN_POINT('',(-0.00795694444444445,-0.0031822337962963,0.002));
#11213=CARTESIAN_POINT('',(-0.00870173611111111,-0.00342847222222222,0.0015));
#11214=CARTESIAN_POINT('',(-0.00870173611111111,-0.00342847222222222,0.002));
#11215=CARTESIAN_POINT('',(-0.009590625,-0.00341458333333334,0.0015));
#11216=CARTESIAN_POINT('',(-0.009590625,-0.00341458333333334,0.002));
#11217=CARTESIAN_POINT('',(-0.00735625,-0.00267586805555556,0.0015));
#11218=CARTESIAN_POINT('',(-0.00735625,-0.00267586805555556,0.0015));
#11219=CARTESIAN_POINT('',(-0.00735625,-0.00267586805555556,0.0015));
#11220=CARTESIAN_POINT('',(-0.00825729166666667,-0.00343541666666667,0.0015));
#11221=CARTESIAN_POINT('',(-0.009590625,-0.00341458333333334,0.0015));
#11222=CARTESIAN_POINT('',(-0.00627118055555555,-0.000609027777777778,0.0015));
#11223=CARTESIAN_POINT('',(-0.00627118055555555,-0.000609027777777778,0.002));
#11224=CARTESIAN_POINT('',(-0.00639386574074074,-0.00148055555555556,0.0015));
#11225=CARTESIAN_POINT('',(-0.00639386574074074,-0.00148055555555556,0.002));
#11226=CARTESIAN_POINT('',(-0.00675555555555555,-0.00216950231481482,0.0015));
#11227=CARTESIAN_POINT('',(-0.00675555555555555,-0.00216950231481482,0.002));
#11228=CARTESIAN_POINT('',(-0.00735625,-0.00267586805555556,0.0015));
#11229=CARTESIAN_POINT('',(-0.00735625,-0.00267586805555556,0.002));
#11230=CARTESIAN_POINT('',(-0.00627118055555555,-0.000609027777777778,0.0015));
#11231=CARTESIAN_POINT('',(-0.00645520833333333,-0.00191631944444445,0.0015));
#11232=CARTESIAN_POINT('',(-0.00735625,-0.00267586805555556,0.0015));
#11233=CARTESIAN_POINT('',(-0.002,0.,0.0015));
#11234=CARTESIAN_POINT('',(0.0147368518142414,0.0134038471875149,0.0015));
#11235=CARTESIAN_POINT('',(0.0147368518142414,0.0134038471875149,0.002));
#11236=CARTESIAN_POINT('',(0.0147698350694444,0.0143537962993363,0.002));
#11237=CARTESIAN_POINT('',(0.0141120659722222,0.0141206148757252,0.002));
#11238=CARTESIAN_POINT('',(0.0147698350694444,0.0143537962993363,0.0015));
#11239=CARTESIAN_POINT('',(0.0147698350694444,0.0143537962993363,0.0015));
#11240=CARTESIAN_POINT('',(0.0147368518142414,0.0134038471875149,0.0015));
#11241=CARTESIAN_POINT('',(0.0141120659722222,0.0141206148757252,0.0015));
#11242=CARTESIAN_POINT('',(0.0141120659722222,0.0141206148757252,0.0015));
#11243=CARTESIAN_POINT('',(0.0152392361111111,0.0141942910910029,0.0015));
#11244=CARTESIAN_POINT('',(0.0152392361111111,0.0141942910910029,0.002));
#11245=CARTESIAN_POINT('',(0.0151156828703704,0.014297589702114,0.0015));
#11246=CARTESIAN_POINT('',(0.0151156828703704,0.014297589702114,0.002));
#11247=CARTESIAN_POINT('',(0.0149592158564815,0.0143507581048918,0.0015));
#11248=CARTESIAN_POINT('',(0.0149592158564815,0.0143507581048918,0.002));
#11249=CARTESIAN_POINT('',(0.0147698350694444,0.0143537962993363,0.0015));
#11250=CARTESIAN_POINT('',(0.0147698350694444,0.0143537962993363,0.002));
#11251=CARTESIAN_POINT('',(0.0152392361111111,0.0141942910910029,0.002));
#11252=CARTESIAN_POINT('',(0.01505390625,0.0143492390076696,0.002));
#11253=CARTESIAN_POINT('',(0.0147698350694444,0.0143537962993363,0.002));
#11254=CARTESIAN_POINT('',(0.0152392361111111,0.0141942910910029,0.002));
#11255=CARTESIAN_POINT('',(0.0152392361111111,0.0141942910910029,0.0015));
#11256=CARTESIAN_POINT('',(0.0152392361111111,0.0141942910910029,0.0015));
#11257=CARTESIAN_POINT('',(0.0152392361111111,0.0141942910910029,0.0015));
#11258=CARTESIAN_POINT('',(0.01505390625,0.0143492390076696,0.0015));
#11259=CARTESIAN_POINT('',(0.0147698350694444,0.0143537962993363,0.0015));
#11260=CARTESIAN_POINT('',(0.0154716579861111,0.013764386577114,0.0015));
#11261=CARTESIAN_POINT('',(0.0154716579861111,0.013764386577114,0.002));
#11262=CARTESIAN_POINT('',(0.0154402633101852,0.0139476909752622,0.0015));
#11263=CARTESIAN_POINT('',(0.0154402633101852,0.0139476909752622,0.002));
#11264=CARTESIAN_POINT('',(0.0153627893518518,0.0140909924798918,0.0015));
#11265=CARTESIAN_POINT('',(0.0153627893518518,0.0140909924798918,0.002));
#11266=CARTESIAN_POINT('',(0.0152392361111111,0.0141942910910029,0.0015));
#11267=CARTESIAN_POINT('',(0.0152392361111111,0.0141942910910029,0.002));
#11268=CARTESIAN_POINT('',(0.0154716579861111,0.013764386577114,0.002));
#11269=CARTESIAN_POINT('',(0.0154245659722222,0.0140393431743363,0.002));
#11270=CARTESIAN_POINT('',(0.0152392361111111,0.0141942910910029,0.002));
#11271=CARTESIAN_POINT('',(0.0154716579861111,0.013764386577114,0.002));
#11272=CARTESIAN_POINT('',(0.0154716579861111,0.013764386577114,0.0015));
#11273=CARTESIAN_POINT('',(0.0154716579861111,0.013764386577114,0.0015));
#11274=CARTESIAN_POINT('',(0.0154716579861111,0.013764386577114,0.0015));
#11275=CARTESIAN_POINT('',(0.0154245659722222,0.0140393431743363,0.0015));
#11276=CARTESIAN_POINT('',(0.0152392361111111,0.0141942910910029,0.0015));
#11277=CARTESIAN_POINT('',(0.0142508041213257,0.0136015302332388,0.0015));
#11278=CARTESIAN_POINT('',(0.0142508041213257,0.0136015302332388,0.002));
#11279=CARTESIAN_POINT('',(0.0154669728860353,0.0134043812540336,0.002));
#11280=CARTESIAN_POINT('',(0.0154671006944445,0.0134043605354474,0.0015));
#11281=CARTESIAN_POINT('',(0.0154669728860353,0.0134043812540336,0.00150000025));
#11282=CARTESIAN_POINT('',(0.0142508041213257,0.0136015302332388,0.0015));
#11283=CARTESIAN_POINT('',(0.0154534288194444,0.0133420775493363,0.0015));
#11284=CARTESIAN_POINT('',(0.0154534288194444,0.0133420775493363,0.002));
#11285=CARTESIAN_POINT('',(0.0154397569444445,0.0132797945632252,0.002));
#11286=CARTESIAN_POINT('',(0.0154397569444445,0.0132797945632252,0.0015));
#11287=CARTESIAN_POINT('',(0.0154397569444445,0.0132797945632252,0.0015));
#11288=CARTESIAN_POINT('',(0.0154534288194444,0.0133420775493363,0.0015));
#11289=CARTESIAN_POINT('',(0.0145184244791667,0.0132797945632252,0.0015));
#11290=CARTESIAN_POINT('',(0.0145184244791667,0.0132797945632252,0.002));
#11291=CARTESIAN_POINT('',(0.0135970920138889,0.0132797945632252,0.002));
#11292=CARTESIAN_POINT('',(0.0135970920138889,0.0132797945632252,0.0015));
#11293=CARTESIAN_POINT('',(0.0135970920138889,0.0132797945632252,0.0015));
#11294=CARTESIAN_POINT('',(0.0145184244791667,0.0132797945632252,0.0015));
#11295=CARTESIAN_POINT('',(0.01434296875,0.0101322251187807,0.0015));
#11296=CARTESIAN_POINT('',(0.01434296875,0.0101322251187807,0.002));
#11297=CARTESIAN_POINT('',(0.0138933159722222,0.0101362760447066,0.0015));
#11298=CARTESIAN_POINT('',(0.0138933159722222,0.0101362760447066,0.002));
#11299=CARTESIAN_POINT('',(0.0134953125,0.0102466637761881,0.0015));
#11300=CARTESIAN_POINT('',(0.0134953125,0.0102466637761881,0.002));
#11301=CARTESIAN_POINT('',(0.0131489583333333,0.0104633883132252,0.0015));
#11302=CARTESIAN_POINT('',(0.0131489583333333,0.0104633883132252,0.002));
#11303=CARTESIAN_POINT('',(0.01434296875,0.0101322251187807,0.0015));
#11304=CARTESIAN_POINT('',(0.01434296875,0.0101322251187807,0.0015));
#11305=CARTESIAN_POINT('',(0.01434296875,0.0101322251187807,0.0015));
#11306=CARTESIAN_POINT('',(0.0136684895833333,0.0101383015076696,0.0015));
#11307=CARTESIAN_POINT('',(0.0131489583333333,0.0104633883132252,0.0015));
#11308=CARTESIAN_POINT('',(0.0131489583333333,0.0104633883132252,0.0015));
#11309=CARTESIAN_POINT('',(0.0131489583333333,0.0104633883132252,0.0015));
#11310=CARTESIAN_POINT('',(0.0144059299375961,0.0128654435939792,0.0015));
#11311=CARTESIAN_POINT('',(0.0155149522569445,0.0103676851882252,0.0015));
#11312=CARTESIAN_POINT('',(0.0155149522569445,0.0103676851882252,0.0015));
#11313=CARTESIAN_POINT('',(0.0144059299375961,0.0128654435939792,0.0015));
#11314=CARTESIAN_POINT('',(0.0163512152777778,0.0110497598410029,0.0015));
#11315=CARTESIAN_POINT('',(0.0163512152777778,0.0110497598410029,0.002));
#11316=CARTESIAN_POINT('',(0.0161577835648148,0.0107580931743363,0.0015));
#11317=CARTESIAN_POINT('',(0.0161577835648148,0.0107580931743363,0.002));
#11318=CARTESIAN_POINT('',(0.0158790292245371,0.0105307349567437,0.0015));
#11319=CARTESIAN_POINT('',(0.0158790292245371,0.0105307349567437,0.002));
#11320=CARTESIAN_POINT('',(0.0155149522569445,0.0103676851882252,0.0015));
#11321=CARTESIAN_POINT('',(0.0155149522569445,0.0103676851882252,0.002));
#11322=CARTESIAN_POINT('',(0.0163512152777778,0.0110497598410029,0.0015));
#11323=CARTESIAN_POINT('',(0.0163512152777778,0.0110497598410029,0.0015));
#11324=CARTESIAN_POINT('',(0.0163512152777778,0.0110497598410029,0.0015));
#11325=CARTESIAN_POINT('',(0.0160610677083334,0.0106122598410029,0.0015));
#11326=CARTESIAN_POINT('',(0.0155149522569445,0.0103676851882252,0.0015));
#11327=CARTESIAN_POINT('',(0.0160443576388889,0.0114295341465585,0.0015));
#11328=CARTESIAN_POINT('',(0.0157375,0.011809308452114,0.0015));
#11329=CARTESIAN_POINT('',(0.0157375,0.011809308452114,0.0015));
#11330=CARTESIAN_POINT('',(0.0160443576388889,0.0114295341465585,0.0015));
#11331=CARTESIAN_POINT('',(0.0144569010416667,0.0112442042854474,0.0015));
#11332=CARTESIAN_POINT('',(0.0144569010416667,0.0112442042854474,0.002));
#11333=CARTESIAN_POINT('',(0.0149440248842593,0.0112310387761881,0.0015));
#11334=CARTESIAN_POINT('',(0.0149440248842593,0.0112310387761881,0.002));
#11335=CARTESIAN_POINT('',(0.0153708912037037,0.0114194068317437,0.0015));
#11336=CARTESIAN_POINT('',(0.0153708912037037,0.0114194068317437,0.002));
#11337=CARTESIAN_POINT('',(0.0157375,0.0118093084521141,0.0015));
#11338=CARTESIAN_POINT('',(0.0157375,0.0118093084521141,0.002));
#11339=CARTESIAN_POINT('',(0.0144569010416667,0.0112442042854474,0.0015));
#11340=CARTESIAN_POINT('',(0.0144569010416667,0.0112442042854474,0.0015));
#11341=CARTESIAN_POINT('',(0.0144569010416667,0.0112442042854474,0.0015));
#11342=CARTESIAN_POINT('',(0.0151875868055556,0.0112244560215585,0.0015));
#11343=CARTESIAN_POINT('',(0.0157375,0.0118093084521141,0.0015));
#11344=CARTESIAN_POINT('',(0.0137444444444444,0.0115525810215585,0.0015));
#11345=CARTESIAN_POINT('',(0.0137444444444444,0.0115525810215585,0.002));
#11346=CARTESIAN_POINT('',(0.0139186342592593,0.0113530729197066,0.0015));
#11347=CARTESIAN_POINT('',(0.0139186342592593,0.0113530729197066,0.002));
#11348=CARTESIAN_POINT('',(0.0141561197916667,0.0112502806743363,0.0015));
#11349=CARTESIAN_POINT('',(0.0141561197916667,0.0112502806743363,0.002));
#11350=CARTESIAN_POINT('',(0.0144569010416667,0.0112442042854474,0.0015));
#11351=CARTESIAN_POINT('',(0.0144569010416667,0.0112442042854474,0.002));
#11352=CARTESIAN_POINT('',(0.0137444444444444,0.0115525810215585,0.0015));
#11353=CARTESIAN_POINT('',(0.0137444444444444,0.0115525810215585,0.0015));
#11354=CARTESIAN_POINT('',(0.0137444444444444,0.0115525810215585,0.0015));
#11355=CARTESIAN_POINT('',(0.0140057291666667,0.0112533188687807,0.0015));
#11356=CARTESIAN_POINT('',(0.0144569010416667,0.0112442042854474,0.0015));
#11357=CARTESIAN_POINT('',(0.0135029079861111,0.0123501070632252,0.0015));
#11358=CARTESIAN_POINT('',(0.0135029079861111,0.0123501070632252,0.002));
#11359=CARTESIAN_POINT('',(0.0134897424768518,0.0120179311372992,0.0015));
#11360=CARTESIAN_POINT('',(0.0134897424768518,0.0120179311372992,0.002));
#11361=CARTESIAN_POINT('',(0.0135702546296296,0.0117520891234104,0.0015));
#11362=CARTESIAN_POINT('',(0.0135702546296296,0.0117520891234104,0.002));
#11363=CARTESIAN_POINT('',(0.0137444444444444,0.0115525810215585,0.0015));
#11364=CARTESIAN_POINT('',(0.0137444444444444,0.0115525810215585,0.002));
#11365=CARTESIAN_POINT('',(0.0135029079861111,0.0123501070632252,0.0015));
#11366=CARTESIAN_POINT('',(0.0135029079861111,0.0123501070632252,0.0015));
#11367=CARTESIAN_POINT('',(0.0135029079861111,0.0123501070632252,0.0015));
#11368=CARTESIAN_POINT('',(0.0134831597222222,0.0118518431743363,0.0015));
#11369=CARTESIAN_POINT('',(0.0137444444444444,0.0115525810215585,0.0015));
#11370=CARTESIAN_POINT('',(0.0150759331597222,0.0123501070632252,0.0015));
#11371=CARTESIAN_POINT('',(0.0166489583333334,0.0123501070632252,0.0015));
#11372=CARTESIAN_POINT('',(0.0166489583333334,0.0123501070632252,0.0015));
#11373=CARTESIAN_POINT('',(0.0150759331597222,0.0123501070632252,0.0015));
#11374=CARTESIAN_POINT('',(0.0166869357638889,0.0126417737298918,0.0015));
#11375=CARTESIAN_POINT('',(0.0167249131944444,0.0129334403965585,0.0015));
#11376=CARTESIAN_POINT('',(0.0167249131944444,0.0129334403965585,0.0015));
#11377=CARTESIAN_POINT('',(0.0166869357638889,0.0126417737298918,0.0015));
#11378=CARTESIAN_POINT('',(0.0163390625,0.0147305324104474,0.0015));
#11379=CARTESIAN_POINT('',(0.0163390625,0.0147305324104474,0.002));
#11380=CARTESIAN_POINT('',(0.0166793402777778,0.0142575868085955,0.0015));
#11381=CARTESIAN_POINT('',(0.0166793402777778,0.0142575868085955,0.002));
#11382=CARTESIAN_POINT('',(0.0168079571759259,0.0136585561372992,0.0015));
#11383=CARTESIAN_POINT('',(0.0168079571759259,0.0136585561372992,0.002));
#11384=CARTESIAN_POINT('',(0.0167249131944444,0.0129334403965585,0.0015));
#11385=CARTESIAN_POINT('',(0.0167249131944444,0.0129334403965585,0.002));
#11386=CARTESIAN_POINT('',(0.0163390625,0.0147305324104474,0.0015));
#11387=CARTESIAN_POINT('',(0.0163390625,0.0147305324104474,0.0015));
#11388=CARTESIAN_POINT('',(0.0163390625,0.0147305324104474,0.0015));
#11389=CARTESIAN_POINT('',(0.0168494791666666,0.0140211140076696,0.0015));
#11390=CARTESIAN_POINT('',(0.0167249131944444,0.0129334403965585,0.0015));
#11391=CARTESIAN_POINT('',(0.0148366753472222,0.015459699077114,0.0015));
#11392=CARTESIAN_POINT('',(0.0148366753472222,0.015459699077114,0.002));
#11393=CARTESIAN_POINT('',(0.0154979890046296,0.0154465335678548,0.0015));
#11394=CARTESIAN_POINT('',(0.0154979890046296,0.0154465335678548,0.002));
#11395=CARTESIAN_POINT('',(0.0159987847222222,0.0152034780122992,0.0015));
#11396=CARTESIAN_POINT('',(0.0159987847222222,0.0152034780122992,0.002));
#11397=CARTESIAN_POINT('',(0.0163390625,0.0147305324104474,0.0015));
#11398=CARTESIAN_POINT('',(0.0163390625,0.0147305324104474,0.002));
#11399=CARTESIAN_POINT('',(0.0148366753472222,0.015459699077114,0.0015));
#11400=CARTESIAN_POINT('',(0.0148366753472222,0.015459699077114,0.0015));
#11401=CARTESIAN_POINT('',(0.0148366753472222,0.015459699077114,0.0015));
#11402=CARTESIAN_POINT('',(0.0158286458333334,0.0154399508132251,0.0015));
#11403=CARTESIAN_POINT('',(0.0163390625,0.0147305324104474,0.0015));
#11404=CARTESIAN_POINT('',(0.013563671875,0.0151384100146141,0.0015));
#11405=CARTESIAN_POINT('',(0.013563671875,0.0151384100146141,0.002));
#11406=CARTESIAN_POINT('',(0.013946484375,0.0153647555007251,0.0015));
#11407=CARTESIAN_POINT('',(0.013946484375,0.0153647555007251,0.002));
#11408=CARTESIAN_POINT('',(0.0143708188657407,0.0154718518548918,0.0015));
#11409=CARTESIAN_POINT('',(0.0143708188657407,0.0154718518548918,0.002));
#11410=CARTESIAN_POINT('',(0.0148366753472222,0.015459699077114,0.0015));
#11411=CARTESIAN_POINT('',(0.0148366753472222,0.015459699077114,0.002));
#11412=CARTESIAN_POINT('',(0.013563671875,0.0151384100146141,0.0015));
#11413=CARTESIAN_POINT('',(0.013563671875,0.0151384100146141,0.0015));
#11414=CARTESIAN_POINT('',(0.013563671875,0.0151384100146141,0.0015));
#11415=CARTESIAN_POINT('',(0.014137890625,0.0154779282437807,0.0015));
#11416=CARTESIAN_POINT('',(0.0148366753472222,0.015459699077114,0.0015));
#11417=CARTESIAN_POINT('',(0.0126241102430555,0.0141722641812807,0.0015));
#11418=CARTESIAN_POINT('',(0.0126241102430555,0.0141722641812807,0.002));
#11419=CARTESIAN_POINT('',(0.0128676721643518,0.0145900159173918,0.0015));
#11420=CARTESIAN_POINT('',(0.0128676721643518,0.0145900159173918,0.002));
#11421=CARTESIAN_POINT('',(0.013180859375,0.014912064528503,0.0015));
#11422=CARTESIAN_POINT('',(0.013180859375,0.014912064528503,0.002));
#11423=CARTESIAN_POINT('',(0.013563671875,0.0151384100146141,0.0015));
#11424=CARTESIAN_POINT('',(0.013563671875,0.0151384100146141,0.002));
#11425=CARTESIAN_POINT('',(0.0126241102430555,0.0141722641812807,0.0015));
#11426=CARTESIAN_POINT('',(0.0126241102430555,0.0141722641812807,0.0015));
#11427=CARTESIAN_POINT('',(0.0126241102430555,0.0141722641812807,0.0015));
#11428=CARTESIAN_POINT('',(0.012989453125,0.0147988917854474,0.0015));
#11429=CARTESIAN_POINT('',(0.013563671875,0.0151384100146141,0.0015));
#11430=CARTESIAN_POINT('',(0.0154961669563563,0.012505724463,0.0015));
#11431=CARTESIAN_POINT('',(0.0121873697916667,0.0127967216465585,0.0015));
#11432=CARTESIAN_POINT('',(0.0121876977910042,0.0127966928001594,0.00150000025));
#11433=CARTESIAN_POINT('',(0.0154961669563563,0.012505724463,0.0015));
#11434=CARTESIAN_POINT('',(0.0121805338541667,0.0127017780701696,0.0015));
#11435=CARTESIAN_POINT('',(0.0121736979166667,0.0126068344937807,0.0015));
#11436=CARTESIAN_POINT('',(0.0121736979166667,0.0126068344937807,0.0015));
#11437=CARTESIAN_POINT('',(0.0121805338541667,0.0127017780701696,0.0015));
#11438=CARTESIAN_POINT('',(0.0123726996527778,0.0113558579312807,0.0015));
#11439=CARTESIAN_POINT('',(0.0123726996527778,0.0113558579312807,0.002));
#11440=CARTESIAN_POINT('',(0.0122015480324074,0.0117341131396141,0.0015));
#11441=CARTESIAN_POINT('',(0.0122015480324074,0.0117341131396141,0.002));
#11442=CARTESIAN_POINT('',(0.0121352141203704,0.0121511053271141,0.0015));
#11443=CARTESIAN_POINT('',(0.0121352141203704,0.0121511053271141,0.002));
#11444=CARTESIAN_POINT('',(0.0121736979166667,0.0126068344937807,0.0015));
#11445=CARTESIAN_POINT('',(0.0121736979166667,0.0126068344937807,0.002));
#11446=CARTESIAN_POINT('',(0.0123726996527778,0.0113558579312807,0.0015));
#11447=CARTESIAN_POINT('',(0.0123726996527778,0.0113558579312807,0.0015));
#11448=CARTESIAN_POINT('',(0.0123726996527778,0.0113558579312807,0.0015));
#11449=CARTESIAN_POINT('',(0.0121159722222222,0.0119232407437807,0.0015));
#11450=CARTESIAN_POINT('',(0.0121736979166667,0.0126068344937807,0.0015));
#11451=CARTESIAN_POINT('',(0.0142029648034418,0.0121628118449322,0.0015));
#11452=CARTESIAN_POINT('',(0.0142029648034418,0.0121628118449322,0.0015));
#11453=CARTESIAN_POINT('',(0.0141120659722222,0.0141206148757252,0.0015));
#11454=CARTESIAN_POINT('',(0.0141120659722222,0.0141206148757252,0.002));
#11455=CARTESIAN_POINT('',(0.0139206597222222,0.0139590842044289,0.0015));
#11456=CARTESIAN_POINT('',(0.0139206597222222,0.0139590842044289,0.002));
#11457=CARTESIAN_POINT('',(0.0137490017361111,0.0136788107669289,0.0015));
#11458=CARTESIAN_POINT('',(0.0137490017361111,0.0136788107669289,0.002));
#11459=CARTESIAN_POINT('',(0.0135970920138889,0.0132797945632252,0.0015));
#11460=CARTESIAN_POINT('',(0.0135970920138889,0.0132797945632252,0.002));
#11461=CARTESIAN_POINT('',(0.0141120659722222,0.0141206148757252,0.002));
#11462=CARTESIAN_POINT('',(0.0138249565972222,0.0138783188687807,0.002));
#11463=CARTESIAN_POINT('',(0.0135970920138889,0.0132797945632252,0.002));
#11464=CARTESIAN_POINT('',(0.0141120659722222,0.0141206148757252,0.0015));
#11465=CARTESIAN_POINT('',(0.0138249565972222,0.0138783188687807,0.0015));
#11466=CARTESIAN_POINT('',(0.0135970920138889,0.0132797945632252,0.0015));
#11467=CARTESIAN_POINT('',(-0.002,0.,0.0015));
#11468=CARTESIAN_POINT('',(0.00619149305555555,0.0236020601882251,0.0015));
#11469=CARTESIAN_POINT('',(0.00619149305555555,0.0236020601882251,0.002));
#11470=CARTESIAN_POINT('',(0.00619756944444444,0.0232982407437807,0.0015));
#11471=CARTESIAN_POINT('',(0.00619756944444444,0.0232982407437807,0.002));
#11472=CARTESIAN_POINT('',(0.00626871383101851,0.02305847656554,0.0015));
#11473=CARTESIAN_POINT('',(0.00626871383101851,0.02305847656554,0.002));
#11474=CARTESIAN_POINT('',(0.00640492621527777,0.0228827676535029,0.0015));
#11475=CARTESIAN_POINT('',(0.00640492621527777,0.0228827676535029,0.002));
#11476=CARTESIAN_POINT('',(0.00619149305555555,0.0236020601882251,0.002));
#11477=CARTESIAN_POINT('',(0.00620060763888888,0.0231463310215585,0.002));
#11478=CARTESIAN_POINT('',(0.00640492621527777,0.0228827676535029,0.002));
#11479=CARTESIAN_POINT('',(0.00619149305555555,0.0236020601882251,0.002));
#11480=CARTESIAN_POINT('',(0.00640492621527777,0.0228827676535029,0.002));
#11481=CARTESIAN_POINT('',(0.00619149305555555,0.0236020601882251,0.0015));
#11482=CARTESIAN_POINT('',(0.00619149305555555,0.0236020601882251,0.0015));
#11483=CARTESIAN_POINT('',(0.00619149305555555,0.0236020601882251,0.0015));
#11484=CARTESIAN_POINT('',(0.00620060763888888,0.0231463310215585,0.0015));
#11485=CARTESIAN_POINT('',(0.00640492621527777,0.0228827676535029,0.0015));
#11486=CARTESIAN_POINT('',(0.00640492621527777,0.0228827676535029,0.0015));
#11487=CARTESIAN_POINT('',(0.00640492621527777,0.0228827676535029,0.0015));
#11488=CARTESIAN_POINT('',(0.00652113715277777,0.025165970778503,0.0015));
#11489=CARTESIAN_POINT('',(0.00652113715277777,0.025165970778503,0.002));
#11490=CARTESIAN_POINT('',(0.00628213252314814,0.0247786009868363,0.0015));
#11491=CARTESIAN_POINT('',(0.00628213252314814,0.0247786009868363,0.002));
#11492=CARTESIAN_POINT('',(0.0061722511574074,0.0242572974567437,0.0015));
#11493=CARTESIAN_POINT('',(0.0061722511574074,0.0242572974567437,0.002));
#11494=CARTESIAN_POINT('',(0.00619149305555555,0.0236020601882251,0.0015));
#11495=CARTESIAN_POINT('',(0.00619149305555555,0.0236020601882251,0.002));
#11496=CARTESIAN_POINT('',(0.00652113715277777,0.025165970778503,0.002));
#11497=CARTESIAN_POINT('',(0.00616263020833333,0.024584916091003,0.002));
#11498=CARTESIAN_POINT('',(0.00619149305555555,0.0236020601882251,0.002));
#11499=CARTESIAN_POINT('',(0.00652113715277777,0.025165970778503,0.002));
#11500=CARTESIAN_POINT('',(0.00652113715277777,0.025165970778503,0.0015));
#11501=CARTESIAN_POINT('',(0.00652113715277777,0.025165970778503,0.0015));
#11502=CARTESIAN_POINT('',(0.00652113715277777,0.025165970778503,0.0015));
#11503=CARTESIAN_POINT('',(0.00616263020833333,0.024584916091003,0.0015));
#11504=CARTESIAN_POINT('',(0.00619149305555555,0.0236020601882251,0.0015));
#11505=CARTESIAN_POINT('',(0.00747816840277777,0.0257287962993363,0.0015));
#11506=CARTESIAN_POINT('',(0.00747816840277777,0.0257287962993363,0.002));
#11507=CARTESIAN_POINT('',(0.00707915219907407,0.0257409490771141,0.0015));
#11508=CARTESIAN_POINT('',(0.00707915219907407,0.0257409490771141,0.002));
#11509=CARTESIAN_POINT('',(0.0067601417824074,0.0255533405701696,0.0015));
#11510=CARTESIAN_POINT('',(0.0067601417824074,0.0255533405701696,0.002));
#11511=CARTESIAN_POINT('',(0.00652113715277777,0.025165970778503,0.0015));
#11512=CARTESIAN_POINT('',(0.00652113715277777,0.025165970778503,0.002));
#11513=CARTESIAN_POINT('',(0.00747816840277777,0.0257287962993363,0.002));
#11514=CARTESIAN_POINT('',(0.00687964409722222,0.025747025466003,0.002));
#11515=CARTESIAN_POINT('',(0.00652113715277777,0.025165970778503,0.002));
#11516=CARTESIAN_POINT('',(0.00747816840277777,0.0257287962993363,0.002));
#11517=CARTESIAN_POINT('',(0.00747816840277777,0.0257287962993363,0.0015));
#11518=CARTESIAN_POINT('',(0.00747816840277777,0.0257287962993363,0.0015));
#11519=CARTESIAN_POINT('',(0.00747816840277777,0.0257287962993363,0.0015));
#11520=CARTESIAN_POINT('',(0.00687964409722222,0.025747025466003,0.0015));
#11521=CARTESIAN_POINT('',(0.00652113715277777,0.025165970778503,0.0015));
#11522=CARTESIAN_POINT('',(0.00805542534722221,0.0254454846673918,0.0015));
#11523=CARTESIAN_POINT('',(0.00805542534722221,0.0254454846673918,0.002));
#11524=CARTESIAN_POINT('',(0.00792073206018518,0.0256272699683178,0.0015));
#11525=CARTESIAN_POINT('',(0.00792073206018518,0.0256272699683178,0.002));
#11526=CARTESIAN_POINT('',(0.0077283130787037,0.0257217071789659,0.0015));
#11527=CARTESIAN_POINT('',(0.0077283130787037,0.0257217071789659,0.002));
#11528=CARTESIAN_POINT('',(0.00747816840277777,0.0257287962993363,0.0015));
#11529=CARTESIAN_POINT('',(0.00747816840277777,0.0257287962993363,0.002));
#11530=CARTESIAN_POINT('',(0.00805542534722221,0.0254454846673918,0.002));
#11531=CARTESIAN_POINT('',(0.00785338541666666,0.0257181626187807,0.002));
#11532=CARTESIAN_POINT('',(0.00747816840277777,0.0257287962993363,0.002));
#11533=CARTESIAN_POINT('',(0.00805542534722221,0.0254454846673918,0.002));
#11534=CARTESIAN_POINT('',(0.00805542534722221,0.0254454846673918,0.0015));
#11535=CARTESIAN_POINT('',(0.00805542534722221,0.0254454846673918,0.0015));
#11536=CARTESIAN_POINT('',(0.00805542534722221,0.0254454846673918,0.0015));
#11537=CARTESIAN_POINT('',(0.00785338541666666,0.0257181626187807,0.0015));
#11538=CARTESIAN_POINT('',(0.00747816840277777,0.0257287962993363,0.0015));
#11539=CARTESIAN_POINT('',(0.00827569444444444,0.0247170775493363,0.0015));
#11540=CARTESIAN_POINT('',(0.00827569444444444,0.0247170775493363,0.002));
#11541=CARTESIAN_POINT('',(0.00826354166666666,0.0250208969937807,0.0015));
#11542=CARTESIAN_POINT('',(0.00826354166666666,0.0250208969937807,0.002));
#11543=CARTESIAN_POINT('',(0.00819011863425925,0.0252636993664659,0.0015));
#11544=CARTESIAN_POINT('',(0.00819011863425925,0.0252636993664659,0.002));
#11545=CARTESIAN_POINT('',(0.00805542534722221,0.0254454846673918,0.0015));
#11546=CARTESIAN_POINT('',(0.00805542534722221,0.0254454846673918,0.002));
#11547=CARTESIAN_POINT('',(0.00827569444444444,0.0247170775493363,0.002));
#11548=CARTESIAN_POINT('',(0.00825746527777777,0.025172806716003,0.002));
#11549=CARTESIAN_POINT('',(0.00805542534722221,0.0254454846673918,0.002));
#11550=CARTESIAN_POINT('',(0.00827569444444444,0.0247170775493363,0.002));
#11551=CARTESIAN_POINT('',(0.00827569444444444,0.0247170775493363,0.0015));
#11552=CARTESIAN_POINT('',(0.00827569444444444,0.0247170775493363,0.0015));
#11553=CARTESIAN_POINT('',(0.00827569444444444,0.0247170775493363,0.0015));
#11554=CARTESIAN_POINT('',(0.00825746527777777,0.025172806716003,0.0015));
#11555=CARTESIAN_POINT('',(0.00805542534722221,0.0254454846673918,0.0015));
#11556=CARTESIAN_POINT('',(0.00794832899305555,0.0231767129660029,0.0015));
#11557=CARTESIAN_POINT('',(0.00794832899305555,0.0231767129660029,0.002));
#11558=CARTESIAN_POINT('',(0.00818277633101852,0.0235676273178548,0.0015));
#11559=CARTESIAN_POINT('',(0.00818277633101852,0.0235676273178548,0.002));
#11560=CARTESIAN_POINT('',(0.00829189814814815,0.0240810821789659,0.0015));
#11561=CARTESIAN_POINT('',(0.00829189814814815,0.0240810821789659,0.002));
#11562=CARTESIAN_POINT('',(0.00827569444444444,0.0247170775493363,0.0015));
#11563=CARTESIAN_POINT('',(0.00827569444444444,0.0247170775493363,0.002));
#11564=CARTESIAN_POINT('',(0.00794832899305555,0.0231767129660029,0.002));
#11565=CARTESIAN_POINT('',(0.0083,0.0237630844937807,0.002));
#11566=CARTESIAN_POINT('',(0.00827569444444444,0.0247170775493363,0.002));
#11567=CARTESIAN_POINT('',(0.00794832899305555,0.0231767129660029,0.002));
#11568=CARTESIAN_POINT('',(0.00794832899305555,0.0231767129660029,0.0015));
#11569=CARTESIAN_POINT('',(0.00794832899305555,0.0231767129660029,0.0015));
#11570=CARTESIAN_POINT('',(0.00794832899305555,0.0231767129660029,0.0015));
#11571=CARTESIAN_POINT('',(0.0083,0.0237630844937807,0.0015));
#11572=CARTESIAN_POINT('',(0.00827569444444444,0.0247170775493363,0.0015));
#11573=CARTESIAN_POINT('',(0.00697990451388888,0.022610089702114,0.0015));
#11574=CARTESIAN_POINT('',(0.00697990451388888,0.022610089702114,0.002));
#11575=CARTESIAN_POINT('',(0.00739107349537037,0.0225969241928548,0.0015));
#11576=CARTESIAN_POINT('',(0.00739107349537037,0.0225969241928548,0.002));
#11577=CARTESIAN_POINT('',(0.00771388165509259,0.0227857986141511,0.0015));
#11578=CARTESIAN_POINT('',(0.00771388165509259,0.0227857986141511,0.002));
#11579=CARTESIAN_POINT('',(0.00794832899305555,0.0231767129660029,0.0015));
#11580=CARTESIAN_POINT('',(0.00794832899305555,0.0231767129660029,0.002));
#11581=CARTESIAN_POINT('',(0.00697990451388888,0.022610089702114,0.002));
#11582=CARTESIAN_POINT('',(0.00759665798611111,0.0225903414382251,0.002));
#11583=CARTESIAN_POINT('',(0.00794832899305555,0.0231767129660029,0.002));
#11584=CARTESIAN_POINT('',(0.00697990451388888,0.022610089702114,0.002));
#11585=CARTESIAN_POINT('',(0.00697990451388888,0.022610089702114,0.0015));
#11586=CARTESIAN_POINT('',(0.00697990451388888,0.022610089702114,0.0015));
#11587=CARTESIAN_POINT('',(0.00697990451388888,0.022610089702114,0.0015));
#11588=CARTESIAN_POINT('',(0.00759665798611111,0.0225903414382251,0.0015));
#11589=CARTESIAN_POINT('',(0.00794832899305555,0.0231767129660029,0.0015));
#11590=CARTESIAN_POINT('',(0.00754500868055555,0.0268346990771141,0.0015));
#11591=CARTESIAN_POINT('',(0.00754500868055555,0.0268346990771141,0.002));
#11592=CARTESIAN_POINT('',(0.00799769965277777,0.0268286226882252,0.0015));
#11593=CARTESIAN_POINT('',(0.00799769965277777,0.0268286226882252,0.002));
#11594=CARTESIAN_POINT('',(0.00838785445601851,0.0267124117507252,0.0015));
#11595=CARTESIAN_POINT('',(0.00838785445601851,0.0267124117507252,0.002));
#11596=CARTESIAN_POINT('',(0.00871547309027777,0.026486066264614,0.0015));
#11597=CARTESIAN_POINT('',(0.00871547309027777,0.026486066264614,0.002));
#11598=CARTESIAN_POINT('',(0.00754500868055555,0.0268346990771141,0.0015));
#11599=CARTESIAN_POINT('',(0.00754500868055555,0.0268346990771141,0.0015));
#11600=CARTESIAN_POINT('',(0.00754500868055555,0.0268346990771141,0.0015));
#11601=CARTESIAN_POINT('',(0.00822404513888888,0.0268255844937807,0.0015));
#11602=CARTESIAN_POINT('',(0.00871547309027777,0.026486066264614,0.0015));
#11603=CARTESIAN_POINT('',(0.00871547309027777,0.026486066264614,0.0015));
#11604=CARTESIAN_POINT('',(0.00871547309027777,0.026486066264614,0.0015));
#11605=CARTESIAN_POINT('',(0.00573196614583333,0.0261131278965585,0.0015));
#11606=CARTESIAN_POINT('',(0.00573196614583333,0.0261131278965585,0.002));
#11607=CARTESIAN_POINT('',(0.00622567274305555,0.0266134172484103,0.0015));
#11608=CARTESIAN_POINT('',(0.00622567274305555,0.0266134172484103,0.002));
#11609=CARTESIAN_POINT('',(0.00683002025462962,0.0268539409752622,0.0015));
#11610=CARTESIAN_POINT('',(0.00683002025462962,0.0268539409752622,0.002));
#11611=CARTESIAN_POINT('',(0.00754500868055555,0.0268346990771141,0.0015));
#11612=CARTESIAN_POINT('',(0.00754500868055555,0.0268346990771141,0.002));
#11613=CARTESIAN_POINT('',(0.00573196614583333,0.0261131278965585,0.0015));
#11614=CARTESIAN_POINT('',(0.00573196614583333,0.0261131278965585,0.0015));
#11615=CARTESIAN_POINT('',(0.00573196614583333,0.0261131278965585,0.0015));
#11616=CARTESIAN_POINT('',(0.00647252604166666,0.0268635619243362,0.0015));
#11617=CARTESIAN_POINT('',(0.00754500868055555,0.0268346990771141,0.0015));
#11618=CARTESIAN_POINT('',(0.00486684027777777,0.0240912094937807,0.0015));
#11619=CARTESIAN_POINT('',(0.00486684027777777,0.0240912094937807,0.002));
#11620=CARTESIAN_POINT('',(0.00494988425925925,0.0249388657437807,0.0015));
#11621=CARTESIAN_POINT('',(0.00494988425925925,0.0249388657437807,0.002));
#11622=CARTESIAN_POINT('',(0.0052382595486111,0.0256128385447066,0.0015));
#11623=CARTESIAN_POINT('',(0.0052382595486111,0.0256128385447066,0.002));
#11624=CARTESIAN_POINT('',(0.00573196614583333,0.0261131278965585,0.0015));
#11625=CARTESIAN_POINT('',(0.00573196614583333,0.0261131278965585,0.002));
#11626=CARTESIAN_POINT('',(0.00486684027777777,0.0240912094937807,0.0015));
#11627=CARTESIAN_POINT('',(0.00486684027777777,0.0240912094937807,0.0015));
#11628=CARTESIAN_POINT('',(0.00486684027777777,0.0240912094937807,0.0015));
#11629=CARTESIAN_POINT('',(0.00499140624999999,0.0253626938687807,0.0015));
#11630=CARTESIAN_POINT('',(0.00573196614583333,0.0261131278965585,0.0015));
#11631=CARTESIAN_POINT('',(0.00503394097222222,0.022780228591003,0.0015));
#11632=CARTESIAN_POINT('',(0.00503394097222222,0.022780228591003,0.002));
#11633=CARTESIAN_POINT('',(0.00487899305555555,0.0231762066002622,0.0015));
#11634=CARTESIAN_POINT('',(0.00487899305555555,0.0231762066002622,0.002));
#11635=CARTESIAN_POINT('',(0.00482329282407407,0.0236132002345215,0.0015));
#11636=CARTESIAN_POINT('',(0.00482329282407407,0.0236132002345215,0.002));
#11637=CARTESIAN_POINT('',(0.00486684027777777,0.0240912094937807,0.0015));
#11638=CARTESIAN_POINT('',(0.00486684027777777,0.0240912094937807,0.002));
#11639=CARTESIAN_POINT('',(0.00503394097222222,0.022780228591003,0.0015));
#11640=CARTESIAN_POINT('',(0.00503394097222222,0.022780228591003,0.0015));
#11641=CARTESIAN_POINT('',(0.00503394097222222,0.022780228591003,0.0015));
#11642=CARTESIAN_POINT('',(0.00480151909722222,0.0233741956048919,0.0015));
#11643=CARTESIAN_POINT('',(0.00486684027777777,0.0240912094937807,0.0015));
#11644=CARTESIAN_POINT('',(0.00575551215277777,0.0218520601882252,0.0015));
#11645=CARTESIAN_POINT('',(0.00575551215277777,0.0218520601882252,0.002));
#11646=CARTESIAN_POINT('',(0.00542941261574074,0.0220748611141511,0.0015));
#11647=CARTESIAN_POINT('',(0.00542941261574074,0.0220748611141511,0.002));
#11648=CARTESIAN_POINT('',(0.00518888888888889,0.0223842505817437,0.0015));
#11649=CARTESIAN_POINT('',(0.00518888888888889,0.0223842505817437,0.002));
#11650=CARTESIAN_POINT('',(0.00503394097222222,0.022780228591003,0.0015));
#11651=CARTESIAN_POINT('',(0.00503394097222222,0.022780228591003,0.002));
#11652=CARTESIAN_POINT('',(0.00575551215277777,0.0218520601882252,0.0015));
#11653=CARTESIAN_POINT('',(0.00575551215277777,0.0218520601882252,0.0015));
#11654=CARTESIAN_POINT('',(0.00575551215277777,0.0218520601882252,0.0015));
#11655=CARTESIAN_POINT('',(0.00526636284722222,0.022186261577114,0.0015));
#11656=CARTESIAN_POINT('',(0.00503394097222222,0.022780228591003,0.0015));
#11657=CARTESIAN_POINT('',(0.0069130642361111,0.0215072251187807,0.0015));
#11658=CARTESIAN_POINT('',(0.0069130642361111,0.0215072251187807,0.002));
#11659=CARTESIAN_POINT('',(0.00646746238425925,0.0215143142391511,0.0015));
#11660=CARTESIAN_POINT('',(0.00646746238425925,0.0215143142391511,0.002));
#11661=CARTESIAN_POINT('',(0.00608161168981481,0.0216292592622992,0.0015));
#11662=CARTESIAN_POINT('',(0.00608161168981481,0.0216292592622992,0.002));
#11663=CARTESIAN_POINT('',(0.00575551215277777,0.0218520601882252,0.0015));
#11664=CARTESIAN_POINT('',(0.00575551215277777,0.0218520601882252,0.002));
#11665=CARTESIAN_POINT('',(0.0069130642361111,0.0215072251187807,0.0015));
#11666=CARTESIAN_POINT('',(0.0069130642361111,0.0215072251187807,0.0015));
#11667=CARTESIAN_POINT('',(0.0069130642361111,0.0215072251187807,0.0015));
#11668=CARTESIAN_POINT('',(0.00624466145833333,0.0215178587993363,0.0015));
#11669=CARTESIAN_POINT('',(0.00575551215277777,0.0218520601882252,0.0015));
#11670=CARTESIAN_POINT('',(0.00874813368055555,0.0222462659173918,0.0015));
#11671=CARTESIAN_POINT('',(0.00874813368055555,0.0222462659173918,0.002));
#11672=CARTESIAN_POINT('',(0.0082529079861111,0.0217414192738733,0.0015));
#11673=CARTESIAN_POINT('',(0.0082529079861111,0.0217414192738733,0.002));
#11674=CARTESIAN_POINT('',(0.00764121817129629,0.0214950723410029,0.0015));
#11675=CARTESIAN_POINT('',(0.00764121817129629,0.0214950723410029,0.002));
#11676=CARTESIAN_POINT('',(0.0069130642361111,0.0215072251187807,0.0015));
#11677=CARTESIAN_POINT('',(0.0069130642361111,0.0215072251187807,0.002));
#11678=CARTESIAN_POINT('',(0.00874813368055555,0.0222462659173918,0.0015));
#11679=CARTESIAN_POINT('',(0.00874813368055555,0.0222462659173918,0.0015));
#11680=CARTESIAN_POINT('',(0.00874813368055555,0.0222462659173918,0.0015));
#11681=CARTESIAN_POINT('',(0.00800529513888888,0.021488995952114,0.0015));
#11682=CARTESIAN_POINT('',(0.0069130642361111,0.0215072251187807,0.0015));
#11683=CARTESIAN_POINT('',(0.00960034722222221,0.0242279282437807,0.0015));
#11684=CARTESIAN_POINT('',(0.00960034722222221,0.0242279282437807,0.002));
#11685=CARTESIAN_POINT('',(0.00952743055555555,0.0234116666697066,0.0015));
#11686=CARTESIAN_POINT('',(0.00952743055555555,0.0234116666697066,0.002));
#11687=CARTESIAN_POINT('',(0.009243359375,0.0227511125609103,0.0015));
#11688=CARTESIAN_POINT('',(0.009243359375,0.0227511125609103,0.002));
#11689=CARTESIAN_POINT('',(0.00874813368055555,0.0222462659173918,0.0015));
#11690=CARTESIAN_POINT('',(0.00874813368055555,0.0222462659173918,0.002));
#11691=CARTESIAN_POINT('',(0.00960034722222221,0.0242279282437807,0.0015));
#11692=CARTESIAN_POINT('',(0.00960034722222221,0.0242279282437807,0.0015));
#11693=CARTESIAN_POINT('',(0.00960034722222221,0.0242279282437807,0.0015));
#11694=CARTESIAN_POINT('',(0.00949097222222222,0.0230035358826696,0.0015));
#11695=CARTESIAN_POINT('',(0.00874813368055555,0.0222462659173918,0.0015));
#11696=CARTESIAN_POINT('',(0.00943704427083333,0.0255503023757251,0.0015));
#11697=CARTESIAN_POINT('',(0.00943704427083333,0.0255503023757251,0.002));
#11698=CARTESIAN_POINT('',(0.00959047309027777,0.0251528052692437,0.0015));
#11699=CARTESIAN_POINT('',(0.00959047309027777,0.0251528052692437,0.002));
#11700=CARTESIAN_POINT('',(0.0096449074074074,0.0247120138919289,0.0015));
#11701=CARTESIAN_POINT('',(0.0096449074074074,0.0247120138919289,0.002));
#11702=CARTESIAN_POINT('',(0.00960034722222221,0.0242279282437807,0.0015));
#11703=CARTESIAN_POINT('',(0.00960034722222221,0.0242279282437807,0.002));
#11704=CARTESIAN_POINT('',(0.00943704427083333,0.0255503023757251,0.0015));
#11705=CARTESIAN_POINT('',(0.00943704427083333,0.0255503023757251,0.0015));
#11706=CARTESIAN_POINT('',(0.00943704427083333,0.0255503023757251,0.0015));
#11707=CARTESIAN_POINT('',(0.00966718749999999,0.024954056716003,0.0015));
#11708=CARTESIAN_POINT('',(0.00960034722222221,0.0242279282437807,0.0015));
#11709=CARTESIAN_POINT('',(0.00871547309027777,0.026486066264614,0.0015));
#11710=CARTESIAN_POINT('',(0.00871547309027777,0.026486066264614,0.002));
#11711=CARTESIAN_POINT('',(0.00904309172453703,0.0262597207785029,0.0015));
#11712=CARTESIAN_POINT('',(0.00904309172453703,0.0262597207785029,0.002));
#11713=CARTESIAN_POINT('',(0.00928361545138888,0.0259477994822066,0.0015));
#11714=CARTESIAN_POINT('',(0.00928361545138888,0.0259477994822066,0.002));
#11715=CARTESIAN_POINT('',(0.00943704427083333,0.0255503023757251,0.0015));
#11716=CARTESIAN_POINT('',(0.00943704427083333,0.0255503023757251,0.002));
#11717=CARTESIAN_POINT('',(0.00871547309027777,0.026486066264614,0.0015));
#11718=CARTESIAN_POINT('',(0.00920690104166666,0.0261465480354474,0.0015));
#11719=CARTESIAN_POINT('',(0.00943704427083333,0.0255503023757251,0.0015));
#11720=CARTESIAN_POINT('',(0.00640492621527777,0.0228827676535029,0.0015));
#11721=CARTESIAN_POINT('',(0.00640492621527777,0.0228827676535029,0.002));
#11722=CARTESIAN_POINT('',(0.00654113859953703,0.0227070587414659,0.0015));
#11723=CARTESIAN_POINT('',(0.00654113859953703,0.0227070587414659,0.002));
#11724=CARTESIAN_POINT('',(0.0067327980324074,0.0226161660910029,0.0015));
#11725=CARTESIAN_POINT('',(0.0067327980324074,0.0226161660910029,0.002));
#11726=CARTESIAN_POINT('',(0.00697990451388888,0.022610089702114,0.0015));
#11727=CARTESIAN_POINT('',(0.00697990451388888,0.022610089702114,0.002));
#11728=CARTESIAN_POINT('',(0.00640492621527777,0.0228827676535029,0.002));
#11729=CARTESIAN_POINT('',(0.00660924479166666,0.0226192042854474,0.002));
#11730=CARTESIAN_POINT('',(0.00697990451388888,0.022610089702114,0.002));
#11731=CARTESIAN_POINT('',(0.00640492621527777,0.0228827676535029,0.0015));
#11732=CARTESIAN_POINT('',(0.00660924479166666,0.0226192042854474,0.0015));
#11733=CARTESIAN_POINT('',(0.00697990451388888,0.022610089702114,0.0015));
#11734=CARTESIAN_POINT('',(-0.002,0.,0.0015));
#11735=CARTESIAN_POINT('',(-0.00119543985242527,0.0247788471875152,0.0015));
#11736=CARTESIAN_POINT('',(-0.00119543985242527,0.0247788471875152,0.002));
#11737=CARTESIAN_POINT('',(-0.00116245659722223,0.0257287962993363,0.002));
#11738=CARTESIAN_POINT('',(-0.00182022569444445,0.0254956148757251,0.002));
#11739=CARTESIAN_POINT('',(-0.00116245659722223,0.0257287962993363,0.0015));
#11740=CARTESIAN_POINT('',(-0.00116245659722223,0.0257287962993363,0.0015));
#11741=CARTESIAN_POINT('',(-0.00119543985242527,0.0247788471875152,0.0015));
#11742=CARTESIAN_POINT('',(-0.00182022569444445,0.0254956148757251,0.0015));
#11743=CARTESIAN_POINT('',(-0.00182022569444445,0.0254956148757251,0.0015));
#11744=CARTESIAN_POINT('',(-0.000693055555555561,0.025569291091003,0.0015));
#11745=CARTESIAN_POINT('',(-0.000693055555555561,0.025569291091003,0.002));
#11746=CARTESIAN_POINT('',(-0.000816608796296302,0.0256725897021141,0.0015));
#11747=CARTESIAN_POINT('',(-0.000816608796296302,0.0256725897021141,0.002));
#11748=CARTESIAN_POINT('',(-0.000973075810185191,0.0257257581048918,0.0015));
#11749=CARTESIAN_POINT('',(-0.000973075810185191,0.0257257581048918,0.002));
#11750=CARTESIAN_POINT('',(-0.00116245659722223,0.0257287962993363,0.0015));
#11751=CARTESIAN_POINT('',(-0.00116245659722223,0.0257287962993363,0.002));
#11752=CARTESIAN_POINT('',(-0.000693055555555561,0.025569291091003,0.002));
#11753=CARTESIAN_POINT('',(-0.000878385416666672,0.0257242390076696,0.002));
#11754=CARTESIAN_POINT('',(-0.00116245659722223,0.0257287962993363,0.002));
#11755=CARTESIAN_POINT('',(-0.000693055555555561,0.025569291091003,0.002));
#11756=CARTESIAN_POINT('',(-0.000693055555555561,0.025569291091003,0.0015));
#11757=CARTESIAN_POINT('',(-0.000693055555555561,0.025569291091003,0.0015));
#11758=CARTESIAN_POINT('',(-0.000693055555555561,0.025569291091003,0.0015));
#11759=CARTESIAN_POINT('',(-0.000878385416666672,0.0257242390076696,0.0015));
#11760=CARTESIAN_POINT('',(-0.00116245659722223,0.0257287962993363,0.0015));
#11761=CARTESIAN_POINT('',(-0.00046063368055556,0.0251393865771141,0.0015));
#11762=CARTESIAN_POINT('',(-0.00046063368055556,0.0251393865771141,0.002));
#11763=CARTESIAN_POINT('',(-0.000492028356481486,0.0253226909752622,0.0015));
#11764=CARTESIAN_POINT('',(-0.000492028356481486,0.0253226909752622,0.002));
#11765=CARTESIAN_POINT('',(-0.00056950231481482,0.0254659924798919,0.0015));
#11766=CARTESIAN_POINT('',(-0.00056950231481482,0.0254659924798919,0.002));
#11767=CARTESIAN_POINT('',(-0.000693055555555561,0.025569291091003,0.0015));
#11768=CARTESIAN_POINT('',(-0.000693055555555561,0.025569291091003,0.002));
#11769=CARTESIAN_POINT('',(-0.00046063368055556,0.0251393865771141,0.002));
#11770=CARTESIAN_POINT('',(-0.000507725694444449,0.0254143431743363,0.002));
#11771=CARTESIAN_POINT('',(-0.000693055555555561,0.025569291091003,0.002));
#11772=CARTESIAN_POINT('',(-0.00046063368055556,0.0251393865771141,0.002));
#11773=CARTESIAN_POINT('',(-0.00046063368055556,0.0251393865771141,0.0015));
#11774=CARTESIAN_POINT('',(-0.00046063368055556,0.0251393865771141,0.0015));
#11775=CARTESIAN_POINT('',(-0.00046063368055556,0.0251393865771141,0.0015));
#11776=CARTESIAN_POINT('',(-0.000507725694444449,0.0254143431743363,0.0015));
#11777=CARTESIAN_POINT('',(-0.000693055555555561,0.025569291091003,0.0015));
#11778=CARTESIAN_POINT('',(-0.00168148754534032,0.0249765302332389,0.0015));
#11779=CARTESIAN_POINT('',(-0.00168148754534032,0.0249765302332389,0.002));
#11780=CARTESIAN_POINT('',(-0.000465318780631336,0.0247793812540336,0.002));
#11781=CARTESIAN_POINT('',(-0.000465190972222227,0.0247793605354474,0.0015));
#11782=CARTESIAN_POINT('',(-0.000465318780631336,0.0247793812540336,0.00150000025));
#11783=CARTESIAN_POINT('',(-0.00168148754534032,0.0249765302332389,0.0015));
#11784=CARTESIAN_POINT('',(-0.000478862847222226,0.0247170775493363,0.0015));
#11785=CARTESIAN_POINT('',(-0.000478862847222226,0.0247170775493363,0.002));
#11786=CARTESIAN_POINT('',(-0.000492534722222226,0.0246547945632252,0.002));
#11787=CARTESIAN_POINT('',(-0.000492534722222226,0.0246547945632252,0.0015));
#11788=CARTESIAN_POINT('',(-0.000492534722222226,0.0246547945632252,0.0015));
#11789=CARTESIAN_POINT('',(-0.000478862847222226,0.0247170775493363,0.0015));
#11790=CARTESIAN_POINT('',(-0.0014138671875,0.0246547945632252,0.0015));
#11791=CARTESIAN_POINT('',(-0.0014138671875,0.0246547945632252,0.002));
#11792=CARTESIAN_POINT('',(-0.00233519965277778,0.0246547945632252,0.002));
#11793=CARTESIAN_POINT('',(-0.00233519965277778,0.0246547945632252,0.0015));
#11794=CARTESIAN_POINT('',(-0.00233519965277778,0.0246547945632252,0.0015));
#11795=CARTESIAN_POINT('',(-0.0014138671875,0.0246547945632252,0.0015));
#11796=CARTESIAN_POINT('',(-0.00158932291666667,0.0215072251187807,0.0015));
#11797=CARTESIAN_POINT('',(-0.00158932291666667,0.0215072251187807,0.002));
#11798=CARTESIAN_POINT('',(-0.00203897569444445,0.0215112760447066,0.0015));
#11799=CARTESIAN_POINT('',(-0.00203897569444445,0.0215112760447066,0.002));
#11800=CARTESIAN_POINT('',(-0.00243697916666667,0.0216216637761881,0.0015));
#11801=CARTESIAN_POINT('',(-0.00243697916666667,0.0216216637761881,0.002));
#11802=CARTESIAN_POINT('',(-0.00278333333333334,0.0218383883132252,0.0015));
#11803=CARTESIAN_POINT('',(-0.00278333333333334,0.0218383883132252,0.002));
#11804=CARTESIAN_POINT('',(-0.00158932291666667,0.0215072251187807,0.0015));
#11805=CARTESIAN_POINT('',(-0.00158932291666667,0.0215072251187807,0.0015));
#11806=CARTESIAN_POINT('',(-0.00158932291666667,0.0215072251187807,0.0015));
#11807=CARTESIAN_POINT('',(-0.00226380208333334,0.0215133015076696,0.0015));
#11808=CARTESIAN_POINT('',(-0.00278333333333334,0.0218383883132252,0.0015));
#11809=CARTESIAN_POINT('',(-0.00278333333333334,0.0218383883132252,0.0015));
#11810=CARTESIAN_POINT('',(-0.00278333333333334,0.0218383883132252,0.0015));
#11811=CARTESIAN_POINT('',(-0.00152636172907061,0.0242404435939794,0.0015));
#11812=CARTESIAN_POINT('',(-0.000417339409722228,0.0217426851882251,0.0015));
#11813=CARTESIAN_POINT('',(-0.000417339409722228,0.0217426851882251,0.0015));
#11814=CARTESIAN_POINT('',(-0.00152636172907061,0.0242404435939794,0.0015));
#11815=CARTESIAN_POINT('',(0.000418923611111106,0.022424759841003,0.0015));
#11816=CARTESIAN_POINT('',(0.000418923611111106,0.022424759841003,0.002));
#11817=CARTESIAN_POINT('',(0.000225491898148143,0.0221330931743363,0.0015));
#11818=CARTESIAN_POINT('',(0.000225491898148143,0.0221330931743363,0.002));
#11819=CARTESIAN_POINT('',(-5.32624421296345E-5,0.0219057349567437,0.0015));
#11820=CARTESIAN_POINT('',(-5.32624421296345E-5,0.0219057349567437,0.002));
#11821=CARTESIAN_POINT('',(-0.000417339409722228,0.0217426851882251,0.0015));
#11822=CARTESIAN_POINT('',(-0.000417339409722228,0.0217426851882251,0.002));
#11823=CARTESIAN_POINT('',(0.000418923611111106,0.022424759841003,0.0015));
#11824=CARTESIAN_POINT('',(0.000418923611111106,0.022424759841003,0.0015));
#11825=CARTESIAN_POINT('',(0.000418923611111106,0.022424759841003,0.0015));
#11826=CARTESIAN_POINT('',(0.000128776041666662,0.0219872598410029,0.0015));
#11827=CARTESIAN_POINT('',(-0.000417339409722228,0.0217426851882251,0.0015));
#11828=CARTESIAN_POINT('',(0.000112065972222217,0.0228045341465585,0.0015));
#11829=CARTESIAN_POINT('',(-0.000194791666666672,0.023184308452114,0.0015));
#11830=CARTESIAN_POINT('',(-0.000194791666666672,0.023184308452114,0.0015));
#11831=CARTESIAN_POINT('',(0.000112065972222217,0.0228045341465585,0.0015));
#11832=CARTESIAN_POINT('',(-0.001475390625,0.0226192042854474,0.0015));
#11833=CARTESIAN_POINT('',(-0.001475390625,0.0226192042854474,0.002));
#11834=CARTESIAN_POINT('',(-0.000988266782407411,0.0226060387761881,0.0015));
#11835=CARTESIAN_POINT('',(-0.000988266782407411,0.0226060387761881,0.002));
#11836=CARTESIAN_POINT('',(-0.000561400462962967,0.0227944068317437,0.0015));
#11837=CARTESIAN_POINT('',(-0.000561400462962967,0.0227944068317437,0.002));
#11838=CARTESIAN_POINT('',(-0.000194791666666671,0.023184308452114,0.0015));
#11839=CARTESIAN_POINT('',(-0.000194791666666671,0.023184308452114,0.002));
#11840=CARTESIAN_POINT('',(-0.001475390625,0.0226192042854474,0.0015));
#11841=CARTESIAN_POINT('',(-0.001475390625,0.0226192042854474,0.0015));
#11842=CARTESIAN_POINT('',(-0.001475390625,0.0226192042854474,0.0015));
#11843=CARTESIAN_POINT('',(-0.000744704861111115,0.0225994560215585,0.0015));
#11844=CARTESIAN_POINT('',(-0.000194791666666671,0.023184308452114,0.0015));
#11845=CARTESIAN_POINT('',(-0.00218784722222223,0.0229275810215585,0.0015));
#11846=CARTESIAN_POINT('',(-0.00218784722222223,0.0229275810215585,0.002));
#11847=CARTESIAN_POINT('',(-0.00201365740740741,0.0227280729197066,0.0015));
#11848=CARTESIAN_POINT('',(-0.00201365740740741,0.0227280729197066,0.002));
#11849=CARTESIAN_POINT('',(-0.001776171875,0.0226252806743363,0.0015));
#11850=CARTESIAN_POINT('',(-0.001776171875,0.0226252806743363,0.002));
#11851=CARTESIAN_POINT('',(-0.001475390625,0.0226192042854474,0.0015));
#11852=CARTESIAN_POINT('',(-0.001475390625,0.0226192042854474,0.002));
#11853=CARTESIAN_POINT('',(-0.00218784722222223,0.0229275810215585,0.0015));
#11854=CARTESIAN_POINT('',(-0.00218784722222223,0.0229275810215585,0.0015));
#11855=CARTESIAN_POINT('',(-0.00218784722222223,0.0229275810215585,0.0015));
#11856=CARTESIAN_POINT('',(-0.00192656250000001,0.0226283188687807,0.0015));
#11857=CARTESIAN_POINT('',(-0.001475390625,0.0226192042854474,0.0015));
#11858=CARTESIAN_POINT('',(-0.00242938368055556,0.0237251070632251,0.0015));
#11859=CARTESIAN_POINT('',(-0.00242938368055556,0.0237251070632251,0.002));
#11860=CARTESIAN_POINT('',(-0.00244254918981482,0.0233929311372993,0.0015));
#11861=CARTESIAN_POINT('',(-0.00244254918981482,0.0233929311372993,0.002));
#11862=CARTESIAN_POINT('',(-0.00236203703703704,0.0231270891234104,0.0015));
#11863=CARTESIAN_POINT('',(-0.00236203703703704,0.0231270891234104,0.002));
#11864=CARTESIAN_POINT('',(-0.00218784722222223,0.0229275810215585,0.0015));
#11865=CARTESIAN_POINT('',(-0.00218784722222223,0.0229275810215585,0.002));
#11866=CARTESIAN_POINT('',(-0.00242938368055556,0.0237251070632251,0.0015));
#11867=CARTESIAN_POINT('',(-0.00242938368055556,0.0237251070632251,0.0015));
#11868=CARTESIAN_POINT('',(-0.00242938368055556,0.0237251070632251,0.0015));
#11869=CARTESIAN_POINT('',(-0.00244913194444445,0.0232268431743363,0.0015));
#11870=CARTESIAN_POINT('',(-0.00218784722222223,0.0229275810215585,0.0015));
#11871=CARTESIAN_POINT('',(-0.00085635850694445,0.0237251070632251,0.0015));
#11872=CARTESIAN_POINT('',(0.000716666666666661,0.0237251070632251,0.0015));
#11873=CARTESIAN_POINT('',(0.000716666666666661,0.0237251070632251,0.0015));
#11874=CARTESIAN_POINT('',(-0.00085635850694445,0.0237251070632251,0.0015));
#11875=CARTESIAN_POINT('',(0.000754644097222217,0.0240167737298919,0.0015));
#11876=CARTESIAN_POINT('',(0.000792621527777773,0.0243084403965585,0.0015));
#11877=CARTESIAN_POINT('',(0.000792621527777773,0.0243084403965585,0.0015));
#11878=CARTESIAN_POINT('',(0.000754644097222217,0.0240167737298919,0.0015));
#11879=CARTESIAN_POINT('',(0.000406770833333329,0.0261055324104474,0.0015));
#11880=CARTESIAN_POINT('',(0.000406770833333329,0.0261055324104474,0.002));
#11881=CARTESIAN_POINT('',(0.000747048611111109,0.0256325868085955,0.0015));
#11882=CARTESIAN_POINT('',(0.000747048611111109,0.0256325868085955,0.002));
#11883=CARTESIAN_POINT('',(0.000875665509259258,0.0250335561372992,0.0015));
#11884=CARTESIAN_POINT('',(0.000875665509259258,0.0250335561372992,0.002));
#11885=CARTESIAN_POINT('',(0.000792621527777773,0.0243084403965585,0.0015));
#11886=CARTESIAN_POINT('',(0.000792621527777773,0.0243084403965585,0.002));
#11887=CARTESIAN_POINT('',(0.000406770833333329,0.0261055324104474,0.0015));
#11888=CARTESIAN_POINT('',(0.000406770833333329,0.0261055324104474,0.0015));
#11889=CARTESIAN_POINT('',(0.000406770833333329,0.0261055324104474,0.0015));
#11890=CARTESIAN_POINT('',(0.0009171875,0.0253961140076696,0.0015));
#11891=CARTESIAN_POINT('',(0.000792621527777773,0.0243084403965585,0.0015));
#11892=CARTESIAN_POINT('',(-0.00109561631944445,0.0268346990771141,0.0015));
#11893=CARTESIAN_POINT('',(-0.00109561631944445,0.0268346990771141,0.002));
#11894=CARTESIAN_POINT('',(-0.000434302662037043,0.0268215335678548,0.0015));
#11895=CARTESIAN_POINT('',(-0.000434302662037043,0.0268215335678548,0.002));
#11896=CARTESIAN_POINT('',(6.64930555555501E-5,0.0265784780122992,0.0015));
#11897=CARTESIAN_POINT('',(6.64930555555501E-5,0.0265784780122992,0.002));
#11898=CARTESIAN_POINT('',(0.000406770833333329,0.0261055324104474,0.0015));
#11899=CARTESIAN_POINT('',(0.000406770833333329,0.0261055324104474,0.002));
#11900=CARTESIAN_POINT('',(-0.00109561631944445,0.0268346990771141,0.0015));
#11901=CARTESIAN_POINT('',(-0.00109561631944445,0.0268346990771141,0.0015));
#11902=CARTESIAN_POINT('',(-0.00109561631944445,0.0268346990771141,0.0015));
#11903=CARTESIAN_POINT('',(-0.000103645833333339,0.0268149508132252,0.0015));
#11904=CARTESIAN_POINT('',(0.000406770833333329,0.0261055324104474,0.0015));
#11905=CARTESIAN_POINT('',(-0.00236861979166667,0.0265134100146141,0.0015));
#11906=CARTESIAN_POINT('',(-0.00236861979166667,0.0265134100146141,0.002));
#11907=CARTESIAN_POINT('',(-0.00198580729166667,0.0267397555007251,0.0015));
#11908=CARTESIAN_POINT('',(-0.00198580729166667,0.0267397555007251,0.002));
#11909=CARTESIAN_POINT('',(-0.00156147280092593,0.0268468518548918,0.0015));
#11910=CARTESIAN_POINT('',(-0.00156147280092593,0.0268468518548918,0.002));
#11911=CARTESIAN_POINT('',(-0.00109561631944445,0.0268346990771141,0.0015));
#11912=CARTESIAN_POINT('',(-0.00109561631944445,0.0268346990771141,0.002));
#11913=CARTESIAN_POINT('',(-0.00236861979166667,0.0265134100146141,0.0015));
#11914=CARTESIAN_POINT('',(-0.00236861979166667,0.0265134100146141,0.0015));
#11915=CARTESIAN_POINT('',(-0.00236861979166667,0.0265134100146141,0.0015));
#11916=CARTESIAN_POINT('',(-0.00179440104166667,0.0268529282437807,0.0015));
#11917=CARTESIAN_POINT('',(-0.00109561631944445,0.0268346990771141,0.0015));
#11918=CARTESIAN_POINT('',(-0.00330818142361111,0.0255472641812807,0.0015));
#11919=CARTESIAN_POINT('',(-0.00330818142361111,0.0255472641812807,0.002));
#11920=CARTESIAN_POINT('',(-0.00306461950231482,0.0259650159173918,0.0015));
#11921=CARTESIAN_POINT('',(-0.00306461950231482,0.0259650159173918,0.002));
#11922=CARTESIAN_POINT('',(-0.00275143229166667,0.026287064528503,0.0015));
#11923=CARTESIAN_POINT('',(-0.00275143229166667,0.026287064528503,0.002));
#11924=CARTESIAN_POINT('',(-0.00236861979166667,0.0265134100146141,0.0015));
#11925=CARTESIAN_POINT('',(-0.00236861979166667,0.0265134100146141,0.002));
#11926=CARTESIAN_POINT('',(-0.00330818142361111,0.0255472641812807,0.0015));
#11927=CARTESIAN_POINT('',(-0.00330818142361111,0.0255472641812807,0.0015));
#11928=CARTESIAN_POINT('',(-0.00330818142361111,0.0255472641812807,0.0015));
#11929=CARTESIAN_POINT('',(-0.00294283854166667,0.0261738917854474,0.0015));
#11930=CARTESIAN_POINT('',(-0.00236861979166667,0.0265134100146141,0.0015));
#11931=CARTESIAN_POINT('',(-0.000436124710310505,0.023880724463,0.0015));
#11932=CARTESIAN_POINT('',(-0.00374492187500001,0.0241717216465585,0.0015));
#11933=CARTESIAN_POINT('',(-0.0037445938756625,0.0241716928001594,0.00150000025));
#11934=CARTESIAN_POINT('',(-0.000436124710310505,0.023880724463,0.0015));
#11935=CARTESIAN_POINT('',(-0.0037517578125,0.0240767780701696,0.0015));
#11936=CARTESIAN_POINT('',(-0.00375859375000001,0.0239818344937807,0.0015));
#11937=CARTESIAN_POINT('',(-0.00375859375000001,0.0239818344937807,0.0015));
#11938=CARTESIAN_POINT('',(-0.0037517578125,0.0240767780701696,0.0015));
#11939=CARTESIAN_POINT('',(-0.00355959201388889,0.0227308579312807,0.0015));
#11940=CARTESIAN_POINT('',(-0.00355959201388889,0.0227308579312807,0.002));
#11941=CARTESIAN_POINT('',(-0.00373074363425926,0.023109113139614,0.0015));
#11942=CARTESIAN_POINT('',(-0.00373074363425926,0.023109113139614,0.002));
#11943=CARTESIAN_POINT('',(-0.0037970775462963,0.023526105327114,0.0015));
#11944=CARTESIAN_POINT('',(-0.0037970775462963,0.023526105327114,0.002));
#11945=CARTESIAN_POINT('',(-0.00375859375000001,0.0239818344937807,0.0015));
#11946=CARTESIAN_POINT('',(-0.00375859375000001,0.0239818344937807,0.002));
#11947=CARTESIAN_POINT('',(-0.00355959201388889,0.0227308579312807,0.0015));
#11948=CARTESIAN_POINT('',(-0.00355959201388889,0.0227308579312807,0.0015));
#11949=CARTESIAN_POINT('',(-0.00355959201388889,0.0227308579312807,0.0015));
#11950=CARTESIAN_POINT('',(-0.00381631944444445,0.0232982407437807,0.0015));
#11951=CARTESIAN_POINT('',(-0.00375859375000001,0.0239818344937807,0.0015));
#11952=CARTESIAN_POINT('',(-0.0017293268632249,0.0235378118449321,0.0015));
#11953=CARTESIAN_POINT('',(-0.0017293268632249,0.0235378118449321,0.0015));
#11954=CARTESIAN_POINT('',(-0.00182022569444445,0.0254956148757251,0.0015));
#11955=CARTESIAN_POINT('',(-0.00182022569444445,0.0254956148757251,0.002));
#11956=CARTESIAN_POINT('',(-0.00201163194444445,0.0253340842044289,0.0015));
#11957=CARTESIAN_POINT('',(-0.00201163194444445,0.0253340842044289,0.002));
#11958=CARTESIAN_POINT('',(-0.00218328993055556,0.0250538107669288,0.0015));
#11959=CARTESIAN_POINT('',(-0.00218328993055556,0.0250538107669288,0.002));
#11960=CARTESIAN_POINT('',(-0.00233519965277778,0.0246547945632252,0.0015));
#11961=CARTESIAN_POINT('',(-0.00233519965277778,0.0246547945632252,0.002));
#11962=CARTESIAN_POINT('',(-0.00182022569444445,0.0254956148757251,0.002));
#11963=CARTESIAN_POINT('',(-0.00210733506944445,0.0252533188687807,0.002));
#11964=CARTESIAN_POINT('',(-0.00233519965277778,0.0246547945632252,0.002));
#11965=CARTESIAN_POINT('',(-0.00182022569444445,0.0254956148757251,0.0015));
#11966=CARTESIAN_POINT('',(-0.00210733506944445,0.0252533188687807,0.0015));
#11967=CARTESIAN_POINT('',(-0.00233519965277778,0.0246547945632252,0.0015));
#11968=CARTESIAN_POINT('',(-0.002,0.,0.0015));
#11969=CARTESIAN_POINT('',(0.00790119374008778,0.000329621649975351,0.0015));
#11970=CARTESIAN_POINT('',(0.00790119374008778,0.000329621649975351,0.002));
#11971=CARTESIAN_POINT('',(0.00793888888888889,0.00141527777777778,0.002));
#11972=CARTESIAN_POINT('',(0.00718715277777778,0.00114878472222222,0.002));
#11973=CARTESIAN_POINT('',(0.00793888888888889,0.00141527777777778,0.0015));
#11974=CARTESIAN_POINT('',(0.00793888888888889,0.00141527777777778,0.0015));
#11975=CARTESIAN_POINT('',(0.00790119374008778,0.000329621649975351,0.0015));
#11976=CARTESIAN_POINT('',(0.00718715277777778,0.00114878472222222,0.0015));
#11977=CARTESIAN_POINT('',(0.00718715277777778,0.00114878472222222,0.0015));
#11978=CARTESIAN_POINT('',(0.00847534722222222,0.00123298611111111,0.0015));
#11979=CARTESIAN_POINT('',(0.00847534722222222,0.00123298611111111,0.002));
#11980=CARTESIAN_POINT('',(0.00833414351851851,0.00135104166666667,0.0015));
#11981=CARTESIAN_POINT('',(0.00833414351851851,0.00135104166666667,0.002));
#11982=CARTESIAN_POINT('',(0.00815532407407407,0.00141180555555556,0.0015));
#11983=CARTESIAN_POINT('',(0.00815532407407407,0.00141180555555556,0.002));
#11984=CARTESIAN_POINT('',(0.00793888888888889,0.00141527777777778,0.0015));
#11985=CARTESIAN_POINT('',(0.00793888888888889,0.00141527777777778,0.002));
#11986=CARTESIAN_POINT('',(0.00847534722222222,0.00123298611111111,0.002));
#11987=CARTESIAN_POINT('',(0.00826354166666666,0.00141006944444444,0.002));
#11988=CARTESIAN_POINT('',(0.00793888888888889,0.00141527777777778,0.002));
#11989=CARTESIAN_POINT('',(0.00847534722222222,0.00123298611111111,0.002));
#11990=CARTESIAN_POINT('',(0.00847534722222222,0.00123298611111111,0.0015));
#11991=CARTESIAN_POINT('',(0.00847534722222222,0.00123298611111111,0.0015));
#11992=CARTESIAN_POINT('',(0.00847534722222222,0.00123298611111111,0.0015));
#11993=CARTESIAN_POINT('',(0.00826354166666666,0.00141006944444444,0.0015));
#11994=CARTESIAN_POINT('',(0.00793888888888889,0.00141527777777778,0.0015));
#11995=CARTESIAN_POINT('',(0.00874097222222222,0.000741666666666666,0.0015));
#11996=CARTESIAN_POINT('',(0.00874097222222222,0.000741666666666666,0.002));
#11997=CARTESIAN_POINT('',(0.00870509259259259,0.000951157407407406,0.0015));
#11998=CARTESIAN_POINT('',(0.00870509259259259,0.000951157407407406,0.002));
#11999=CARTESIAN_POINT('',(0.00861655092592593,0.00111493055555555,0.0015));
#12000=CARTESIAN_POINT('',(0.00861655092592593,0.00111493055555555,0.002));
#12001=CARTESIAN_POINT('',(0.00847534722222222,0.00123298611111111,0.0015));
#12002=CARTESIAN_POINT('',(0.00847534722222222,0.00123298611111111,0.002));
#12003=CARTESIAN_POINT('',(0.00874097222222222,0.000741666666666666,0.002));
#12004=CARTESIAN_POINT('',(0.00868715277777778,0.00105590277777778,0.002));
#12005=CARTESIAN_POINT('',(0.00847534722222222,0.00123298611111111,0.002));
#12006=CARTESIAN_POINT('',(0.00874097222222222,0.000741666666666666,0.002));
#12007=CARTESIAN_POINT('',(0.00874097222222222,0.000741666666666666,0.0015));
#12008=CARTESIAN_POINT('',(0.00874097222222222,0.000741666666666666,0.0015));
#12009=CARTESIAN_POINT('',(0.00874097222222222,0.000741666666666666,0.0015));
#12010=CARTESIAN_POINT('',(0.00868715277777778,0.00105590277777778,0.0015));
#12011=CARTESIAN_POINT('',(0.00847534722222222,0.00123298611111111,0.0015));
#12012=CARTESIAN_POINT('',(0.00734571066246814,0.000555545130809319,0.0015));
#12013=CARTESIAN_POINT('',(0.00734571066246814,0.000555545130809319,0.002));
#12014=CARTESIAN_POINT('',(0.00873561782213562,0.000330232011717565,0.002));
#12015=CARTESIAN_POINT('',(0.00873576388888889,0.000330208333333332,0.0015));
#12016=CARTESIAN_POINT('',(0.00873561782213562,0.000330232011717565,0.00150000025));
#12017=CARTESIAN_POINT('',(0.00734571066246814,0.000555545130809319,0.0015));
#12018=CARTESIAN_POINT('',(0.00872013888888889,0.000259027777777778,0.0015));
#12019=CARTESIAN_POINT('',(0.00872013888888889,0.000259027777777778,0.002));
#12020=CARTESIAN_POINT('',(0.00870451388888889,0.000187847222222223,0.002));
#12021=CARTESIAN_POINT('',(0.00870451388888889,0.000187847222222223,0.0015));
#12022=CARTESIAN_POINT('',(0.00870451388888889,0.000187847222222223,0.0015));
#12023=CARTESIAN_POINT('',(0.00872013888888889,0.000259027777777778,0.0015));
#12024=CARTESIAN_POINT('',(0.0076515625,0.000187847222222222,0.0015));
#12025=CARTESIAN_POINT('',(0.0076515625,0.000187847222222222,0.002));
#12026=CARTESIAN_POINT('',(0.00659861111111111,0.000187847222222222,0.002));
#12027=CARTESIAN_POINT('',(0.00659861111111111,0.000187847222222222,0.0015));
#12028=CARTESIAN_POINT('',(0.00659861111111111,0.000187847222222222,0.0015));
#12029=CARTESIAN_POINT('',(0.0076515625,0.000187847222222222,0.0015));
#12030=CARTESIAN_POINT('',(0.00745104166666667,-0.003409375,0.0015));
#12031=CARTESIAN_POINT('',(0.00745104166666667,-0.003409375,0.002));
#12032=CARTESIAN_POINT('',(0.00693715277777778,-0.00340474537037037,0.0015));
#12033=CARTESIAN_POINT('',(0.00693715277777778,-0.00340474537037037,0.002));
#12034=CARTESIAN_POINT('',(0.00648229166666666,-0.00327858796296296,0.0015));
#12035=CARTESIAN_POINT('',(0.00648229166666666,-0.00327858796296296,0.002));
#12036=CARTESIAN_POINT('',(0.00608645833333333,-0.00303090277777778,0.0015));
#12037=CARTESIAN_POINT('',(0.00608645833333333,-0.00303090277777778,0.002));
#12038=CARTESIAN_POINT('',(0.00745104166666667,-0.003409375,0.0015));
#12039=CARTESIAN_POINT('',(0.00745104166666667,-0.003409375,0.0015));
#12040=CARTESIAN_POINT('',(0.00745104166666667,-0.003409375,0.0015));
#12041=CARTESIAN_POINT('',(0.00668020833333333,-0.00340243055555556,0.0015));
#12042=CARTESIAN_POINT('',(0.00608645833333333,-0.00303090277777778,0.0015));
#12043=CARTESIAN_POINT('',(0.00608645833333333,-0.00303090277777778,0.0015));
#12044=CARTESIAN_POINT('',(0.00608645833333333,-0.00303090277777778,0.0015));
#12045=CARTESIAN_POINT('',(0.00752299730963425,-0.000285696742633234,0.0015));
#12046=CARTESIAN_POINT('',(0.00879045138888889,-0.00314027777777778,0.0015));
#12047=CARTESIAN_POINT('',(0.00879045138888889,-0.00314027777777778,0.0015));
#12048=CARTESIAN_POINT('',(0.00752299730963425,-0.000285696742633234,0.0015));
#12049=CARTESIAN_POINT('',(0.00974618055555555,-0.00236076388888889,0.0015));
#12050=CARTESIAN_POINT('',(0.00974618055555555,-0.00236076388888889,0.002));
#12051=CARTESIAN_POINT('',(0.00952511574074074,-0.00269409722222222,0.0015));
#12052=CARTESIAN_POINT('',(0.00952511574074074,-0.00269409722222222,0.002));
#12053=CARTESIAN_POINT('',(0.00920653935185185,-0.00295393518518519,0.0015));
#12054=CARTESIAN_POINT('',(0.00920653935185185,-0.00295393518518519,0.002));
#12055=CARTESIAN_POINT('',(0.00879045138888889,-0.00314027777777778,0.0015));
#12056=CARTESIAN_POINT('',(0.00879045138888889,-0.00314027777777778,0.002));
#12057=CARTESIAN_POINT('',(0.00974618055555555,-0.00236076388888889,0.0015));
#12058=CARTESIAN_POINT('',(0.00974618055555555,-0.00236076388888889,0.0015));
#12059=CARTESIAN_POINT('',(0.00974618055555555,-0.00236076388888889,0.0015));
#12060=CARTESIAN_POINT('',(0.00941458333333333,-0.00286076388888889,0.0015));
#12061=CARTESIAN_POINT('',(0.00879045138888889,-0.00314027777777778,0.0015));
#12062=CARTESIAN_POINT('',(0.00939548611111111,-0.00192673611111111,0.0015));
#12063=CARTESIAN_POINT('',(0.00904479166666666,-0.00149270833333333,0.0015));
#12064=CARTESIAN_POINT('',(0.00904479166666666,-0.00149270833333333,0.0015));
#12065=CARTESIAN_POINT('',(0.00939548611111111,-0.00192673611111111,0.0015));
#12066=CARTESIAN_POINT('',(0.00758125,-0.00213854166666666,0.0015));
#12067=CARTESIAN_POINT('',(0.00758125,-0.00213854166666666,0.002));
#12068=CARTESIAN_POINT('',(0.00813796296296296,-0.00215358796296296,0.0015));
#12069=CARTESIAN_POINT('',(0.00813796296296296,-0.00215358796296296,0.002));
#12070=CARTESIAN_POINT('',(0.00862581018518518,-0.00193831018518518,0.0015));
#12071=CARTESIAN_POINT('',(0.00862581018518518,-0.00193831018518518,0.002));
#12072=CARTESIAN_POINT('',(0.00904479166666666,-0.00149270833333333,0.0015));
#12073=CARTESIAN_POINT('',(0.00904479166666666,-0.00149270833333333,0.002));
#12074=CARTESIAN_POINT('',(0.00758125,-0.00213854166666666,0.0015));
#12075=CARTESIAN_POINT('',(0.00758125,-0.00213854166666666,0.0015));
#12076=CARTESIAN_POINT('',(0.00758125,-0.00213854166666666,0.0015));
#12077=CARTESIAN_POINT('',(0.00841631944444444,-0.00216111111111111,0.0015));
#12078=CARTESIAN_POINT('',(0.00904479166666666,-0.00149270833333333,0.0015));
#12079=CARTESIAN_POINT('',(0.00676701388888889,-0.00178611111111111,0.0015));
#12080=CARTESIAN_POINT('',(0.00676701388888889,-0.00178611111111111,0.002));
#12081=CARTESIAN_POINT('',(0.00696608796296296,-0.00201412037037037,0.0015));
#12082=CARTESIAN_POINT('',(0.00696608796296296,-0.00201412037037037,0.002));
#12083=CARTESIAN_POINT('',(0.0072375,-0.00213159722222222,0.0015));
#12084=CARTESIAN_POINT('',(0.0072375,-0.00213159722222222,0.002));
#12085=CARTESIAN_POINT('',(0.00758125,-0.00213854166666666,0.0015));
#12086=CARTESIAN_POINT('',(0.00758125,-0.00213854166666666,0.002));
#12087=CARTESIAN_POINT('',(0.00676701388888889,-0.00178611111111111,0.0015));
#12088=CARTESIAN_POINT('',(0.00676701388888889,-0.00178611111111111,0.0015));
#12089=CARTESIAN_POINT('',(0.00676701388888889,-0.00178611111111111,0.0015));
#12090=CARTESIAN_POINT('',(0.007065625,-0.002128125,0.0015));
#12091=CARTESIAN_POINT('',(0.00758125,-0.00213854166666666,0.0015));
#12092=CARTESIAN_POINT('',(0.00649097222222222,-0.000874652777777778,0.0015));
#12093=CARTESIAN_POINT('',(0.00649097222222222,-0.000874652777777778,0.002));
#12094=CARTESIAN_POINT('',(0.00647592592592593,-0.00125428240740741,0.0015));
#12095=CARTESIAN_POINT('',(0.00647592592592593,-0.00125428240740741,0.002));
#12096=CARTESIAN_POINT('',(0.00656793981481482,-0.00155810185185185,0.0015));
#12097=CARTESIAN_POINT('',(0.00656793981481482,-0.00155810185185185,0.002));
#12098=CARTESIAN_POINT('',(0.00676701388888889,-0.00178611111111111,0.0015));
#12099=CARTESIAN_POINT('',(0.00676701388888889,-0.00178611111111111,0.002));
#12100=CARTESIAN_POINT('',(0.00649097222222222,-0.000874652777777778,0.0015));
#12101=CARTESIAN_POINT('',(0.00649097222222222,-0.000874652777777778,0.0015));
#12102=CARTESIAN_POINT('',(0.00649097222222222,-0.000874652777777778,0.0015));
#12103=CARTESIAN_POINT('',(0.00646840277777778,-0.00144409722222222,0.0015));
#12104=CARTESIAN_POINT('',(0.00676701388888889,-0.00178611111111111,0.0015));
#12105=CARTESIAN_POINT('',(0.00828871527777778,-0.000874652777777778,0.0015));
#12106=CARTESIAN_POINT('',(0.0100864583333333,-0.000874652777777778,0.0015));
#12107=CARTESIAN_POINT('',(0.0100864583333333,-0.000874652777777778,0.0015));
#12108=CARTESIAN_POINT('',(0.00828871527777778,-0.000874652777777778,0.0015));
#12109=CARTESIAN_POINT('',(0.0101298611111111,-0.000541319444444445,0.0015));
#12110=CARTESIAN_POINT('',(0.0101732638888889,-0.000207986111111112,0.0015));
#12111=CARTESIAN_POINT('',(0.0101732638888889,-0.000207986111111112,0.0015));
#12112=CARTESIAN_POINT('',(0.0101298611111111,-0.000541319444444445,0.0015));
#12113=CARTESIAN_POINT('',(0.00973229166666667,0.00184583333333333,0.0015));
#12114=CARTESIAN_POINT('',(0.00973229166666667,0.00184583333333333,0.002));
#12115=CARTESIAN_POINT('',(0.0101211805555556,0.00130532407407407,0.0015));
#12116=CARTESIAN_POINT('',(0.0101211805555556,0.00130532407407407,0.002));
#12117=CARTESIAN_POINT('',(0.0102681712962963,0.000620717592592592,0.0015));
#12118=CARTESIAN_POINT('',(0.0102681712962963,0.000620717592592592,0.002));
#12119=CARTESIAN_POINT('',(0.0101732638888889,-0.000207986111111112,0.0015));
#12120=CARTESIAN_POINT('',(0.0101732638888889,-0.000207986111111112,0.002));
#12121=CARTESIAN_POINT('',(0.00973229166666667,0.00184583333333333,0.0015));
#12122=CARTESIAN_POINT('',(0.00973229166666667,0.00184583333333333,0.0015));
#12123=CARTESIAN_POINT('',(0.00973229166666667,0.00184583333333333,0.0015));
#12124=CARTESIAN_POINT('',(0.010315625,0.00103506944444444,0.0015));
#12125=CARTESIAN_POINT('',(0.0101732638888889,-0.000207986111111112,0.0015));
#12126=CARTESIAN_POINT('',(0.00801527777777778,0.00267916666666667,0.0015));
#12127=CARTESIAN_POINT('',(0.00801527777777778,0.00267916666666667,0.002));
#12128=CARTESIAN_POINT('',(0.00877106481481481,0.00266412037037037,0.0015));
#12129=CARTESIAN_POINT('',(0.00877106481481481,0.00266412037037037,0.002));
#12130=CARTESIAN_POINT('',(0.00934340277777778,0.00238634259259259,0.0015));
#12131=CARTESIAN_POINT('',(0.00934340277777778,0.00238634259259259,0.002));
#12132=CARTESIAN_POINT('',(0.00973229166666667,0.00184583333333333,0.0015));
#12133=CARTESIAN_POINT('',(0.00973229166666667,0.00184583333333333,0.002));
#12134=CARTESIAN_POINT('',(0.00801527777777778,0.00267916666666667,0.0015));
#12135=CARTESIAN_POINT('',(0.00801527777777778,0.00267916666666667,0.0015));
#12136=CARTESIAN_POINT('',(0.00801527777777778,0.00267916666666667,0.0015));
#12137=CARTESIAN_POINT('',(0.00914895833333333,0.00265659722222222,0.0015));
#12138=CARTESIAN_POINT('',(0.00973229166666667,0.00184583333333333,0.0015));
#12139=CARTESIAN_POINT('',(0.00656041666666666,0.00231197916666666,0.0015));
#12140=CARTESIAN_POINT('',(0.00656041666666666,0.00231197916666666,0.002));
#12141=CARTESIAN_POINT('',(0.00699791666666667,0.00257065972222222,0.0015));
#12142=CARTESIAN_POINT('',(0.00699791666666667,0.00257065972222222,0.002));
#12143=CARTESIAN_POINT('',(0.00748287037037037,0.00269305555555555,0.0015));
#12144=CARTESIAN_POINT('',(0.00748287037037037,0.00269305555555555,0.002));
#12145=CARTESIAN_POINT('',(0.00801527777777778,0.00267916666666667,0.0015));
#12146=CARTESIAN_POINT('',(0.00801527777777778,0.00267916666666667,0.002));
#12147=CARTESIAN_POINT('',(0.00656041666666666,0.00231197916666666,0.0015));
#12148=CARTESIAN_POINT('',(0.00656041666666666,0.00231197916666666,0.0015));
#12149=CARTESIAN_POINT('',(0.00656041666666666,0.00231197916666666,0.0015));
#12150=CARTESIAN_POINT('',(0.00721666666666667,0.0027,0.0015));
#12151=CARTESIAN_POINT('',(0.00801527777777778,0.00267916666666667,0.0015));
#12152=CARTESIAN_POINT('',(0.00548663194444444,0.0012078125,0.0015));
#12153=CARTESIAN_POINT('',(0.00548663194444444,0.0012078125,0.002));
#12154=CARTESIAN_POINT('',(0.00576498842592593,0.00168524305555555,0.0015));
#12155=CARTESIAN_POINT('',(0.00576498842592593,0.00168524305555555,0.002));
#12156=CARTESIAN_POINT('',(0.00612291666666667,0.00205329861111111,0.0015));
#12157=CARTESIAN_POINT('',(0.00612291666666667,0.00205329861111111,0.002));
#12158=CARTESIAN_POINT('',(0.00656041666666666,0.00231197916666666,0.0015));
#12159=CARTESIAN_POINT('',(0.00656041666666666,0.00231197916666666,0.002));
#12160=CARTESIAN_POINT('',(0.00548663194444444,0.0012078125,0.0015));
#12161=CARTESIAN_POINT('',(0.00548663194444444,0.0012078125,0.0015));
#12162=CARTESIAN_POINT('',(0.00548663194444444,0.0012078125,0.0015));
#12163=CARTESIAN_POINT('',(0.00590416666666667,0.00192395833333333,0.0015));
#12164=CARTESIAN_POINT('',(0.00656041666666666,0.00231197916666666,0.0015));
#12165=CARTESIAN_POINT('',(0.00876898247393373,-0.000696804320893245,0.0015));
#12166=CARTESIAN_POINT('',(0.0049875,-0.000364236111111111,0.0015));
#12167=CARTESIAN_POINT('',(0.00498787485638568,-0.00036426907842432,0.00150000025));
#12168=CARTESIAN_POINT('',(0.00876898247393373,-0.000696804320893245,0.0015));
#12169=CARTESIAN_POINT('',(0.0049796875,-0.000472743055555556,0.0015));
#12170=CARTESIAN_POINT('',(0.004971875,-0.00058125,0.0015));
#12171=CARTESIAN_POINT('',(0.004971875,-0.00058125,0.0015));
#12172=CARTESIAN_POINT('',(0.0049796875,-0.000472743055555556,0.0015));
#12173=CARTESIAN_POINT('',(0.00519930555555556,-0.0020109375,0.0015));
#12174=CARTESIAN_POINT('',(0.00519930555555556,-0.0020109375,0.002));
#12175=CARTESIAN_POINT('',(0.00500370370370371,-0.00157864583333333,0.0015));
#12176=CARTESIAN_POINT('',(0.00500370370370371,-0.00157864583333333,0.002));
#12177=CARTESIAN_POINT('',(0.00492789351851852,-0.00110208333333333,0.0015));
#12178=CARTESIAN_POINT('',(0.00492789351851852,-0.00110208333333333,0.002));
#12179=CARTESIAN_POINT('',(0.004971875,-0.00058125,0.0015));
#12180=CARTESIAN_POINT('',(0.004971875,-0.00058125,0.002));
#12181=CARTESIAN_POINT('',(0.00519930555555556,-0.0020109375,0.0015));
#12182=CARTESIAN_POINT('',(0.00519930555555556,-0.0020109375,0.0015));
#12183=CARTESIAN_POINT('',(0.00519930555555556,-0.0020109375,0.0015));
#12184=CARTESIAN_POINT('',(0.00490590277777778,-0.0013625,0.0015));
#12185=CARTESIAN_POINT('',(0.004971875,-0.00058125,0.0015));
#12186=CARTESIAN_POINT('',(0.0072910371563115,-0.00108870445582973,0.0015));
#12187=CARTESIAN_POINT('',(0.0072910371563115,-0.00108870445582973,0.0015));
#12188=CARTESIAN_POINT('',(0.00718715277777778,0.00114878472222222,0.0015));
#12189=CARTESIAN_POINT('',(0.00718715277777778,0.00114878472222222,0.002));
#12190=CARTESIAN_POINT('',(0.00696840277777778,0.00096417824074074,0.0015));
#12191=CARTESIAN_POINT('',(0.00696840277777778,0.00096417824074074,0.002));
#12192=CARTESIAN_POINT('',(0.00677222222222222,0.000643865740740741,0.0015));
#12193=CARTESIAN_POINT('',(0.00677222222222222,0.000643865740740741,0.002));
#12194=CARTESIAN_POINT('',(0.00659861111111111,0.000187847222222222,0.0015));
#12195=CARTESIAN_POINT('',(0.00659861111111111,0.000187847222222222,0.002));
#12196=CARTESIAN_POINT('',(0.00718715277777778,0.00114878472222222,0.002));
#12197=CARTESIAN_POINT('',(0.00685902777777778,0.000871875,0.002));
#12198=CARTESIAN_POINT('',(0.00659861111111111,0.000187847222222222,0.002));
#12199=CARTESIAN_POINT('',(0.00718715277777778,0.00114878472222222,0.0015));
#12200=CARTESIAN_POINT('',(0.00685902777777778,0.000871875,0.0015));
#12201=CARTESIAN_POINT('',(0.00659861111111111,0.000187847222222222,0.0015));
#12202=CARTESIAN_POINT('',(-0.002,0.,0.0015));
#12203=CARTESIAN_POINT('',(-0.00713836805555556,-0.0168755208333334,0.0015));
#12204=CARTESIAN_POINT('',(-0.00713836805555556,-0.0168755208333334,0.002));
#12205=CARTESIAN_POINT('',(-0.00716006944444445,-0.0171333333333334,0.002));
#12206=CARTESIAN_POINT('',(-0.00711666666666667,-0.0166177083333334,0.002));
#12207=CARTESIAN_POINT('',(-0.00716006944444445,-0.0171333333333334,0.0015));
#12208=CARTESIAN_POINT('',(-0.00716006944444445,-0.0171333333333334,0.0015));
#12209=CARTESIAN_POINT('',(-0.00713836805555556,-0.0168755208333334,0.0015));
#12210=CARTESIAN_POINT('',(-0.00711666666666667,-0.0166177083333334,0.0015));
#12211=CARTESIAN_POINT('',(-0.00711666666666667,-0.0166177083333334,0.0015));
#12212=CARTESIAN_POINT('',(-0.00717916666666667,-0.0172800347222223,0.0015));
#12213=CARTESIAN_POINT('',(-0.00717916666666667,-0.0172800347222223,0.002));
#12214=CARTESIAN_POINT('',(-0.00719826388888889,-0.0174267361111111,0.002));
#12215=CARTESIAN_POINT('',(-0.00719826388888889,-0.0174267361111111,0.0015));
#12216=CARTESIAN_POINT('',(-0.00719826388888889,-0.0174267361111111,0.0015));
#12217=CARTESIAN_POINT('',(-0.00717916666666667,-0.0172800347222223,0.0015));
#12218=CARTESIAN_POINT('',(-0.00793090277777778,-0.0194145833333333,0.0015));
#12219=CARTESIAN_POINT('',(-0.00793090277777778,-0.0194145833333333,0.002));
#12220=CARTESIAN_POINT('',(-0.00755821759259259,-0.0189458333333334,0.0015));
#12221=CARTESIAN_POINT('',(-0.00755821759259259,-0.0189458333333334,0.002));
#12222=CARTESIAN_POINT('',(-0.00731400462962963,-0.0182832175925926,0.0015));
#12223=CARTESIAN_POINT('',(-0.00731400462962963,-0.0182832175925926,0.002));
#12224=CARTESIAN_POINT('',(-0.00719826388888889,-0.0174267361111111,0.0015));
#12225=CARTESIAN_POINT('',(-0.00719826388888889,-0.0174267361111111,0.002));
#12226=CARTESIAN_POINT('',(-0.00793090277777778,-0.0194145833333333,0.002));
#12227=CARTESIAN_POINT('',(-0.007371875,-0.0187114583333334,0.002));
#12228=CARTESIAN_POINT('',(-0.00719826388888889,-0.0174267361111111,0.002));
#12229=CARTESIAN_POINT('',(-0.00793090277777778,-0.0194145833333333,0.002));
#12230=CARTESIAN_POINT('',(-0.00793090277777778,-0.0194145833333333,0.0015));
#12231=CARTESIAN_POINT('',(-0.00793090277777778,-0.0194145833333333,0.0015));
#12232=CARTESIAN_POINT('',(-0.00793090277777778,-0.0194145833333333,0.0015));
#12233=CARTESIAN_POINT('',(-0.007371875,-0.0187114583333334,0.0015));
#12234=CARTESIAN_POINT('',(-0.00719826388888889,-0.0174267361111111,0.0015));
#12235=CARTESIAN_POINT('',(-0.00934236111111112,-0.0200795138888889,0.0015));
#12236=CARTESIAN_POINT('',(-0.00934236111111112,-0.0200795138888889,0.002));
#12237=CARTESIAN_POINT('',(-0.00877407407407408,-0.0201049768518519,0.0015));
#12238=CARTESIAN_POINT('',(-0.00877407407407408,-0.0201049768518519,0.002));
#12239=CARTESIAN_POINT('',(-0.00830358796296297,-0.0198833333333334,0.0015));
#12240=CARTESIAN_POINT('',(-0.00830358796296297,-0.0198833333333334,0.002));
#12241=CARTESIAN_POINT('',(-0.00793090277777778,-0.0194145833333333,0.0015));
#12242=CARTESIAN_POINT('',(-0.00793090277777778,-0.0194145833333333,0.002));
#12243=CARTESIAN_POINT('',(-0.00934236111111112,-0.0200795138888889,0.002));
#12244=CARTESIAN_POINT('',(-0.00848993055555556,-0.0201177083333334,0.002));
#12245=CARTESIAN_POINT('',(-0.00793090277777778,-0.0194145833333333,0.002));
#12246=CARTESIAN_POINT('',(-0.00934236111111112,-0.0200795138888889,0.002));
#12247=CARTESIAN_POINT('',(-0.00934236111111112,-0.0200795138888889,0.0015));
#12248=CARTESIAN_POINT('',(-0.00934236111111112,-0.0200795138888889,0.0015));
#12249=CARTESIAN_POINT('',(-0.00934236111111112,-0.0200795138888889,0.0015));
#12250=CARTESIAN_POINT('',(-0.00848993055555556,-0.0201177083333334,0.0015));
#12251=CARTESIAN_POINT('',(-0.00793090277777778,-0.0194145833333333,0.0015));
#12252=CARTESIAN_POINT('',(-0.0103024305555556,-0.0195387152777778,0.0015));
#12253=CARTESIAN_POINT('',(-0.0103024305555556,-0.0195387152777778,0.002));
#12254=CARTESIAN_POINT('',(-0.010096412037037,-0.0198842013888889,0.0015));
#12255=CARTESIAN_POINT('',(-0.010096412037037,-0.0198842013888889,0.002));
#12256=CARTESIAN_POINT('',(-0.00977638888888889,-0.0200644675925926,0.0015));
#12257=CARTESIAN_POINT('',(-0.00977638888888889,-0.0200644675925926,0.002));
#12258=CARTESIAN_POINT('',(-0.00934236111111112,-0.0200795138888889,0.0015));
#12259=CARTESIAN_POINT('',(-0.00934236111111112,-0.0200795138888889,0.002));
#12260=CARTESIAN_POINT('',(-0.0103024305555556,-0.0195387152777778,0.002));
#12261=CARTESIAN_POINT('',(-0.00999340277777778,-0.0200569444444444,0.002));
#12262=CARTESIAN_POINT('',(-0.00934236111111112,-0.0200795138888889,0.002));
#12263=CARTESIAN_POINT('',(-0.0103024305555556,-0.0195387152777778,0.002));
#12264=CARTESIAN_POINT('',(-0.0103024305555556,-0.0195387152777778,0.0015));
#12265=CARTESIAN_POINT('',(-0.0103024305555556,-0.0195387152777778,0.0015));
#12266=CARTESIAN_POINT('',(-0.0103024305555556,-0.0195387152777778,0.0015));
#12267=CARTESIAN_POINT('',(-0.00999340277777778,-0.0200569444444444,0.0015));
#12268=CARTESIAN_POINT('',(-0.00934236111111112,-0.0200795138888889,0.0015));
#12269=CARTESIAN_POINT('',(-0.0105576388888889,-0.0180604166666666,0.0015));
#12270=CARTESIAN_POINT('',(-0.0105576388888889,-0.0180604166666666,0.002));
#12271=CARTESIAN_POINT('',(-0.0105935185185185,-0.0187004629629629,0.0015));
#12272=CARTESIAN_POINT('',(-0.0105935185185185,-0.0187004629629629,0.002));
#12273=CARTESIAN_POINT('',(-0.0105084490740741,-0.0191932291666667,0.0015));
#12274=CARTESIAN_POINT('',(-0.0105084490740741,-0.0191932291666667,0.002));
#12275=CARTESIAN_POINT('',(-0.0103024305555556,-0.0195387152777778,0.0015));
#12276=CARTESIAN_POINT('',(-0.0103024305555556,-0.0195387152777778,0.002));
#12277=CARTESIAN_POINT('',(-0.0105576388888889,-0.0180604166666666,0.002));
#12278=CARTESIAN_POINT('',(-0.0106114583333333,-0.0190204861111111,0.002));
#12279=CARTESIAN_POINT('',(-0.0103024305555556,-0.0195387152777778,0.002));
#12280=CARTESIAN_POINT('',(-0.0105576388888889,-0.0180604166666666,0.002));
#12281=CARTESIAN_POINT('',(-0.0105576388888889,-0.0180604166666666,0.0015));
#12282=CARTESIAN_POINT('',(-0.0105576388888889,-0.0180604166666666,0.0015));
#12283=CARTESIAN_POINT('',(-0.0105576388888889,-0.0180604166666666,0.0015));
#12284=CARTESIAN_POINT('',(-0.0106114583333333,-0.0190204861111111,0.0015));
#12285=CARTESIAN_POINT('',(-0.0103024305555556,-0.0195387152777778,0.0015));
#12286=CARTESIAN_POINT('',(-0.00989791666666667,-0.0155118055555556,0.0015));
#12287=CARTESIAN_POINT('',(-0.00989791666666667,-0.0155118055555556,0.002));
#12288=CARTESIAN_POINT('',(-0.0102868055555556,-0.0161194444444445,0.0015));
#12289=CARTESIAN_POINT('',(-0.0102868055555556,-0.0161194444444445,0.002));
#12290=CARTESIAN_POINT('',(-0.010506712962963,-0.0169689814814815,0.0015));
#12291=CARTESIAN_POINT('',(-0.010506712962963,-0.0169689814814815,0.002));
#12292=CARTESIAN_POINT('',(-0.0105576388888889,-0.0180604166666666,0.0015));
#12293=CARTESIAN_POINT('',(-0.0105576388888889,-0.0180604166666666,0.002));
#12294=CARTESIAN_POINT('',(-0.00989791666666667,-0.0155118055555556,0.002));
#12295=CARTESIAN_POINT('',(-0.01048125,-0.0164232638888889,0.002));
#12296=CARTESIAN_POINT('',(-0.0105576388888889,-0.0180604166666666,0.002));
#12297=CARTESIAN_POINT('',(-0.00989791666666667,-0.0155118055555556,0.002));
#12298=CARTESIAN_POINT('',(-0.00989791666666667,-0.0155118055555556,0.0015));
#12299=CARTESIAN_POINT('',(-0.00989791666666667,-0.0155118055555556,0.0015));
#12300=CARTESIAN_POINT('',(-0.00989791666666667,-0.0155118055555556,0.0015));
#12301=CARTESIAN_POINT('',(-0.01048125,-0.0164232638888889,0.0015));
#12302=CARTESIAN_POINT('',(-0.0105576388888889,-0.0180604166666666,0.0015));
#12303=CARTESIAN_POINT('',(-0.00832152777777778,-0.0146315972222222,0.0015));
#12304=CARTESIAN_POINT('',(-0.00832152777777778,-0.0146315972222222,0.002));
#12305=CARTESIAN_POINT('',(-0.00898356481481482,-0.0146107638888889,0.0015));
#12306=CARTESIAN_POINT('',(-0.00898356481481482,-0.0146107638888889,0.002));
#12307=CARTESIAN_POINT('',(-0.00950902777777778,-0.0149041666666667,0.0015));
#12308=CARTESIAN_POINT('',(-0.00950902777777778,-0.0149041666666667,0.002));
#12309=CARTESIAN_POINT('',(-0.00989791666666667,-0.0155118055555556,0.0015));
#12310=CARTESIAN_POINT('',(-0.00989791666666667,-0.0155118055555556,0.002));
#12311=CARTESIAN_POINT('',(-0.00832152777777778,-0.0146315972222222,0.002));
#12312=CARTESIAN_POINT('',(-0.00931458333333334,-0.0146003472222222,0.002));
#12313=CARTESIAN_POINT('',(-0.00989791666666667,-0.0155118055555556,0.002));
#12314=CARTESIAN_POINT('',(-0.00832152777777778,-0.0146315972222222,0.002));
#12315=CARTESIAN_POINT('',(-0.00832152777777778,-0.0146315972222222,0.0015));
#12316=CARTESIAN_POINT('',(-0.00832152777777778,-0.0146315972222222,0.0015));
#12317=CARTESIAN_POINT('',(-0.00832152777777778,-0.0146315972222222,0.0015));
#12318=CARTESIAN_POINT('',(-0.00931458333333334,-0.0146003472222222,0.0015));
#12319=CARTESIAN_POINT('',(-0.00989791666666667,-0.0155118055555556,0.0015));
#12320=CARTESIAN_POINT('',(-0.00737447916666667,-0.0151532986111111,0.0015));
#12321=CARTESIAN_POINT('',(-0.00737447916666667,-0.0151532986111111,0.002));
#12322=CARTESIAN_POINT('',(-0.0075822337962963,-0.0148205439814815,0.0015));
#12323=CARTESIAN_POINT('',(-0.0075822337962963,-0.0148205439814815,0.002));
#12324=CARTESIAN_POINT('',(-0.00789791666666667,-0.0146466435185185,0.0015));
#12325=CARTESIAN_POINT('',(-0.00789791666666667,-0.0146466435185185,0.002));
#12326=CARTESIAN_POINT('',(-0.00832152777777778,-0.0146315972222222,0.0015));
#12327=CARTESIAN_POINT('',(-0.00832152777777778,-0.0146315972222222,0.002));
#12328=CARTESIAN_POINT('',(-0.00737447916666667,-0.0151532986111111,0.002));
#12329=CARTESIAN_POINT('',(-0.00768611111111112,-0.0146541666666667,0.002));
#12330=CARTESIAN_POINT('',(-0.00832152777777778,-0.0146315972222222,0.002));
#12331=CARTESIAN_POINT('',(-0.00737447916666667,-0.0151532986111111,0.002));
#12332=CARTESIAN_POINT('',(-0.00737447916666667,-0.0151532986111111,0.0015));
#12333=CARTESIAN_POINT('',(-0.00737447916666667,-0.0151532986111111,0.0015));
#12334=CARTESIAN_POINT('',(-0.00737447916666667,-0.0151532986111111,0.0015));
#12335=CARTESIAN_POINT('',(-0.00768611111111112,-0.0146541666666667,0.0015));
#12336=CARTESIAN_POINT('',(-0.00832152777777778,-0.0146315972222222,0.0015));
#12337=CARTESIAN_POINT('',(-0.00941180555555556,-0.021409375,0.0015));
#12338=CARTESIAN_POINT('',(-0.00941180555555556,-0.021409375,0.002));
#12339=CARTESIAN_POINT('',(-0.00993611111111112,-0.0213978009259259,0.0015));
#12340=CARTESIAN_POINT('',(-0.00993611111111112,-0.0213978009259259,0.002));
#12341=CARTESIAN_POINT('',(-0.0103982060185185,-0.0212736689814815,0.0015));
#12342=CARTESIAN_POINT('',(-0.0103982060185185,-0.0212736689814815,0.002));
#12343=CARTESIAN_POINT('',(-0.0107980902777778,-0.0210369791666667,0.0015));
#12344=CARTESIAN_POINT('',(-0.0107980902777778,-0.0210369791666667,0.002));
#12345=CARTESIAN_POINT('',(-0.00941180555555556,-0.021409375,0.0015));
#12346=CARTESIAN_POINT('',(-0.00941180555555556,-0.021409375,0.0015));
#12347=CARTESIAN_POINT('',(-0.00941180555555556,-0.021409375,0.0015));
#12348=CARTESIAN_POINT('',(-0.0101982638888889,-0.0213920138888889,0.0015));
#12349=CARTESIAN_POINT('',(-0.0107980902777778,-0.0210369791666667,0.0015));
#12350=CARTESIAN_POINT('',(-0.0107980902777778,-0.0210369791666667,0.0015));
#12351=CARTESIAN_POINT('',(-0.0107980902777778,-0.0210369791666667,0.0015));
#12352=CARTESIAN_POINT('',(-0.00781979166666667,-0.0210560763888889,0.0015));
#12353=CARTESIAN_POINT('',(-0.00781979166666667,-0.0210560763888889,0.002));
#12354=CARTESIAN_POINT('',(-0.008309375,-0.021302025462963,0.0015));
#12355=CARTESIAN_POINT('',(-0.008309375,-0.021302025462963,0.002));
#12356=CARTESIAN_POINT('',(-0.0088400462962963,-0.0214197916666667,0.0015));
#12357=CARTESIAN_POINT('',(-0.0088400462962963,-0.0214197916666667,0.002));
#12358=CARTESIAN_POINT('',(-0.00941180555555556,-0.021409375,0.0015));
#12359=CARTESIAN_POINT('',(-0.00941180555555556,-0.021409375,0.002));
#12360=CARTESIAN_POINT('',(-0.00781979166666667,-0.0210560763888889,0.0015));
#12361=CARTESIAN_POINT('',(-0.00781979166666667,-0.0210560763888889,0.0015));
#12362=CARTESIAN_POINT('',(-0.00781979166666667,-0.0210560763888889,0.0015));
#12363=CARTESIAN_POINT('',(-0.00855416666666667,-0.021425,0.0015));
#12364=CARTESIAN_POINT('',(-0.00941180555555556,-0.021409375,0.0015));
#12365=CARTESIAN_POINT('',(-0.00653680555555556,-0.0199493055555555,0.0015));
#12366=CARTESIAN_POINT('',(-0.00653680555555556,-0.0199493055555555,0.002));
#12367=CARTESIAN_POINT('',(-0.0069025462962963,-0.0204412037037037,0.0015));
#12368=CARTESIAN_POINT('',(-0.0069025462962963,-0.0204412037037037,0.002));
#12369=CARTESIAN_POINT('',(-0.00733020833333334,-0.0208101273148148,0.0015));
#12370=CARTESIAN_POINT('',(-0.00733020833333334,-0.0208101273148148,0.002));
#12371=CARTESIAN_POINT('',(-0.00781979166666667,-0.0210560763888889,0.0015));
#12372=CARTESIAN_POINT('',(-0.00781979166666667,-0.0210560763888889,0.002));
#12373=CARTESIAN_POINT('',(-0.00653680555555556,-0.0199493055555555,0.0015));
#12374=CARTESIAN_POINT('',(-0.00653680555555556,-0.0199493055555555,0.0015));
#12375=CARTESIAN_POINT('',(-0.00653680555555556,-0.0199493055555555,0.0015));
#12376=CARTESIAN_POINT('',(-0.00708541666666667,-0.0206871527777778,0.0015));
#12377=CARTESIAN_POINT('',(-0.00781979166666667,-0.0210560763888889,0.0015));
#12378=CARTESIAN_POINT('',(-0.00572777777777778,-0.0182019097222222,0.0015));
#12379=CARTESIAN_POINT('',(-0.00572777777777778,-0.0182019097222222,0.002));
#12380=CARTESIAN_POINT('',(-0.00590138888888889,-0.0188749421296296,0.0015));
#12381=CARTESIAN_POINT('',(-0.00590138888888889,-0.0188749421296296,0.002));
#12382=CARTESIAN_POINT('',(-0.00617106481481482,-0.0194574074074074,0.0015));
#12383=CARTESIAN_POINT('',(-0.00617106481481482,-0.0194574074074074,0.002));
#12384=CARTESIAN_POINT('',(-0.00653680555555556,-0.0199493055555555,0.0015));
#12385=CARTESIAN_POINT('',(-0.00653680555555556,-0.0199493055555555,0.002));
#12386=CARTESIAN_POINT('',(-0.00572777777777778,-0.0182019097222222,0.0015));
#12387=CARTESIAN_POINT('',(-0.00572777777777778,-0.0182019097222222,0.0015));
#12388=CARTESIAN_POINT('',(-0.00572777777777778,-0.0182019097222222,0.0015));
#12389=CARTESIAN_POINT('',(-0.00598819444444445,-0.0192114583333334,0.0015));
#12390=CARTESIAN_POINT('',(-0.00653680555555556,-0.0199493055555555,0.0015));
#12391=CARTESIAN_POINT('',(-0.00552291666666667,-0.0162375,0.0015));
#12392=CARTESIAN_POINT('',(-0.00552291666666667,-0.0162375,0.002));
#12393=CARTESIAN_POINT('',(-0.00548587962962964,-0.0168740740740741,0.0015));
#12394=CARTESIAN_POINT('',(-0.00548587962962964,-0.0168740740740741,0.002));
#12395=CARTESIAN_POINT('',(-0.00555416666666667,-0.0175288773148148,0.0015));
#12396=CARTESIAN_POINT('',(-0.00555416666666667,-0.0175288773148148,0.002));
#12397=CARTESIAN_POINT('',(-0.00572777777777778,-0.0182019097222222,0.0015));
#12398=CARTESIAN_POINT('',(-0.00572777777777778,-0.0182019097222222,0.002));
#12399=CARTESIAN_POINT('',(-0.00552291666666667,-0.0162375,0.0015));
#12400=CARTESIAN_POINT('',(-0.00552291666666667,-0.0162375,0.0015));
#12401=CARTESIAN_POINT('',(-0.00552291666666667,-0.0162375,0.0015));
#12402=CARTESIAN_POINT('',(-0.00546736111111112,-0.0171923611111111,0.0015));
#12403=CARTESIAN_POINT('',(-0.00572777777777778,-0.0182019097222222,0.0015));
#12404=CARTESIAN_POINT('',(-0.00591267361111112,-0.0147053819444444,0.0015));
#12405=CARTESIAN_POINT('',(-0.00591267361111112,-0.0147053819444444,0.002));
#12406=CARTESIAN_POINT('',(-0.00568524305555556,-0.0151561921296296,0.0015));
#12407=CARTESIAN_POINT('',(-0.00568524305555556,-0.0151561921296296,0.002));
#12408=CARTESIAN_POINT('',(-0.00555532407407408,-0.0156668981481481,0.0015));
#12409=CARTESIAN_POINT('',(-0.00555532407407408,-0.0156668981481481,0.002));
#12410=CARTESIAN_POINT('',(-0.00552291666666667,-0.0162375,0.0015));
#12411=CARTESIAN_POINT('',(-0.00552291666666667,-0.0162375,0.002));
#12412=CARTESIAN_POINT('',(-0.00591267361111112,-0.0147053819444444,0.0015));
#12413=CARTESIAN_POINT('',(-0.00591267361111112,-0.0147053819444444,0.0015));
#12414=CARTESIAN_POINT('',(-0.00591267361111112,-0.0147053819444444,0.0015));
#12415=CARTESIAN_POINT('',(-0.00557152777777778,-0.0153815972222222,0.0015));
#12416=CARTESIAN_POINT('',(-0.00552291666666667,-0.0162375,0.0015));
#12417=CARTESIAN_POINT('',(-0.00685104166666667,-0.0136689236111111,0.0015));
#12418=CARTESIAN_POINT('',(-0.00685104166666667,-0.0136689236111111,0.002));
#12419=CARTESIAN_POINT('',(-0.00645289351851852,-0.0139090856481481,0.0015));
#12420=CARTESIAN_POINT('',(-0.00645289351851852,-0.0139090856481481,0.002));
#12421=CARTESIAN_POINT('',(-0.00614010416666667,-0.0142545717592593,0.0015));
#12422=CARTESIAN_POINT('',(-0.00614010416666667,-0.0142545717592593,0.002));
#12423=CARTESIAN_POINT('',(-0.00591267361111112,-0.0147053819444444,0.0015));
#12424=CARTESIAN_POINT('',(-0.00591267361111112,-0.0147053819444444,0.002));
#12425=CARTESIAN_POINT('',(-0.00685104166666667,-0.0136689236111111,0.0015));
#12426=CARTESIAN_POINT('',(-0.00685104166666667,-0.0136689236111111,0.0015));
#12427=CARTESIAN_POINT('',(-0.00685104166666667,-0.0136689236111111,0.0015));
#12428=CARTESIAN_POINT('',(-0.00625381944444445,-0.0140291666666667,0.0015));
#12429=CARTESIAN_POINT('',(-0.00591267361111112,-0.0147053819444444,0.0015));
#12430=CARTESIAN_POINT('',(-0.00824513888888889,-0.0132913194444444,0.0015));
#12431=CARTESIAN_POINT('',(-0.00824513888888889,-0.0132913194444444,0.002));
#12432=CARTESIAN_POINT('',(-0.00771388888888889,-0.0133028935185185,0.0015));
#12433=CARTESIAN_POINT('',(-0.00771388888888889,-0.0133028935185185,0.002));
#12434=CARTESIAN_POINT('',(-0.00724918981481482,-0.0134287615740741,0.0015));
#12435=CARTESIAN_POINT('',(-0.00724918981481482,-0.0134287615740741,0.002));
#12436=CARTESIAN_POINT('',(-0.00685104166666667,-0.0136689236111111,0.0015));
#12437=CARTESIAN_POINT('',(-0.00685104166666667,-0.0136689236111111,0.002));
#12438=CARTESIAN_POINT('',(-0.00824513888888889,-0.0132913194444444,0.0015));
#12439=CARTESIAN_POINT('',(-0.00824513888888889,-0.0132913194444444,0.0015));
#12440=CARTESIAN_POINT('',(-0.00824513888888889,-0.0132913194444444,0.0015));
#12441=CARTESIAN_POINT('',(-0.00744826388888889,-0.0133086805555556,0.0015));
#12442=CARTESIAN_POINT('',(-0.00685104166666667,-0.0136689236111111,0.0015));
#12443=CARTESIAN_POINT('',(-0.00833621419303172,-0.016657495280927,0.0015));
#12444=CARTESIAN_POINT('',(-0.00985972222222223,-0.0136559027777778,0.0015));
#12445=CARTESIAN_POINT('',(-0.00985972222222223,-0.0136559027777778,0.0015));
#12446=CARTESIAN_POINT('',(-0.00833621419303172,-0.016657495280927,0.0015));
#12447=CARTESIAN_POINT('',(-0.0111592013888889,-0.0148008680555556,0.0015));
#12448=CARTESIAN_POINT('',(-0.0111592013888889,-0.0148008680555556,0.002));
#12449=CARTESIAN_POINT('',(-0.0107905671296296,-0.0142910300925926,0.0015));
#12450=CARTESIAN_POINT('',(-0.0107905671296296,-0.0142910300925926,0.002));
#12451=CARTESIAN_POINT('',(-0.0103574074074074,-0.013909375,0.0015));
#12452=CARTESIAN_POINT('',(-0.0103574074074074,-0.013909375,0.002));
#12453=CARTESIAN_POINT('',(-0.00985972222222223,-0.0136559027777778,0.0015));
#12454=CARTESIAN_POINT('',(-0.00985972222222223,-0.0136559027777778,0.002));
#12455=CARTESIAN_POINT('',(-0.0111592013888889,-0.0148008680555556,0.0015));
#12456=CARTESIAN_POINT('',(-0.0111592013888889,-0.0148008680555556,0.0015));
#12457=CARTESIAN_POINT('',(-0.0111592013888889,-0.0148008680555556,0.0015));
#12458=CARTESIAN_POINT('',(-0.01060625,-0.0140361111111111,0.0015));
#12459=CARTESIAN_POINT('',(-0.00985972222222223,-0.0136559027777778,0.0015));
#12460=CARTESIAN_POINT('',(-0.0119621527777778,-0.0165743055555556,0.0015));
#12461=CARTESIAN_POINT('',(-0.0119621527777778,-0.0165743055555556,0.002));
#12462=CARTESIAN_POINT('',(-0.0117954861111111,-0.0159018518518519,0.0015));
#12463=CARTESIAN_POINT('',(-0.0117954861111111,-0.0159018518518519,0.002));
#12464=CARTESIAN_POINT('',(-0.0115278356481482,-0.0153107060185185,0.0015));
#12465=CARTESIAN_POINT('',(-0.0115278356481482,-0.0153107060185185,0.002));
#12466=CARTESIAN_POINT('',(-0.0111592013888889,-0.0148008680555556,0.0015));
#12467=CARTESIAN_POINT('',(-0.0111592013888889,-0.0148008680555556,0.002));
#12468=CARTESIAN_POINT('',(-0.0119621527777778,-0.0165743055555556,0.0015));
#12469=CARTESIAN_POINT('',(-0.0119621527777778,-0.0165743055555556,0.0015));
#12470=CARTESIAN_POINT('',(-0.0119621527777778,-0.0165743055555556,0.0015));
#12471=CARTESIAN_POINT('',(-0.0117121527777778,-0.015565625,0.0015));
#12472=CARTESIAN_POINT('',(-0.0111592013888889,-0.0148008680555556,0.0015));
#12473=CARTESIAN_POINT('',(-0.0121513888888889,-0.0184736111111111,0.0015));
#12474=CARTESIAN_POINT('',(-0.0121513888888889,-0.0184736111111111,0.002));
#12475=CARTESIAN_POINT('',(-0.0121918981481482,-0.0178798611111111,0.0015));
#12476=CARTESIAN_POINT('',(-0.0121918981481482,-0.0178798611111111,0.002));
#12477=CARTESIAN_POINT('',(-0.0121288194444444,-0.0172467592592592,0.0015));
#12478=CARTESIAN_POINT('',(-0.0121288194444444,-0.0172467592592592,0.002));
#12479=CARTESIAN_POINT('',(-0.0119621527777778,-0.0165743055555556,0.0015));
#12480=CARTESIAN_POINT('',(-0.0119621527777778,-0.0165743055555556,0.002));
#12481=CARTESIAN_POINT('',(-0.0121513888888889,-0.0184736111111111,0.0015));
#12482=CARTESIAN_POINT('',(-0.0121513888888889,-0.0184736111111111,0.0015));
#12483=CARTESIAN_POINT('',(-0.0121513888888889,-0.0184736111111111,0.0015));
#12484=CARTESIAN_POINT('',(-0.0122121527777778,-0.0175829861111111,0.0015));
#12485=CARTESIAN_POINT('',(-0.0119621527777778,-0.0165743055555556,0.0015));
#12486=CARTESIAN_POINT('',(-0.0117477430555556,-0.0200118055555556,0.0015));
#12487=CARTESIAN_POINT('',(-0.0117477430555556,-0.0200118055555556,0.002));
#12488=CARTESIAN_POINT('',(-0.0119809606481481,-0.0195650462962963,0.0015));
#12489=CARTESIAN_POINT('',(-0.0119809606481481,-0.0195650462962963,0.002));
#12490=CARTESIAN_POINT('',(-0.0121155092592593,-0.0190523148148148,0.0015));
#12491=CARTESIAN_POINT('',(-0.0121155092592593,-0.0190523148148148,0.002));
#12492=CARTESIAN_POINT('',(-0.0121513888888889,-0.0184736111111111,0.0015));
#12493=CARTESIAN_POINT('',(-0.0121513888888889,-0.0184736111111111,0.002));
#12494=CARTESIAN_POINT('',(-0.0117477430555556,-0.0200118055555556,0.0015));
#12495=CARTESIAN_POINT('',(-0.0117477430555556,-0.0200118055555556,0.0015));
#12496=CARTESIAN_POINT('',(-0.0117477430555556,-0.0200118055555556,0.0015));
#12497=CARTESIAN_POINT('',(-0.0120975694444444,-0.0193416666666666,0.0015));
#12498=CARTESIAN_POINT('',(-0.0121513888888889,-0.0184736111111111,0.0015));
#12499=CARTESIAN_POINT('',(-0.0107980902777778,-0.0210369791666667,0.0015));
#12500=CARTESIAN_POINT('',(-0.0107980902777778,-0.0210369791666667,0.002));
#12501=CARTESIAN_POINT('',(-0.011197974537037,-0.0208002893518518,0.0015));
#12502=CARTESIAN_POINT('',(-0.011197974537037,-0.0208002893518518,0.002));
#12503=CARTESIAN_POINT('',(-0.011514525462963,-0.0204585648148148,0.0015));
#12504=CARTESIAN_POINT('',(-0.011514525462963,-0.0204585648148148,0.002));
#12505=CARTESIAN_POINT('',(-0.0117477430555556,-0.0200118055555556,0.0015));
#12506=CARTESIAN_POINT('',(-0.0117477430555556,-0.0200118055555556,0.002));
#12507=CARTESIAN_POINT('',(-0.0107980902777778,-0.0210369791666667,0.0015));
#12508=CARTESIAN_POINT('',(-0.0113979166666667,-0.0206819444444444,0.0015));
#12509=CARTESIAN_POINT('',(-0.0117477430555556,-0.0200118055555556,0.0015));
#12510=CARTESIAN_POINT('',(-0.00711666666666667,-0.0166177083333334,0.0015));
#12511=CARTESIAN_POINT('',(-0.00711666666666667,-0.0166177083333334,0.002));
#12512=CARTESIAN_POINT('',(-0.00708078703703704,-0.0159741898148148,0.0015));
#12513=CARTESIAN_POINT('',(-0.00708078703703704,-0.0159741898148148,0.002));
#12514=CARTESIAN_POINT('',(-0.00716672453703704,-0.0154860532407407,0.0015));
#12515=CARTESIAN_POINT('',(-0.00716672453703704,-0.0154860532407407,0.002));
#12516=CARTESIAN_POINT('',(-0.00737447916666667,-0.0151532986111111,0.0015));
#12517=CARTESIAN_POINT('',(-0.00737447916666667,-0.0151532986111111,0.002));
#12518=CARTESIAN_POINT('',(-0.00711666666666667,-0.0166177083333334,0.002));
#12519=CARTESIAN_POINT('',(-0.00706284722222223,-0.0156524305555555,0.002));
#12520=CARTESIAN_POINT('',(-0.00737447916666667,-0.0151532986111111,0.002));
#12521=CARTESIAN_POINT('',(-0.00711666666666667,-0.0166177083333334,0.0015));
#12522=CARTESIAN_POINT('',(-0.00706284722222223,-0.0156524305555555,0.0015));
#12523=CARTESIAN_POINT('',(-0.00737447916666667,-0.0151532986111111,0.0015));
#12524=CARTESIAN_POINT('',(-0.002,0.,0.0015));
#12525=CARTESIAN_POINT('',(0.00783522151786218,-0.0176703783500146,0.0015));
#12526=CARTESIAN_POINT('',(0.00783522151786218,-0.0176703783500146,0.002));
#12527=CARTESIAN_POINT('',(0.00787291666666667,-0.0165847222222222,0.002));
#12528=CARTESIAN_POINT('',(0.00712118055555556,-0.0168512152777778,0.002));
#12529=CARTESIAN_POINT('',(0.00787291666666667,-0.0165847222222222,0.0015));
#12530=CARTESIAN_POINT('',(0.00787291666666667,-0.0165847222222222,0.0015));
#12531=CARTESIAN_POINT('',(0.00783522151786218,-0.0176703783500146,0.0015));
#12532=CARTESIAN_POINT('',(0.00712118055555556,-0.0168512152777778,0.0015));
#12533=CARTESIAN_POINT('',(0.00712118055555556,-0.0168512152777778,0.0015));
#12534=CARTESIAN_POINT('',(0.008409375,-0.0167670138888889,0.0015));
#12535=CARTESIAN_POINT('',(0.008409375,-0.0167670138888889,0.002));
#12536=CARTESIAN_POINT('',(0.00826817129629629,-0.0166489583333333,0.0015));
#12537=CARTESIAN_POINT('',(0.00826817129629629,-0.0166489583333333,0.002));
#12538=CARTESIAN_POINT('',(0.00808935185185185,-0.0165881944444444,0.0015));
#12539=CARTESIAN_POINT('',(0.00808935185185185,-0.0165881944444444,0.002));
#12540=CARTESIAN_POINT('',(0.00787291666666667,-0.0165847222222222,0.0015));
#12541=CARTESIAN_POINT('',(0.00787291666666667,-0.0165847222222222,0.002));
#12542=CARTESIAN_POINT('',(0.008409375,-0.0167670138888889,0.002));
#12543=CARTESIAN_POINT('',(0.00819756944444444,-0.0165899305555555,0.002));
#12544=CARTESIAN_POINT('',(0.00787291666666667,-0.0165847222222222,0.002));
#12545=CARTESIAN_POINT('',(0.008409375,-0.0167670138888889,0.002));
#12546=CARTESIAN_POINT('',(0.008409375,-0.0167670138888889,0.0015));
#12547=CARTESIAN_POINT('',(0.008409375,-0.0167670138888889,0.0015));
#12548=CARTESIAN_POINT('',(0.008409375,-0.0167670138888889,0.0015));
#12549=CARTESIAN_POINT('',(0.00819756944444444,-0.0165899305555555,0.0015));
#12550=CARTESIAN_POINT('',(0.00787291666666667,-0.0165847222222222,0.0015));
#12551=CARTESIAN_POINT('',(0.008675,-0.0172583333333334,0.0015));
#12552=CARTESIAN_POINT('',(0.008675,-0.0172583333333334,0.002));
#12553=CARTESIAN_POINT('',(0.00863912037037037,-0.0170488425925926,0.0015));
#12554=CARTESIAN_POINT('',(0.00863912037037037,-0.0170488425925926,0.002));
#12555=CARTESIAN_POINT('',(0.0085505787037037,-0.0168850694444445,0.0015));
#12556=CARTESIAN_POINT('',(0.0085505787037037,-0.0168850694444445,0.002));
#12557=CARTESIAN_POINT('',(0.008409375,-0.0167670138888889,0.0015));
#12558=CARTESIAN_POINT('',(0.008409375,-0.0167670138888889,0.002));
#12559=CARTESIAN_POINT('',(0.008675,-0.0172583333333334,0.002));
#12560=CARTESIAN_POINT('',(0.00862118055555555,-0.0169440972222222,0.002));
#12561=CARTESIAN_POINT('',(0.008409375,-0.0167670138888889,0.002));
#12562=CARTESIAN_POINT('',(0.008675,-0.0172583333333334,0.002));
#12563=CARTESIAN_POINT('',(0.008675,-0.0172583333333334,0.0015));
#12564=CARTESIAN_POINT('',(0.008675,-0.0172583333333334,0.0015));
#12565=CARTESIAN_POINT('',(0.008675,-0.0172583333333334,0.0015));
#12566=CARTESIAN_POINT('',(0.00862118055555555,-0.0169440972222222,0.0015));
#12567=CARTESIAN_POINT('',(0.008409375,-0.0167670138888889,0.0015));
#12568=CARTESIAN_POINT('',(0.00727973844024639,-0.0174444548691907,0.0015));
#12569=CARTESIAN_POINT('',(0.00727973844024639,-0.0174444548691907,0.002));
#12570=CARTESIAN_POINT('',(0.00866964559991339,-0.0176697679882824,0.002));
#12571=CARTESIAN_POINT('',(0.00866979166666666,-0.0176697916666666,0.0015));
#12572=CARTESIAN_POINT('',(0.00866964559991339,-0.0176697679882824,0.00150000025));
#12573=CARTESIAN_POINT('',(0.00727973844024639,-0.0174444548691907,0.0015));
#12574=CARTESIAN_POINT('',(0.00865416666666666,-0.0177409722222222,0.0015));
#12575=CARTESIAN_POINT('',(0.00865416666666666,-0.0177409722222222,0.002));
#12576=CARTESIAN_POINT('',(0.00863854166666666,-0.0178121527777778,0.002));
#12577=CARTESIAN_POINT('',(0.00863854166666666,-0.0178121527777778,0.0015));
#12578=CARTESIAN_POINT('',(0.00863854166666666,-0.0178121527777778,0.0015));
#12579=CARTESIAN_POINT('',(0.00865416666666666,-0.0177409722222222,0.0015));
#12580=CARTESIAN_POINT('',(0.00758559027777778,-0.0178121527777778,0.0015));
#12581=CARTESIAN_POINT('',(0.00758559027777778,-0.0178121527777778,0.002));
#12582=CARTESIAN_POINT('',(0.00653263888888889,-0.0178121527777778,0.002));
#12583=CARTESIAN_POINT('',(0.00653263888888889,-0.0178121527777778,0.0015));
#12584=CARTESIAN_POINT('',(0.00653263888888889,-0.0178121527777778,0.0015));
#12585=CARTESIAN_POINT('',(0.00758559027777778,-0.0178121527777778,0.0015));
#12586=CARTESIAN_POINT('',(0.00738506944444444,-0.021409375,0.0015));
#12587=CARTESIAN_POINT('',(0.00738506944444444,-0.021409375,0.002));
#12588=CARTESIAN_POINT('',(0.00687118055555555,-0.0214047453703704,0.0015));
#12589=CARTESIAN_POINT('',(0.00687118055555555,-0.0214047453703704,0.002));
#12590=CARTESIAN_POINT('',(0.00641631944444444,-0.021278587962963,0.0015));
#12591=CARTESIAN_POINT('',(0.00641631944444444,-0.021278587962963,0.002));
#12592=CARTESIAN_POINT('',(0.00602048611111111,-0.0210309027777778,0.0015));
#12593=CARTESIAN_POINT('',(0.00602048611111111,-0.0210309027777778,0.002));
#12594=CARTESIAN_POINT('',(0.00738506944444444,-0.021409375,0.0015));
#12595=CARTESIAN_POINT('',(0.00738506944444444,-0.021409375,0.0015));
#12596=CARTESIAN_POINT('',(0.00738506944444444,-0.021409375,0.0015));
#12597=CARTESIAN_POINT('',(0.00661423611111111,-0.0214024305555555,0.0015));
#12598=CARTESIAN_POINT('',(0.00602048611111111,-0.0210309027777778,0.0015));
#12599=CARTESIAN_POINT('',(0.00602048611111111,-0.0210309027777778,0.0015));
#12600=CARTESIAN_POINT('',(0.00602048611111111,-0.0210309027777778,0.0015));
#12601=CARTESIAN_POINT('',(0.00745702508741145,-0.0182856967426301,0.0015));
#12602=CARTESIAN_POINT('',(0.00872447916666667,-0.0211402777777778,0.0015));
#12603=CARTESIAN_POINT('',(0.00872447916666667,-0.0211402777777778,0.0015));
#12604=CARTESIAN_POINT('',(0.00745702508741145,-0.0182856967426301,0.0015));
#12605=CARTESIAN_POINT('',(0.00968020833333333,-0.0203607638888889,0.0015));
#12606=CARTESIAN_POINT('',(0.00968020833333333,-0.0203607638888889,0.002));
#12607=CARTESIAN_POINT('',(0.00945914351851852,-0.0206940972222222,0.0015));
#12608=CARTESIAN_POINT('',(0.00945914351851852,-0.0206940972222222,0.002));
#12609=CARTESIAN_POINT('',(0.00914056712962963,-0.0209539351851852,0.0015));
#12610=CARTESIAN_POINT('',(0.00914056712962963,-0.0209539351851852,0.002));
#12611=CARTESIAN_POINT('',(0.00872447916666667,-0.0211402777777778,0.0015));
#12612=CARTESIAN_POINT('',(0.00872447916666667,-0.0211402777777778,0.002));
#12613=CARTESIAN_POINT('',(0.00968020833333333,-0.0203607638888889,0.0015));
#12614=CARTESIAN_POINT('',(0.00968020833333333,-0.0203607638888889,0.0015));
#12615=CARTESIAN_POINT('',(0.00968020833333333,-0.0203607638888889,0.0015));
#12616=CARTESIAN_POINT('',(0.00934861111111111,-0.0208607638888889,0.0015));
#12617=CARTESIAN_POINT('',(0.00872447916666667,-0.0211402777777778,0.0015));
#12618=CARTESIAN_POINT('',(0.00932951388888889,-0.0199267361111111,0.0015));
#12619=CARTESIAN_POINT('',(0.00897881944444444,-0.0194927083333334,0.0015));
#12620=CARTESIAN_POINT('',(0.00897881944444444,-0.0194927083333334,0.0015));
#12621=CARTESIAN_POINT('',(0.00932951388888889,-0.0199267361111111,0.0015));
#12622=CARTESIAN_POINT('',(0.00751527777777778,-0.0201385416666666,0.0015));
#12623=CARTESIAN_POINT('',(0.00751527777777778,-0.0201385416666666,0.002));
#12624=CARTESIAN_POINT('',(0.00807199074074074,-0.0201535879629629,0.0015));
#12625=CARTESIAN_POINT('',(0.00807199074074074,-0.0201535879629629,0.002));
#12626=CARTESIAN_POINT('',(0.00855983796296296,-0.0199383101851852,0.0015));
#12627=CARTESIAN_POINT('',(0.00855983796296296,-0.0199383101851852,0.002));
#12628=CARTESIAN_POINT('',(0.00897881944444444,-0.0194927083333334,0.0015));
#12629=CARTESIAN_POINT('',(0.00897881944444444,-0.0194927083333334,0.002));
#12630=CARTESIAN_POINT('',(0.00751527777777778,-0.0201385416666666,0.0015));
#12631=CARTESIAN_POINT('',(0.00751527777777778,-0.0201385416666666,0.0015));
#12632=CARTESIAN_POINT('',(0.00751527777777778,-0.0201385416666666,0.0015));
#12633=CARTESIAN_POINT('',(0.00835034722222222,-0.0201611111111111,0.0015));
#12634=CARTESIAN_POINT('',(0.00897881944444444,-0.0194927083333334,0.0015));
#12635=CARTESIAN_POINT('',(0.00670104166666667,-0.0197861111111111,0.0015));
#12636=CARTESIAN_POINT('',(0.00670104166666667,-0.0197861111111111,0.002));
#12637=CARTESIAN_POINT('',(0.00690011574074074,-0.0200141203703704,0.0015));
#12638=CARTESIAN_POINT('',(0.00690011574074074,-0.0200141203703704,0.002));
#12639=CARTESIAN_POINT('',(0.00717152777777778,-0.0201315972222222,0.0015));
#12640=CARTESIAN_POINT('',(0.00717152777777778,-0.0201315972222222,0.002));
#12641=CARTESIAN_POINT('',(0.00751527777777778,-0.0201385416666666,0.0015));
#12642=CARTESIAN_POINT('',(0.00751527777777778,-0.0201385416666666,0.002));
#12643=CARTESIAN_POINT('',(0.00670104166666667,-0.0197861111111111,0.0015));
#12644=CARTESIAN_POINT('',(0.00670104166666667,-0.0197861111111111,0.0015));
#12645=CARTESIAN_POINT('',(0.00670104166666667,-0.0197861111111111,0.0015));
#12646=CARTESIAN_POINT('',(0.00699965277777778,-0.020128125,0.0015));
#12647=CARTESIAN_POINT('',(0.00751527777777778,-0.0201385416666666,0.0015));
#12648=CARTESIAN_POINT('',(0.006425,-0.0188746527777778,0.0015));
#12649=CARTESIAN_POINT('',(0.006425,-0.0188746527777778,0.002));
#12650=CARTESIAN_POINT('',(0.00640995370370371,-0.0192542824074074,0.0015));
#12651=CARTESIAN_POINT('',(0.00640995370370371,-0.0192542824074074,0.002));
#12652=CARTESIAN_POINT('',(0.0065019675925926,-0.0195581018518518,0.0015));
#12653=CARTESIAN_POINT('',(0.0065019675925926,-0.0195581018518518,0.002));
#12654=CARTESIAN_POINT('',(0.00670104166666667,-0.0197861111111111,0.0015));
#12655=CARTESIAN_POINT('',(0.00670104166666667,-0.0197861111111111,0.002));
#12656=CARTESIAN_POINT('',(0.006425,-0.0188746527777778,0.0015));
#12657=CARTESIAN_POINT('',(0.006425,-0.0188746527777778,0.0015));
#12658=CARTESIAN_POINT('',(0.006425,-0.0188746527777778,0.0015));
#12659=CARTESIAN_POINT('',(0.00640243055555556,-0.0194440972222222,0.0015));
#12660=CARTESIAN_POINT('',(0.00670104166666667,-0.0197861111111111,0.0015));
#12661=CARTESIAN_POINT('',(0.00822274305555555,-0.0188746527777778,0.0015));
#12662=CARTESIAN_POINT('',(0.0100204861111111,-0.0188746527777778,0.0015));
#12663=CARTESIAN_POINT('',(0.0100204861111111,-0.0188746527777778,0.0015));
#12664=CARTESIAN_POINT('',(0.00822274305555555,-0.0188746527777778,0.0015));
#12665=CARTESIAN_POINT('',(0.0100638888888889,-0.0185413194444444,0.0015));
#12666=CARTESIAN_POINT('',(0.0101072916666667,-0.0182079861111111,0.0015));
#12667=CARTESIAN_POINT('',(0.0101072916666667,-0.0182079861111111,0.0015));
#12668=CARTESIAN_POINT('',(0.0100638888888889,-0.0185413194444444,0.0015));
#12669=CARTESIAN_POINT('',(0.00966631944444444,-0.0161541666666667,0.0015));
#12670=CARTESIAN_POINT('',(0.00966631944444444,-0.0161541666666667,0.002));
#12671=CARTESIAN_POINT('',(0.0100552083333333,-0.0166946759259259,0.0015));
#12672=CARTESIAN_POINT('',(0.0100552083333333,-0.0166946759259259,0.002));
#12673=CARTESIAN_POINT('',(0.0102021990740741,-0.0173792824074074,0.0015));
#12674=CARTESIAN_POINT('',(0.0102021990740741,-0.0173792824074074,0.002));
#12675=CARTESIAN_POINT('',(0.0101072916666667,-0.0182079861111111,0.0015));
#12676=CARTESIAN_POINT('',(0.0101072916666667,-0.0182079861111111,0.002));
#12677=CARTESIAN_POINT('',(0.00966631944444444,-0.0161541666666667,0.0015));
#12678=CARTESIAN_POINT('',(0.00966631944444444,-0.0161541666666667,0.0015));
#12679=CARTESIAN_POINT('',(0.00966631944444444,-0.0161541666666667,0.0015));
#12680=CARTESIAN_POINT('',(0.0102496527777778,-0.0169649305555555,0.0015));
#12681=CARTESIAN_POINT('',(0.0101072916666667,-0.0182079861111111,0.0015));
#12682=CARTESIAN_POINT('',(0.00794930555555556,-0.0153208333333333,0.0015));
#12683=CARTESIAN_POINT('',(0.00794930555555556,-0.0153208333333333,0.002));
#12684=CARTESIAN_POINT('',(0.00870509259259259,-0.0153358796296296,0.0015));
#12685=CARTESIAN_POINT('',(0.00870509259259259,-0.0153358796296296,0.002));
#12686=CARTESIAN_POINT('',(0.00927743055555555,-0.0156136574074074,0.0015));
#12687=CARTESIAN_POINT('',(0.00927743055555555,-0.0156136574074074,0.002));
#12688=CARTESIAN_POINT('',(0.00966631944444444,-0.0161541666666667,0.0015));
#12689=CARTESIAN_POINT('',(0.00966631944444444,-0.0161541666666667,0.002));
#12690=CARTESIAN_POINT('',(0.00794930555555556,-0.0153208333333333,0.0015));
#12691=CARTESIAN_POINT('',(0.00794930555555556,-0.0153208333333333,0.0015));
#12692=CARTESIAN_POINT('',(0.00794930555555556,-0.0153208333333333,0.0015));
#12693=CARTESIAN_POINT('',(0.00908298611111111,-0.0153434027777778,0.0015));
#12694=CARTESIAN_POINT('',(0.00966631944444444,-0.0161541666666667,0.0015));
#12695=CARTESIAN_POINT('',(0.00649444444444444,-0.0156880208333334,0.0015));
#12696=CARTESIAN_POINT('',(0.00649444444444444,-0.0156880208333334,0.002));
#12697=CARTESIAN_POINT('',(0.00693194444444444,-0.0154293402777778,0.0015));
#12698=CARTESIAN_POINT('',(0.00693194444444444,-0.0154293402777778,0.002));
#12699=CARTESIAN_POINT('',(0.00741689814814815,-0.0153069444444444,0.0015));
#12700=CARTESIAN_POINT('',(0.00741689814814815,-0.0153069444444444,0.002));
#12701=CARTESIAN_POINT('',(0.00794930555555556,-0.0153208333333333,0.0015));
#12702=CARTESIAN_POINT('',(0.00794930555555556,-0.0153208333333333,0.002));
#12703=CARTESIAN_POINT('',(0.00649444444444444,-0.0156880208333334,0.0015));
#12704=CARTESIAN_POINT('',(0.00649444444444444,-0.0156880208333334,0.0015));
#12705=CARTESIAN_POINT('',(0.00649444444444444,-0.0156880208333334,0.0015));
#12706=CARTESIAN_POINT('',(0.00715069444444444,-0.0153,0.0015));
#12707=CARTESIAN_POINT('',(0.00794930555555556,-0.0153208333333333,0.0015));
#12708=CARTESIAN_POINT('',(0.00542065972222222,-0.0167921875,0.0015));
#12709=CARTESIAN_POINT('',(0.00542065972222222,-0.0167921875,0.002));
#12710=CARTESIAN_POINT('',(0.0056990162037037,-0.0163147569444444,0.0015));
#12711=CARTESIAN_POINT('',(0.0056990162037037,-0.0163147569444444,0.002));
#12712=CARTESIAN_POINT('',(0.00605694444444444,-0.0159467013888889,0.0015));
#12713=CARTESIAN_POINT('',(0.00605694444444444,-0.0159467013888889,0.002));
#12714=CARTESIAN_POINT('',(0.00649444444444444,-0.0156880208333334,0.0015));
#12715=CARTESIAN_POINT('',(0.00649444444444444,-0.0156880208333334,0.002));
#12716=CARTESIAN_POINT('',(0.00542065972222222,-0.0167921875,0.0015));
#12717=CARTESIAN_POINT('',(0.00542065972222222,-0.0167921875,0.0015));
#12718=CARTESIAN_POINT('',(0.00542065972222222,-0.0167921875,0.0015));
#12719=CARTESIAN_POINT('',(0.00583819444444444,-0.0160760416666666,0.0015));
#12720=CARTESIAN_POINT('',(0.00649444444444444,-0.0156880208333334,0.0015));
#12721=CARTESIAN_POINT('',(0.0087030102517116,-0.0186968043208933,0.0015));
#12722=CARTESIAN_POINT('',(0.00492152777777778,-0.0183642361111111,0.0015));
#12723=CARTESIAN_POINT('',(0.00492190263416346,-0.0183642690784243,0.00150000025));
#12724=CARTESIAN_POINT('',(0.0087030102517116,-0.0186968043208933,0.0015));
#12725=CARTESIAN_POINT('',(0.00491371527777778,-0.0184727430555555,0.0015));
#12726=CARTESIAN_POINT('',(0.00490590277777778,-0.01858125,0.0015));
#12727=CARTESIAN_POINT('',(0.00490590277777778,-0.01858125,0.0015));
#12728=CARTESIAN_POINT('',(0.00491371527777778,-0.0184727430555555,0.0015));
#12729=CARTESIAN_POINT('',(0.00513333333333333,-0.0200109375,0.0015));
#12730=CARTESIAN_POINT('',(0.00513333333333333,-0.0200109375,0.002));
#12731=CARTESIAN_POINT('',(0.00493773148148148,-0.0195786458333333,0.0015));
#12732=CARTESIAN_POINT('',(0.00493773148148148,-0.0195786458333333,0.002));
#12733=CARTESIAN_POINT('',(0.00486192129629629,-0.0191020833333333,0.0015));
#12734=CARTESIAN_POINT('',(0.00486192129629629,-0.0191020833333333,0.002));
#12735=CARTESIAN_POINT('',(0.00490590277777778,-0.01858125,0.0015));
#12736=CARTESIAN_POINT('',(0.00490590277777778,-0.01858125,0.002));
#12737=CARTESIAN_POINT('',(0.00513333333333333,-0.0200109375,0.0015));
#12738=CARTESIAN_POINT('',(0.00513333333333333,-0.0200109375,0.0015));
#12739=CARTESIAN_POINT('',(0.00513333333333333,-0.0200109375,0.0015));
#12740=CARTESIAN_POINT('',(0.00483993055555555,-0.0193625,0.0015));
#12741=CARTESIAN_POINT('',(0.00490590277777778,-0.01858125,0.0015));
#12742=CARTESIAN_POINT('',(0.00722506493409233,-0.0190887044558269,0.0015));
#12743=CARTESIAN_POINT('',(0.00722506493409233,-0.0190887044558269,0.0015));
#12744=CARTESIAN_POINT('',(0.00712118055555556,-0.0168512152777778,0.0015));
#12745=CARTESIAN_POINT('',(0.00712118055555556,-0.0168512152777778,0.002));
#12746=CARTESIAN_POINT('',(0.00690243055555555,-0.0170358217592593,0.0015));
#12747=CARTESIAN_POINT('',(0.00690243055555555,-0.0170358217592593,0.002));
#12748=CARTESIAN_POINT('',(0.00670625,-0.0173561342592593,0.0015));
#12749=CARTESIAN_POINT('',(0.00670625,-0.0173561342592593,0.002));
#12750=CARTESIAN_POINT('',(0.00653263888888889,-0.0178121527777778,0.0015));
#12751=CARTESIAN_POINT('',(0.00653263888888889,-0.0178121527777778,0.002));
#12752=CARTESIAN_POINT('',(0.00712118055555556,-0.0168512152777778,0.002));
#12753=CARTESIAN_POINT('',(0.00679305555555555,-0.017128125,0.002));
#12754=CARTESIAN_POINT('',(0.00653263888888889,-0.0178121527777778,0.002));
#12755=CARTESIAN_POINT('',(0.00712118055555556,-0.0168512152777778,0.0015));
#12756=CARTESIAN_POINT('',(0.00679305555555555,-0.017128125,0.0015));
#12757=CARTESIAN_POINT('',(0.00653263888888889,-0.0178121527777778,0.0015));
#12758=CARTESIAN_POINT('',(-0.002,0.,0.0015));
#12759=CARTESIAN_POINT('',(-0.00653854166666667,0.0142398640076696,0.0015));
#12760=CARTESIAN_POINT('',(-0.00653854166666667,0.0142398640076696,0.002));
#12761=CARTESIAN_POINT('',(-0.00701098090277778,0.0142444212993363,0.002));
#12762=CARTESIAN_POINT('',(-0.00606610243055556,0.0142353067160029,0.002));
#12763=CARTESIAN_POINT('',(-0.00701098090277778,0.0142444212993363,0.0015));
#12764=CARTESIAN_POINT('',(-0.00701098090277778,0.0142444212993363,0.0015));
#12765=CARTESIAN_POINT('',(-0.00653854166666667,0.0142398640076696,0.0015));
#12766=CARTESIAN_POINT('',(-0.00606610243055556,0.0142353067160029,0.0015));
#12767=CARTESIAN_POINT('',(-0.00606610243055556,0.0142353067160029,0.0015));
#12768=CARTESIAN_POINT('',(-0.00685907118055556,0.0151156235562807,0.0015));
#12769=CARTESIAN_POINT('',(-0.00685907118055556,0.0151156235562807,0.002));
#12770=CARTESIAN_POINT('',(-0.00670716145833334,0.0159868258132252,0.002));
#12771=CARTESIAN_POINT('',(-0.00670716145833334,0.0159868258132252,0.0015));
#12772=CARTESIAN_POINT('',(-0.00670716145833334,0.0159868258132252,0.0015));
#12773=CARTESIAN_POINT('',(-0.00685907118055556,0.0151156235562807,0.0015));
#12774=CARTESIAN_POINT('',(-0.00619446614583334,0.0159845471673919,0.0015));
#12775=CARTESIAN_POINT('',(-0.00619446614583334,0.0159845471673919,0.002));
#12776=CARTESIAN_POINT('',(-0.00568177083333334,0.0159822685215585,0.002));
#12777=CARTESIAN_POINT('',(-0.00568177083333334,0.0159822685215585,0.0015));
#12778=CARTESIAN_POINT('',(-0.00568177083333334,0.0159822685215585,0.0015));
#12779=CARTESIAN_POINT('',(-0.00619446614583334,0.0159845471673919,0.0015));
#12780=CARTESIAN_POINT('',(-0.00480373263888889,0.0151406886604474,0.0015));
#12781=CARTESIAN_POINT('',(-0.00480373263888889,0.0151406886604474,0.002));
#12782=CARTESIAN_POINT('',(-0.00472473958333334,0.0156976909752622,0.0015));
#12783=CARTESIAN_POINT('',(-0.00472473958333334,0.0156976909752622,0.002));
#12784=CARTESIAN_POINT('',(-0.00501741898148149,0.0159782175956326,0.0015));
#12785=CARTESIAN_POINT('',(-0.00501741898148149,0.0159782175956326,0.002));
#12786=CARTESIAN_POINT('',(-0.00568177083333334,0.0159822685215585,0.0015));
#12787=CARTESIAN_POINT('',(-0.00568177083333334,0.0159822685215585,0.002));
#12788=CARTESIAN_POINT('',(-0.00480373263888889,0.0151406886604474,0.002));
#12789=CARTESIAN_POINT('',(-0.00468524305555556,0.0159761921326696,0.002));
#12790=CARTESIAN_POINT('',(-0.00568177083333334,0.0159822685215585,0.002));
#12791=CARTESIAN_POINT('',(-0.00480373263888889,0.0151406886604474,0.002));
#12792=CARTESIAN_POINT('',(-0.00480373263888889,0.0151406886604474,0.0015));
#12793=CARTESIAN_POINT('',(-0.00480373263888889,0.0151406886604474,0.0015));
#12794=CARTESIAN_POINT('',(-0.00480373263888889,0.0151406886604474,0.0015));
#12795=CARTESIAN_POINT('',(-0.00468524305555556,0.0159761921326696,0.0015));
#12796=CARTESIAN_POINT('',(-0.00568177083333334,0.0159822685215585,0.0015));
#12797=CARTESIAN_POINT('',(-0.00520553385416667,0.0144814004660029,0.0015));
#12798=CARTESIAN_POINT('',(-0.00520553385416667,0.0144814004660029,0.002));
#12799=CARTESIAN_POINT('',(-0.0049822265625,0.014639386577114,0.0015));
#12800=CARTESIAN_POINT('',(-0.0049822265625,0.014639386577114,0.002));
#12801=CARTESIAN_POINT('',(-0.00484829282407408,0.0148591493085955,0.0015));
#12802=CARTESIAN_POINT('',(-0.00484829282407408,0.0148591493085955,0.002));
#12803=CARTESIAN_POINT('',(-0.00480373263888889,0.0151406886604474,0.0015));
#12804=CARTESIAN_POINT('',(-0.00480373263888889,0.0151406886604474,0.002));
#12805=CARTESIAN_POINT('',(-0.00520553385416667,0.0144814004660029,0.002));
#12806=CARTESIAN_POINT('',(-0.00487057291666667,0.0147183796326696,0.002));
#12807=CARTESIAN_POINT('',(-0.00480373263888889,0.0151406886604474,0.002));
#12808=CARTESIAN_POINT('',(-0.00520553385416667,0.0144814004660029,0.002));
#12809=CARTESIAN_POINT('',(-0.00520553385416667,0.0144814004660029,0.0015));
#12810=CARTESIAN_POINT('',(-0.00520553385416667,0.0144814004660029,0.0015));
#12811=CARTESIAN_POINT('',(-0.00520553385416667,0.0144814004660029,0.0015));
#12812=CARTESIAN_POINT('',(-0.00487057291666667,0.0147183796326696,0.0015));
#12813=CARTESIAN_POINT('',(-0.00480373263888889,0.0151406886604474,0.0015));
#12814=CARTESIAN_POINT('',(-0.00734594184027778,0.0123045341465585,0.0015));
#12815=CARTESIAN_POINT('',(-0.00734594184027778,0.0123045341465585,0.002));
#12816=CARTESIAN_POINT('',(-0.00718263888888889,0.0132372598410029,0.002));
#12817=CARTESIAN_POINT('',(-0.00750924479166667,0.011371808452114,0.002));
#12818=CARTESIAN_POINT('',(-0.00718263888888889,0.0132372598410029,0.0015));
#12819=CARTESIAN_POINT('',(-0.00718263888888889,0.0132372598410029,0.0015));
#12820=CARTESIAN_POINT('',(-0.00734594184027778,0.0123045341465585,0.0015));
#12821=CARTESIAN_POINT('',(-0.00750924479166667,0.011371808452114,0.0015));
#12822=CARTESIAN_POINT('',(-0.00750924479166667,0.011371808452114,0.0015));
#12823=CARTESIAN_POINT('',(-0.0065271484375,0.0132349811951696,0.0015));
#12824=CARTESIAN_POINT('',(-0.0065271484375,0.0132349811951696,0.002));
#12825=CARTESIAN_POINT('',(-0.00587165798611112,0.0132327025493363,0.002));
#12826=CARTESIAN_POINT('',(-0.00587165798611112,0.0132327025493363,0.0015));
#12827=CARTESIAN_POINT('',(-0.00587165798611112,0.0132327025493363,0.0015));
#12828=CARTESIAN_POINT('',(-0.0065271484375,0.0132349811951696,0.0015));
#12829=CARTESIAN_POINT('',(-0.00525718315972223,0.0129744560215585,0.0015));
#12830=CARTESIAN_POINT('',(-0.00525718315972223,0.0129744560215585,0.002));
#12831=CARTESIAN_POINT('',(-0.00537921730324074,0.0131344675956326,0.0015));
#12832=CARTESIAN_POINT('',(-0.00537921730324074,0.0131344675956326,0.002));
#12833=CARTESIAN_POINT('',(-0.00558404224537037,0.0132205497715585,0.0015));
#12834=CARTESIAN_POINT('',(-0.00558404224537037,0.0132205497715585,0.002));
#12835=CARTESIAN_POINT('',(-0.00587165798611112,0.0132327025493363,0.0015));
#12836=CARTESIAN_POINT('',(-0.00587165798611112,0.0132327025493363,0.002));
#12837=CARTESIAN_POINT('',(-0.00525718315972223,0.0129744560215585,0.002));
#12838=CARTESIAN_POINT('',(-0.005440234375,0.0132144733826696,0.002));
#12839=CARTESIAN_POINT('',(-0.00587165798611112,0.0132327025493363,0.002));
#12840=CARTESIAN_POINT('',(-0.00525718315972223,0.0129744560215585,0.002));
#12841=CARTESIAN_POINT('',(-0.00525718315972223,0.0129744560215585,0.0015));
#12842=CARTESIAN_POINT('',(-0.00525718315972223,0.0129744560215585,0.0015));
#12843=CARTESIAN_POINT('',(-0.00525718315972223,0.0129744560215585,0.0015));
#12844=CARTESIAN_POINT('',(-0.005440234375,0.0132144733826696,0.0015));
#12845=CARTESIAN_POINT('',(-0.00587165798611112,0.0132327025493363,0.0015));
#12846=CARTESIAN_POINT('',(-0.00514097222222223,0.0123075723410029,0.0015));
#12847=CARTESIAN_POINT('',(-0.00514097222222223,0.0123075723410029,0.002));
#12848=CARTESIAN_POINT('',(-0.00509641203703704,0.0125921498872993,0.0015));
#12849=CARTESIAN_POINT('',(-0.00509641203703704,0.0125921498872993,0.002));
#12850=CARTESIAN_POINT('',(-0.00513514901620371,0.0128144444474844,0.0015));
#12851=CARTESIAN_POINT('',(-0.00513514901620371,0.0128144444474844,0.002));
#12852=CARTESIAN_POINT('',(-0.00525718315972223,0.0129744560215585,0.0015));
#12853=CARTESIAN_POINT('',(-0.00525718315972223,0.0129744560215585,0.002));
#12854=CARTESIAN_POINT('',(-0.00514097222222223,0.0123075723410029,0.002));
#12855=CARTESIAN_POINT('',(-0.00507413194444445,0.0127344386604474,0.002));
#12856=CARTESIAN_POINT('',(-0.00525718315972223,0.0129744560215585,0.002));
#12857=CARTESIAN_POINT('',(-0.00514097222222223,0.0123075723410029,0.002));
#12858=CARTESIAN_POINT('',(-0.00514097222222223,0.0123075723410029,0.0015));
#12859=CARTESIAN_POINT('',(-0.00514097222222223,0.0123075723410029,0.0015));
#12860=CARTESIAN_POINT('',(-0.00514097222222223,0.0123075723410029,0.0015));
#12861=CARTESIAN_POINT('',(-0.00507413194444445,0.0127344386604474,0.0015));
#12862=CARTESIAN_POINT('',(-0.00525718315972223,0.0129744560215585,0.0015));
#12863=CARTESIAN_POINT('',(-0.00613929100448196,0.0124397532208098,0.0015));
#12864=CARTESIAN_POINT('',(-0.00613929100448196,0.0124397532208098,0.002));
#12865=CARTESIAN_POINT('',(-0.00555416666666667,0.0116209403965585,0.002));
#12866=CARTESIAN_POINT('',(-0.00555416666666667,0.0116209403965585,0.0015));
#12867=CARTESIAN_POINT('',(-0.00555416666666667,0.0116209403965585,0.0015));
#12868=CARTESIAN_POINT('',(-0.00613929100448196,0.0124397532208098,0.0015));
#12869=CARTESIAN_POINT('',(-0.00641397569444445,0.0113672511604474,0.0015));
#12870=CARTESIAN_POINT('',(-0.00641397569444445,0.0113672511604474,0.002));
#12871=CARTESIAN_POINT('',(-0.00607167245370371,0.0113672511604474,0.0015));
#12872=CARTESIAN_POINT('',(-0.00607167245370371,0.0113672511604474,0.002));
#12873=CARTESIAN_POINT('',(-0.00578506944444445,0.0114518142391511,0.0015));
#12874=CARTESIAN_POINT('',(-0.00578506944444445,0.0114518142391511,0.002));
#12875=CARTESIAN_POINT('',(-0.00555416666666667,0.0116209403965585,0.0015));
#12876=CARTESIAN_POINT('',(-0.00555416666666667,0.0116209403965585,0.002));
#12877=CARTESIAN_POINT('',(-0.00641397569444445,0.0113672511604474,0.002));
#12878=CARTESIAN_POINT('',(-0.00590052083333334,0.0113672511604474,0.002));
#12879=CARTESIAN_POINT('',(-0.00555416666666667,0.0116209403965585,0.002));
#12880=CARTESIAN_POINT('',(-0.00641397569444445,0.0113672511604474,0.002));
#12881=CARTESIAN_POINT('',(-0.00641397569444445,0.0113672511604474,0.0015));
#12882=CARTESIAN_POINT('',(-0.00641397569444445,0.0113672511604474,0.0015));
#12883=CARTESIAN_POINT('',(-0.00641397569444445,0.0113672511604474,0.0015));
#12884=CARTESIAN_POINT('',(-0.00590052083333334,0.0113672511604474,0.0015));
#12885=CARTESIAN_POINT('',(-0.00555416666666667,0.0116209403965585,0.0015));
#12886=CARTESIAN_POINT('',(-0.00849969618055556,0.0136838744243363,0.0015));
#12887=CARTESIAN_POINT('',(-0.00909973958333334,0.0102279282437807,0.0015));
#12888=CARTESIAN_POINT('',(-0.00909973958333334,0.0102279282437807,0.0015));
#12889=CARTESIAN_POINT('',(-0.00849969618055556,0.0136838744243363,0.0015));
#12890=CARTESIAN_POINT('',(-0.00789965277777778,0.0171398206048919,0.0015));
#12891=CARTESIAN_POINT('',(-0.00789965277777778,0.0171398206048919,0.0015));
#12892=CARTESIAN_POINT('',(-0.00777280815972223,0.0102279282437807,0.0015));
#12893=CARTESIAN_POINT('',(-0.00644587673611111,0.0102279282437807,0.0015));
#12894=CARTESIAN_POINT('',(-0.00644587673611111,0.0102279282437807,0.0015));
#12895=CARTESIAN_POINT('',(-0.00777280815972223,0.0102279282437807,0.0015));
#12896=CARTESIAN_POINT('',(-0.00453637152777778,0.0107717650493363,0.0015));
#12897=CARTESIAN_POINT('',(-0.00453637152777778,0.0107717650493363,0.002));
#12898=CARTESIAN_POINT('',(-0.00500324074074075,0.0104092071789659,0.0015));
#12899=CARTESIAN_POINT('',(-0.00500324074074075,0.0104092071789659,0.002));
#12900=CARTESIAN_POINT('',(-0.00563974247685186,0.0102279282437807,0.0015));
#12901=CARTESIAN_POINT('',(-0.00563974247685186,0.0102279282437807,0.002));
#12902=CARTESIAN_POINT('',(-0.00644587673611111,0.0102279282437807,0.0015));
#12903=CARTESIAN_POINT('',(-0.00644587673611111,0.0102279282437807,0.002));
#12904=CARTESIAN_POINT('',(-0.00453637152777778,0.0107717650493363,0.0015));
#12905=CARTESIAN_POINT('',(-0.00453637152777778,0.0107717650493363,0.0015));
#12906=CARTESIAN_POINT('',(-0.00453637152777778,0.0107717650493363,0.0015));
#12907=CARTESIAN_POINT('',(-0.00523667534722223,0.0102279282437807,0.0015));
#12908=CARTESIAN_POINT('',(-0.00644587673611111,0.0102279282437807,0.0015));
#12909=CARTESIAN_POINT('',(-0.00376922743055556,0.0122923813687807,0.0015));
#12910=CARTESIAN_POINT('',(-0.00376922743055556,0.0122923813687807,0.002));
#12911=CARTESIAN_POINT('',(-0.00381378761574075,0.0116411950261881,0.0015));
#12912=CARTESIAN_POINT('',(-0.00381378761574075,0.0116411950261881,0.002));
#12913=CARTESIAN_POINT('',(-0.00406950231481482,0.0111343229197066,0.0015));
#12914=CARTESIAN_POINT('',(-0.00406950231481482,0.0111343229197066,0.002));
#12915=CARTESIAN_POINT('',(-0.00453637152777778,0.0107717650493363,0.0015));
#12916=CARTESIAN_POINT('',(-0.00453637152777778,0.0107717650493363,0.002));
#12917=CARTESIAN_POINT('',(-0.00376922743055556,0.0122923813687807,0.0015));
#12918=CARTESIAN_POINT('',(-0.00376922743055556,0.0122923813687807,0.0015));
#12919=CARTESIAN_POINT('',(-0.00376922743055556,0.0122923813687807,0.0015));
#12920=CARTESIAN_POINT('',(-0.00383606770833334,0.0113156018548918,0.0015));
#12921=CARTESIAN_POINT('',(-0.00453637152777778,0.0107717650493363,0.0015));
#12922=CARTESIAN_POINT('',(-0.003963671875,0.0132159924798918,0.0015));
#12923=CARTESIAN_POINT('',(-0.003963671875,0.0132159924798918,0.002));
#12924=CARTESIAN_POINT('',(-0.00381176215277778,0.0129547077576696,0.0015));
#12925=CARTESIAN_POINT('',(-0.00381176215277778,0.0129547077576696,0.002));
#12926=CARTESIAN_POINT('',(-0.00374694733796297,0.0126468373872992,0.0015));
#12927=CARTESIAN_POINT('',(-0.00374694733796297,0.0126468373872992,0.002));
#12928=CARTESIAN_POINT('',(-0.00376922743055556,0.0122923813687807,0.0015));
#12929=CARTESIAN_POINT('',(-0.00376922743055556,0.0122923813687807,0.002));
#12930=CARTESIAN_POINT('',(-0.003963671875,0.0132159924798918,0.0015));
#12931=CARTESIAN_POINT('',(-0.003963671875,0.0132159924798918,0.0015));
#12932=CARTESIAN_POINT('',(-0.003963671875,0.0132159924798918,0.0015));
#12933=CARTESIAN_POINT('',(-0.00373580729166667,0.0128240653965585,0.0015));
#12934=CARTESIAN_POINT('',(-0.00376922743055556,0.0122923813687807,0.0015));
#12935=CARTESIAN_POINT('',(-0.00497902431261099,0.0126526409449106,0.0015));
#12936=CARTESIAN_POINT('',(-0.00460473090277778,0.013750714702114,0.0015));
#12937=CARTESIAN_POINT('',(-0.00460473090277778,0.013750714702114,0.0015));
#12938=CARTESIAN_POINT('',(-0.00497902431261099,0.0126526409449106,0.0015));
#12939=CARTESIAN_POINT('',(-0.00339401041666667,0.0152834837993363,0.0015));
#12940=CARTESIAN_POINT('',(-0.00339401041666667,0.0152834837993363,0.002));
#12941=CARTESIAN_POINT('',(-0.00343857060185186,0.0145846990771141,0.0015));
#12942=CARTESIAN_POINT('',(-0.00343857060185186,0.0145846990771141,0.002));
#12943=CARTESIAN_POINT('',(-0.00384214409722223,0.0140737760447066,0.0015));
#12944=CARTESIAN_POINT('',(-0.00384214409722223,0.0140737760447066,0.002));
#12945=CARTESIAN_POINT('',(-0.00460473090277778,0.013750714702114,0.0015));
#12946=CARTESIAN_POINT('',(-0.00460473090277778,0.013750714702114,0.002));
#12947=CARTESIAN_POINT('',(-0.00339401041666667,0.0152834837993363,0.0015));
#12948=CARTESIAN_POINT('',(-0.00339401041666667,0.0152834837993363,0.0015));
#12949=CARTESIAN_POINT('',(-0.00339401041666667,0.0152834837993363,0.0015));
#12950=CARTESIAN_POINT('',(-0.00346085069444445,0.0142353067160029,0.0015));
#12951=CARTESIAN_POINT('',(-0.00460473090277778,0.013750714702114,0.0015));
#12952=CARTESIAN_POINT('',(-0.00394012586805556,0.0166461140076696,0.0015));
#12953=CARTESIAN_POINT('',(-0.00394012586805556,0.0166461140076696,0.002));
#12954=CARTESIAN_POINT('',(-0.00353857783564815,0.016323052665077,0.0015));
#12955=CARTESIAN_POINT('',(-0.00353857783564815,0.016323052665077,0.002));
#12956=CARTESIAN_POINT('',(-0.00335653935185186,0.0158688425956326,0.0015));
#12957=CARTESIAN_POINT('',(-0.00335653935185186,0.0158688425956326,0.002));
#12958=CARTESIAN_POINT('',(-0.00339401041666667,0.0152834837993363,0.0015));
#12959=CARTESIAN_POINT('',(-0.00339401041666667,0.0152834837993363,0.002));
#12960=CARTESIAN_POINT('',(-0.00394012586805556,0.0166461140076696,0.0015));
#12961=CARTESIAN_POINT('',(-0.00394012586805556,0.0166461140076696,0.0015));
#12962=CARTESIAN_POINT('',(-0.00394012586805556,0.0166461140076696,0.0015));
#12963=CARTESIAN_POINT('',(-0.00333780381944445,0.0161615219937807,0.0015));
#12964=CARTESIAN_POINT('',(-0.00339401041666667,0.0152834837993363,0.0015));
#12965=CARTESIAN_POINT('',(-0.00574405381944445,0.0171352633132251,0.0015));
#12966=CARTESIAN_POINT('',(-0.00574405381944445,0.0171352633132251,0.002));
#12967=CARTESIAN_POINT('',(-0.0049429832175926,0.0171322251187807,0.0015));
#12968=CARTESIAN_POINT('',(-0.0049429832175926,0.0171322251187807,0.002));
#12969=CARTESIAN_POINT('',(-0.00434167390046297,0.0169691753502622,0.0015));
#12970=CARTESIAN_POINT('',(-0.00434167390046297,0.0169691753502622,0.002));
#12971=CARTESIAN_POINT('',(-0.00394012586805556,0.0166461140076696,0.0015));
#12972=CARTESIAN_POINT('',(-0.00394012586805556,0.0166461140076696,0.002));
#12973=CARTESIAN_POINT('',(-0.00574405381944445,0.0171352633132251,0.0015));
#12974=CARTESIAN_POINT('',(-0.00574405381944445,0.0171352633132251,0.0015));
#12975=CARTESIAN_POINT('',(-0.00574405381944445,0.0171352633132251,0.0015));
#12976=CARTESIAN_POINT('',(-0.00454244791666667,0.0171307060215585,0.0015));
#12977=CARTESIAN_POINT('',(-0.00394012586805556,0.0166461140076696,0.0015));
#12978=CARTESIAN_POINT('',(-0.00696161024305556,0.0113695298062807,0.0015));
#12979=CARTESIAN_POINT('',(-0.00696161024305556,0.0113695298062807,0.002));
#12980=CARTESIAN_POINT('',(-0.00696161024305556,0.0113695298062807,0.0015));
#12981=CARTESIAN_POINT('',(-0.00682185329861111,0.0171375419590585,0.0015));
#12982=CARTESIAN_POINT('',(-0.00682185329861111,0.0171375419590585,0.0015));
#12983=CARTESIAN_POINT('',(-0.00606610243055556,0.0142353067160029,0.0015));
#12984=CARTESIAN_POINT('',(-0.00606610243055556,0.0142353067160029,0.002));
#12985=CARTESIAN_POINT('',(-0.00571569733796297,0.0142413831048918,0.0015));
#12986=CARTESIAN_POINT('',(-0.00571569733796297,0.0142413831048918,0.002));
#12987=CARTESIAN_POINT('',(-0.00542884114583334,0.0143234143548918,0.0015));
#12988=CARTESIAN_POINT('',(-0.00542884114583334,0.0143234143548918,0.002));
#12989=CARTESIAN_POINT('',(-0.00520553385416667,0.0144814004660029,0.0015));
#12990=CARTESIAN_POINT('',(-0.00520553385416667,0.0144814004660029,0.002));
#12991=CARTESIAN_POINT('',(-0.00606610243055556,0.0142353067160029,0.002));
#12992=CARTESIAN_POINT('',(-0.00554049479166667,0.0142444212993363,0.002));
#12993=CARTESIAN_POINT('',(-0.00520553385416667,0.0144814004660029,0.002));
#12994=CARTESIAN_POINT('',(-0.00606610243055556,0.0142353067160029,0.0015));
#12995=CARTESIAN_POINT('',(-0.00554049479166667,0.0142444212993363,0.0015));
#12996=CARTESIAN_POINT('',(-0.00520553385416667,0.0144814004660029,0.0015));
#12997=CARTESIAN_POINT('',(-0.002,0.,0.0015));
#12998=CARTESIAN_POINT('',(0.,0.,0.002));
#12999=CARTESIAN_POINT('',(0.0163899522569444,0.0272000419590585,0.0015));
#13000=CARTESIAN_POINT('',(0.016598828125,0.0281213744243363,0.0015));
#13001=CARTESIAN_POINT('',(0.016598828125,0.0281213744243363,0.0015));
#13002=CARTESIAN_POINT('',(0.0163899522569444,0.0272000419590585,0.0015));
#13003=CARTESIAN_POINT('',(0.0161810763888889,0.0262787094937807,0.0015));
#13004=CARTESIAN_POINT('',(0.0161810763888889,0.0262787094937807,0.0015));
#13005=CARTESIAN_POINT('',(0.0166580729166666,0.0285079846673919,0.0015));
#13006=CARTESIAN_POINT('',(0.0167173177083334,0.0288945949104474,0.0015));
#13007=CARTESIAN_POINT('',(0.0167173177083334,0.0288945949104474,0.0015));
#13008=CARTESIAN_POINT('',(0.0166580729166666,0.0285079846673919,0.0015));
#13009=CARTESIAN_POINT('',(0.0162258897569444,0.0288945949104474,0.0015));
#13010=CARTESIAN_POINT('',(0.0157344618055555,0.0288945949104474,0.0015));
#13011=CARTESIAN_POINT('',(0.0157344618055555,0.0288945949104474,0.0015));
#13012=CARTESIAN_POINT('',(0.0162258897569444,0.0288945949104474,0.0015));
#13013=CARTESIAN_POINT('',(0.0155278645833333,0.027586652202114,0.0015));
#13014=CARTESIAN_POINT('',(0.0153212673611111,0.0262787094937807,0.0015));
#13015=CARTESIAN_POINT('',(0.0153212673611111,0.0262787094937807,0.0015));
#13016=CARTESIAN_POINT('',(0.0155278645833333,0.027586652202114,0.0015));
#13017=CARTESIAN_POINT('',(0.015751171875,0.0262787094937807,0.0015));
#13018=CARTESIAN_POINT('',(0.015751171875,0.0262787094937807,0.0015));
#13019=CARTESIAN_POINT('',(-0.002,0.,0.0015));
#13020=CARTESIAN_POINT('',(0.0193134548611111,0.0230506278965585,0.0015));
#13021=CARTESIAN_POINT('',(0.0193134548611111,0.0230506278965585,0.002));
#13022=CARTESIAN_POINT('',(0.0193640914351852,0.0233038107669289,0.0015));
#13023=CARTESIAN_POINT('',(0.0193640914351852,0.0233038107669289,0.002));
#13024=CARTESIAN_POINT('',(0.0191883825231481,0.0234876215308177,0.0015));
#13025=CARTESIAN_POINT('',(0.0191883825231481,0.0234876215308177,0.002));
#13026=CARTESIAN_POINT('',(0.018786328125,0.0236020601882251,0.0015));
#13027=CARTESIAN_POINT('',(0.018786328125,0.0236020601882251,0.002));
#13028=CARTESIAN_POINT('',(0.0193134548611111,0.0230506278965585,0.0015));
#13029=CARTESIAN_POINT('',(0.0193134548611111,0.0230506278965585,0.0015));
#13030=CARTESIAN_POINT('',(0.0193134548611111,0.0230506278965585,0.0015));
#13031=CARTESIAN_POINT('',(0.0193894097222222,0.023430402202114,0.0015));
#13032=CARTESIAN_POINT('',(0.018786328125,0.0236020601882251,0.0015));
#13033=CARTESIAN_POINT('',(0.018786328125,0.0236020601882251,0.0015));
#13034=CARTESIAN_POINT('',(0.018786328125,0.0236020601882251,0.0015));
#13035=CARTESIAN_POINT('',(0.0190263454861111,0.0226419907437807,0.0015));
#13036=CARTESIAN_POINT('',(0.0190263454861111,0.0226419907437807,0.002));
#13037=CARTESIAN_POINT('',(0.0191863570601852,0.0227432638919289,0.0015));
#13038=CARTESIAN_POINT('',(0.0191863570601852,0.0227432638919289,0.002));
#13039=CARTESIAN_POINT('',(0.0192820601851852,0.0228794762761881,0.0015));
#13040=CARTESIAN_POINT('',(0.0192820601851852,0.0228794762761881,0.002));
#13041=CARTESIAN_POINT('',(0.0193134548611111,0.0230506278965585,0.0015));
#13042=CARTESIAN_POINT('',(0.0193134548611111,0.0230506278965585,0.002));
#13043=CARTESIAN_POINT('',(0.0190263454861111,0.0226419907437807,0.0015));
#13044=CARTESIAN_POINT('',(0.0190263454861111,0.0226419907437807,0.0015));
#13045=CARTESIAN_POINT('',(0.0190263454861111,0.0226419907437807,0.0015));
#13046=CARTESIAN_POINT('',(0.0192663628472222,0.022793900466003,0.0015));
#13047=CARTESIAN_POINT('',(0.0193134548611111,0.0230506278965585,0.0015));
#13048=CARTESIAN_POINT('',(0.0184156684027778,0.0224900810215585,0.0015));
#13049=CARTESIAN_POINT('',(0.0184156684027778,0.0224900810215585,0.002));
#13050=CARTESIAN_POINT('',(0.0186627748842593,0.0224900810215585,0.0015));
#13051=CARTESIAN_POINT('',(0.0186627748842593,0.0224900810215585,0.002));
#13052=CARTESIAN_POINT('',(0.018866333912037,0.0225407175956326,0.0015));
#13053=CARTESIAN_POINT('',(0.018866333912037,0.0225407175956326,0.002));
#13054=CARTESIAN_POINT('',(0.0190263454861111,0.0226419907437807,0.0015));
#13055=CARTESIAN_POINT('',(0.0190263454861111,0.0226419907437807,0.002));
#13056=CARTESIAN_POINT('',(0.0184156684027778,0.0224900810215585,0.0015));
#13057=CARTESIAN_POINT('',(0.0184156684027778,0.0224900810215585,0.0015));
#13058=CARTESIAN_POINT('',(0.0184156684027778,0.0224900810215585,0.0015));
#13059=CARTESIAN_POINT('',(0.018786328125,0.0224900810215585,0.0015));
#13060=CARTESIAN_POINT('',(0.0190263454861111,0.0226419907437807,0.0015));
#13061=CARTESIAN_POINT('',(0.0176272569444444,0.0232359577576696,0.0015));
#13062=CARTESIAN_POINT('',(0.0176272569444444,0.0232359577576696,0.002));
#13063=CARTESIAN_POINT('',(0.0176404224537037,0.0227457957206326,0.0015));
#13064=CARTESIAN_POINT('',(0.0176404224537037,0.0227457957206326,0.002));
#13065=CARTESIAN_POINT('',(0.0179032262731481,0.0224971701419289,0.0015));
#13066=CARTESIAN_POINT('',(0.0179032262731481,0.0224971701419289,0.002));
#13067=CARTESIAN_POINT('',(0.0184156684027778,0.0224900810215585,0.0015));
#13068=CARTESIAN_POINT('',(0.0184156684027778,0.0224900810215585,0.002));
#13069=CARTESIAN_POINT('',(0.0176272569444444,0.0232359577576696,0.0015));
#13070=CARTESIAN_POINT('',(0.0176272569444444,0.0232359577576696,0.0015));
#13071=CARTESIAN_POINT('',(0.0176272569444444,0.0232359577576696,0.0015));
#13072=CARTESIAN_POINT('',(0.0176470052083333,0.022500714702114,0.0015));
#13073=CARTESIAN_POINT('',(0.0184156684027778,0.0224900810215585,0.0015));
#13074=CARTESIAN_POINT('',(0.0169960720486111,0.0232405150493363,0.0015));
#13075=CARTESIAN_POINT('',(0.0163648871527778,0.023245072341003,0.0015));
#13076=CARTESIAN_POINT('',(0.0163648871527778,0.023245072341003,0.0015));
#13077=CARTESIAN_POINT('',(0.0169960720486111,0.0232405150493363,0.0015));
#13078=CARTESIAN_POINT('',(0.0169436631944444,0.0219994126187807,0.0015));
#13079=CARTESIAN_POINT('',(0.0169436631944444,0.0219994126187807,0.002));
#13080=CARTESIAN_POINT('',(0.0165638888888889,0.0223204484984103,0.0015));
#13081=CARTESIAN_POINT('',(0.0165638888888889,0.0223204484984103,0.002));
#13082=CARTESIAN_POINT('',(0.0163709635416667,0.0227356684058177,0.0015));
#13083=CARTESIAN_POINT('',(0.0163709635416667,0.0227356684058177,0.002));
#13084=CARTESIAN_POINT('',(0.0163648871527778,0.023245072341003,0.0015));
#13085=CARTESIAN_POINT('',(0.0163648871527778,0.023245072341003,0.002));
#13086=CARTESIAN_POINT('',(0.0169436631944444,0.0219994126187807,0.0015));
#13087=CARTESIAN_POINT('',(0.0169436631944444,0.0219994126187807,0.0015));
#13088=CARTESIAN_POINT('',(0.0169436631944444,0.0219994126187807,0.0015));
#13089=CARTESIAN_POINT('',(0.0163740017361111,0.0224809664382251,0.0015));
#13090=CARTESIAN_POINT('',(0.0163648871527778,0.023245072341003,0.0015));
#13091=CARTESIAN_POINT('',(0.0183685763888889,0.0215072251187807,0.0015));
#13092=CARTESIAN_POINT('',(0.0183685763888889,0.0215072251187807,0.002));
#13093=CARTESIAN_POINT('',(0.0177984085648148,0.0215143142391511,0.0015));
#13094=CARTESIAN_POINT('',(0.0177984085648148,0.0215143142391511,0.002));
#13095=CARTESIAN_POINT('',(0.0173234375,0.0216783767391511,0.0015));
#13096=CARTESIAN_POINT('',(0.0173234375,0.0216783767391511,0.002));
#13097=CARTESIAN_POINT('',(0.0169436631944444,0.0219994126187807,0.0015));
#13098=CARTESIAN_POINT('',(0.0169436631944444,0.0219994126187807,0.002));
#13099=CARTESIAN_POINT('',(0.0183685763888889,0.0215072251187807,0.0015));
#13100=CARTESIAN_POINT('',(0.0183685763888889,0.0215072251187807,0.0015));
#13101=CARTESIAN_POINT('',(0.0183685763888889,0.0215072251187807,0.0015));
#13102=CARTESIAN_POINT('',(0.0175133246527777,0.0215178587993363,0.0015));
#13103=CARTESIAN_POINT('',(0.0169436631944444,0.0219994126187807,0.0015));
#13104=CARTESIAN_POINT('',(0.0184521023340979,0.0243865121494922,0.0015));
#13105=CARTESIAN_POINT('',(0.0194722005208333,0.021693314528503,0.0015));
#13106=CARTESIAN_POINT('',(0.0194722005208333,0.021693314528503,0.0015));
#13107=CARTESIAN_POINT('',(0.0184521023340979,0.0243865121494922,0.0015));
#13108=CARTESIAN_POINT('',(0.0202985894097222,0.0222584186951696,0.0015));
#13109=CARTESIAN_POINT('',(0.0202985894097222,0.0222584186951696,0.002));
#13110=CARTESIAN_POINT('',(0.0200975622106481,0.0220148567738733,0.0015));
#13111=CARTESIAN_POINT('',(0.0200975622106481,0.0220148567738733,0.002));
#13112=CARTESIAN_POINT('',(0.0198220992476852,0.0218264887183178,0.0015));
#13113=CARTESIAN_POINT('',(0.0198220992476852,0.0218264887183178,0.002));
#13114=CARTESIAN_POINT('',(0.0194722005208333,0.021693314528503,0.0015));
#13115=CARTESIAN_POINT('',(0.0194722005208333,0.021693314528503,0.002));
#13116=CARTESIAN_POINT('',(0.0202985894097222,0.0222584186951696,0.0015));
#13117=CARTESIAN_POINT('',(0.0202985894097222,0.0222584186951696,0.0015));
#13118=CARTESIAN_POINT('',(0.0202985894097222,0.0222584186951696,0.0015));
#13119=CARTESIAN_POINT('',(0.0199970486111111,0.0218930758132252,0.0015));
#13120=CARTESIAN_POINT('',(0.0194722005208333,0.021693314528503,0.0015));
#13121=CARTESIAN_POINT('',(0.0192509825919856,0.023128760855077,0.0015));
#13122=CARTESIAN_POINT('',(0.0206138020833333,0.0231129108826696,0.0015));
#13123=CARTESIAN_POINT('',(0.0206138020833333,0.0231129108826696,0.0015));
#13124=CARTESIAN_POINT('',(0.0192509825919856,0.023128760855077,0.0015));
#13125=CARTESIAN_POINT('',(0.020440625,0.0238299247715585,0.0015));
#13126=CARTESIAN_POINT('',(0.020440625,0.0238299247715585,0.002));
#13127=CARTESIAN_POINT('',(0.0205651909722222,0.0236304166697066,0.0015));
#13128=CARTESIAN_POINT('',(0.0205651909722222,0.0236304166697066,0.002));
#13129=CARTESIAN_POINT('',(0.0206229166666666,0.023391412040077,0.0015));
#13130=CARTESIAN_POINT('',(0.0206229166666666,0.023391412040077,0.002));
#13131=CARTESIAN_POINT('',(0.0206138020833333,0.0231129108826696,0.0015));
#13132=CARTESIAN_POINT('',(0.0206138020833333,0.0231129108826696,0.002));
#13133=CARTESIAN_POINT('',(0.020440625,0.0238299247715585,0.0015));
#13134=CARTESIAN_POINT('',(0.020440625,0.0238299247715585,0.0015));
#13135=CARTESIAN_POINT('',(0.020440625,0.0238299247715585,0.0015));
#13136=CARTESIAN_POINT('',(0.0206274739583333,0.0235306626187807,0.0015));
#13137=CARTESIAN_POINT('',(0.0206138020833333,0.0231129108826696,0.0015));
#13138=CARTESIAN_POINT('',(0.0199066623263889,0.0243304673062807,0.0015));
#13139=CARTESIAN_POINT('',(0.0199066623263889,0.0243304673062807,0.002));
#13140=CARTESIAN_POINT('',(0.0201380714699074,0.0241962803849844,0.0015));
#13141=CARTESIAN_POINT('',(0.0201380714699074,0.0241962803849844,0.002));
#13142=CARTESIAN_POINT('',(0.0203160590277778,0.0240294328734104,0.0015));
#13143=CARTESIAN_POINT('',(0.0203160590277778,0.0240294328734104,0.002));
#13144=CARTESIAN_POINT('',(0.020440625,0.0238299247715585,0.0015));
#13145=CARTESIAN_POINT('',(0.020440625,0.0238299247715585,0.002));
#13146=CARTESIAN_POINT('',(0.0199066623263889,0.0243304673062807,0.0015));
#13147=CARTESIAN_POINT('',(0.0199066623263889,0.0243304673062807,0.0015));
#13148=CARTESIAN_POINT('',(0.0199066623263889,0.0243304673062807,0.0015));
#13149=CARTESIAN_POINT('',(0.0202537760416667,0.0241291869243363,0.0015));
#13150=CARTESIAN_POINT('',(0.020440625,0.0238299247715585,0.0015));
#13151=CARTESIAN_POINT('',(0.0189048177083333,0.024688214702114,0.0015));
#13152=CARTESIAN_POINT('',(0.0189048177083333,0.024688214702114,0.002));
#13153=CARTESIAN_POINT('',(0.0193413049768518,0.0245839033595214,0.0015));
#13154=CARTESIAN_POINT('',(0.0193413049768518,0.0245839033595214,0.002));
#13155=CARTESIAN_POINT('',(0.0196752531828704,0.024464654227577,0.0015));
#13156=CARTESIAN_POINT('',(0.0196752531828704,0.024464654227577,0.002));
#13157=CARTESIAN_POINT('',(0.0199066623263889,0.0243304673062807,0.0015));
#13158=CARTESIAN_POINT('',(0.0199066623263889,0.0243304673062807,0.002));
#13159=CARTESIAN_POINT('',(0.0189048177083333,0.024688214702114,0.0015));
#13160=CARTESIAN_POINT('',(0.0189048177083333,0.024688214702114,0.0015));
#13161=CARTESIAN_POINT('',(0.0189048177083333,0.024688214702114,0.0015));
#13162=CARTESIAN_POINT('',(0.0195595486111111,0.0245317476882252,0.0015));
#13163=CARTESIAN_POINT('',(0.0199066623263889,0.0243304673062807,0.0015));
#13164=CARTESIAN_POINT('',(0.0188098741319445,0.0247094820632252,0.0015));
#13165=CARTESIAN_POINT('',(0.0187149305555556,0.0247307494243363,0.0015));
#13166=CARTESIAN_POINT('',(0.0187149305555556,0.0247307494243363,0.0015));
#13167=CARTESIAN_POINT('',(0.0188098741319445,0.0247094820632252,0.0015));
#13168=CARTESIAN_POINT('',(0.0181407118055555,0.0252685098410029,0.0015));
#13169=CARTESIAN_POINT('',(0.0181407118055555,0.0252685098410029,0.002));
#13170=CARTESIAN_POINT('',(0.0180931134259259,0.0250153269706326,0.0015));
#13171=CARTESIAN_POINT('',(0.0180931134259259,0.0250153269706326,0.002));
#13172=CARTESIAN_POINT('',(0.0182845196759259,0.0248360734984104,0.0015));
#13173=CARTESIAN_POINT('',(0.0182845196759259,0.0248360734984104,0.002));
#13174=CARTESIAN_POINT('',(0.0187149305555556,0.0247307494243363,0.0015));
#13175=CARTESIAN_POINT('',(0.0187149305555556,0.0247307494243363,0.002));
#13176=CARTESIAN_POINT('',(0.0181407118055555,0.0252685098410029,0.0015));
#13177=CARTESIAN_POINT('',(0.0181407118055555,0.0252685098410029,0.0015));
#13178=CARTESIAN_POINT('',(0.0181407118055555,0.0252685098410029,0.0015));
#13179=CARTESIAN_POINT('',(0.0180693142361111,0.0248887355354474,0.0015));
#13180=CARTESIAN_POINT('',(0.0187149305555556,0.0247307494243363,0.0015));
#13181=CARTESIAN_POINT('',(0.0187707221227478,0.0251524699080728,0.0015));
#13182=CARTESIAN_POINT('',(0.0184225043402777,0.0256908188687807,0.0015));
#13183=CARTESIAN_POINT('',(0.0184225043402777,0.0256908188687807,0.0015));
#13184=CARTESIAN_POINT('',(0.0187707221227478,0.0251524699080728,0.0015));
#13185=CARTESIAN_POINT('',(0.0189671006944444,0.0258472858826696,0.0015));
#13186=CARTESIAN_POINT('',(0.0189671006944444,0.0258472858826696,0.002));
#13187=CARTESIAN_POINT('',(0.0187574652777778,0.0258472858826696,0.0015));
#13188=CARTESIAN_POINT('',(0.0187574652777778,0.0258472858826696,0.002));
#13189=CARTESIAN_POINT('',(0.0185759331597222,0.0257951302113733,0.0015));
#13190=CARTESIAN_POINT('',(0.0185759331597222,0.0257951302113733,0.002));
#13191=CARTESIAN_POINT('',(0.0184225043402777,0.0256908188687807,0.0015));
#13192=CARTESIAN_POINT('',(0.0184225043402777,0.0256908188687807,0.002));
#13193=CARTESIAN_POINT('',(0.0189671006944444,0.0258472858826696,0.0015));
#13194=CARTESIAN_POINT('',(0.0189671006944444,0.0258472858826696,0.0015));
#13195=CARTESIAN_POINT('',(0.0189671006944444,0.0258472858826696,0.0015));
#13196=CARTESIAN_POINT('',(0.0186526475694444,0.0258472858826696,0.0015));
#13197=CARTESIAN_POINT('',(0.0184225043402777,0.0256908188687807,0.0015));
#13198=CARTESIAN_POINT('',(0.0196218315972222,0.0251773640076696,0.0015));
#13199=CARTESIAN_POINT('',(0.0196218315972222,0.0251773640076696,0.002));
#13200=CARTESIAN_POINT('',(0.0196279079861111,0.025617902202114,0.0015));
#13201=CARTESIAN_POINT('',(0.0196279079861111,0.025617902202114,0.002));
#13202=CARTESIAN_POINT('',(0.0194096643518518,0.0258412094937807,0.0015));
#13203=CARTESIAN_POINT('',(0.0194096643518518,0.0258412094937807,0.002));
#13204=CARTESIAN_POINT('',(0.0189671006944444,0.0258472858826696,0.0015));
#13205=CARTESIAN_POINT('',(0.0189671006944444,0.0258472858826696,0.002));
#13206=CARTESIAN_POINT('',(0.0196218315972222,0.0251773640076696,0.0015));
#13207=CARTESIAN_POINT('',(0.0196218315972222,0.0251773640076696,0.0015));
#13208=CARTESIAN_POINT('',(0.0196218315972222,0.0251773640076696,0.0015));
#13209=CARTESIAN_POINT('',(0.0196309461805555,0.0258381712993363,0.0015));
#13210=CARTESIAN_POINT('',(0.0189671006944444,0.0258472858826696,0.0015));
#13211=CARTESIAN_POINT('',(0.0202864366319445,0.0251750853618363,0.0015));
#13212=CARTESIAN_POINT('',(0.0209510416666666,0.025172806716003,0.0015));
#13213=CARTESIAN_POINT('',(0.0209510416666666,0.025172806716003,0.0015));
#13214=CARTESIAN_POINT('',(0.0202864366319445,0.0251750853618363,0.0015));
#13215=CARTESIAN_POINT('',(0.0204049262152778,0.0263744126187807,0.0015));
#13216=CARTESIAN_POINT('',(0.0204049262152778,0.0263744126187807,0.002));
#13217=CARTESIAN_POINT('',(0.0207629267939815,0.0260736313687807,0.0015));
#13218=CARTESIAN_POINT('',(0.0207629267939815,0.0260736313687807,0.002));
#13219=CARTESIAN_POINT('',(0.0209449652777778,0.0256730960678548,0.0015));
#13220=CARTESIAN_POINT('',(0.0209449652777778,0.0256730960678548,0.002));
#13221=CARTESIAN_POINT('',(0.0209510416666666,0.025172806716003,0.0015));
#13222=CARTESIAN_POINT('',(0.0209510416666666,0.025172806716003,0.002));
#13223=CARTESIAN_POINT('',(0.0204049262152778,0.0263744126187807,0.0015));
#13224=CARTESIAN_POINT('',(0.0204049262152778,0.0263744126187807,0.0015));
#13225=CARTESIAN_POINT('',(0.0204049262152778,0.0263744126187807,0.0015));
#13226=CARTESIAN_POINT('',(0.0209419270833333,0.0259232407437807,0.0015));
#13227=CARTESIAN_POINT('',(0.0209510416666666,0.025172806716003,0.0015));
#13228=CARTESIAN_POINT('',(0.0190005208333334,0.0268346990771141,0.0015));
#13229=CARTESIAN_POINT('',(0.0190005208333334,0.0268346990771141,0.002));
#13230=CARTESIAN_POINT('',(0.0195787905092592,0.0268286226882252,0.0015));
#13231=CARTESIAN_POINT('',(0.0195787905092592,0.0268286226882252,0.002));
#13232=CARTESIAN_POINT('',(0.020046925636574,0.0266751938687807,0.0015));
#13233=CARTESIAN_POINT('',(0.020046925636574,0.0266751938687807,0.002));
#13234=CARTESIAN_POINT('',(0.0204049262152778,0.0263744126187807,0.0015));
#13235=CARTESIAN_POINT('',(0.0204049262152778,0.0263744126187807,0.002));
#13236=CARTESIAN_POINT('',(0.0190005208333334,0.0268346990771141,0.0015));
#13237=CARTESIAN_POINT('',(0.0190005208333334,0.0268346990771141,0.0015));
#13238=CARTESIAN_POINT('',(0.0190005208333334,0.0268346990771141,0.0015));
#13239=CARTESIAN_POINT('',(0.0198679253472222,0.0268255844937807,0.0015));
#13240=CARTESIAN_POINT('',(0.0204049262152778,0.0263744126187807,0.0015));
#13241=CARTESIAN_POINT('',(0.0175072482638889,0.0263858058479474,0.0015));
#13242=CARTESIAN_POINT('',(0.0175072482638889,0.0263858058479474,0.002));
#13243=CARTESIAN_POINT('',(0.0179204427083333,0.0266911443896141,0.0015));
#13244=CARTESIAN_POINT('',(0.0179204427083333,0.0266911443896141,0.002));
#13245=CARTESIAN_POINT('',(0.0184182002314815,0.026840775466003,0.0015));
#13246=CARTESIAN_POINT('',(0.0184182002314815,0.026840775466003,0.002));
#13247=CARTESIAN_POINT('',(0.0190005208333334,0.0268346990771141,0.0015));
#13248=CARTESIAN_POINT('',(0.0190005208333334,0.0268346990771141,0.002));
#13249=CARTESIAN_POINT('',(0.0175072482638889,0.0263858058479474,0.0015));
#13250=CARTESIAN_POINT('',(0.0175072482638889,0.0263858058479474,0.0015));
#13251=CARTESIAN_POINT('',(0.0175072482638889,0.0263858058479474,0.0015));
#13252=CARTESIAN_POINT('',(0.0181270399305556,0.0268438136604474,0.0015));
#13253=CARTESIAN_POINT('',(0.0190005208333334,0.0268346990771141,0.0015));
#13254=CARTESIAN_POINT('',(0.0168631510416666,0.0252016695632252,0.0015));
#13255=CARTESIAN_POINT('',(0.0168631510416666,0.0252016695632252,0.002));
#13256=CARTESIAN_POINT('',(0.0168793547453703,0.0256857552113733,0.0015));
#13257=CARTESIAN_POINT('',(0.0168793547453703,0.0256857552113733,0.002));
#13258=CARTESIAN_POINT('',(0.0170940538194444,0.0260804673062807,0.0015));
#13259=CARTESIAN_POINT('',(0.0170940538194444,0.0260804673062807,0.002));
#13260=CARTESIAN_POINT('',(0.0175072482638889,0.0263858058479474,0.0015));
#13261=CARTESIAN_POINT('',(0.0175072482638889,0.0263858058479474,0.002));
#13262=CARTESIAN_POINT('',(0.0168631510416666,0.0252016695632252,0.0015));
#13263=CARTESIAN_POINT('',(0.0168631510416666,0.0252016695632252,0.0015));
#13264=CARTESIAN_POINT('',(0.0168631510416666,0.0252016695632252,0.0015));
#13265=CARTESIAN_POINT('',(0.0168874565972222,0.0259277980354474,0.0015));
#13266=CARTESIAN_POINT('',(0.0175072482638889,0.0263858058479474,0.0015));
#13267=CARTESIAN_POINT('',(0.0183549045138889,0.0237114351882252,0.0015));
#13268=CARTESIAN_POINT('',(0.0183549045138889,0.0237114351882252,0.002));
#13269=CARTESIAN_POINT('',(0.0173320457175926,0.023992974540077,0.0015));
#13270=CARTESIAN_POINT('',(0.0173320457175926,0.023992974540077,0.002));
#13271=CARTESIAN_POINT('',(0.0168347945601852,0.0244897193317437,0.0015));
#13272=CARTESIAN_POINT('',(0.0168347945601852,0.0244897193317437,0.002));
#13273=CARTESIAN_POINT('',(0.0168631510416666,0.0252016695632252,0.0015));
#13274=CARTESIAN_POINT('',(0.0168631510416666,0.0252016695632252,0.002));
#13275=CARTESIAN_POINT('',(0.0183549045138889,0.0237114351882252,0.0015));
#13276=CARTESIAN_POINT('',(0.0183549045138889,0.0237114351882252,0.0015));
#13277=CARTESIAN_POINT('',(0.0183549045138889,0.0237114351882252,0.0015));
#13278=CARTESIAN_POINT('',(0.0168206163194445,0.024133744216003,0.0015));
#13279=CARTESIAN_POINT('',(0.0168631510416666,0.0252016695632252,0.0015));
#13280=CARTESIAN_POINT('',(0.0185706163194444,0.0236567476882251,0.0015));
#13281=CARTESIAN_POINT('',(0.0185706163194444,0.0236567476882251,0.0015));
#13282=CARTESIAN_POINT('',(-0.002,0.,0.0015));
#13283=CARTESIAN_POINT('',(0.0128975477430555,0.0251492607090585,0.0015));
#13284=CARTESIAN_POINT('',(0.0121645833333333,0.0235595254660029,0.0015));
#13285=CARTESIAN_POINT('',(0.0121645833333333,0.0235595254660029,0.0015));
#13286=CARTESIAN_POINT('',(0.0128975477430555,0.0251492607090585,0.0015));
#13287=CARTESIAN_POINT('',(0.0136305121527778,0.026738995952114,0.0015));
#13288=CARTESIAN_POINT('',(0.0136305121527778,0.026738995952114,0.0015));
#13289=CARTESIAN_POINT('',(0.0119792534722222,0.0251492607090585,0.0015));
#13290=CARTESIAN_POINT('',(0.0117939236111111,0.026738995952114,0.0015));
#13291=CARTESIAN_POINT('',(0.0117939236111111,0.026738995952114,0.0015));
#13292=CARTESIAN_POINT('',(0.0119792534722222,0.0251492607090585,0.0015));
#13293=CARTESIAN_POINT('',(0.0111012152777778,0.026738995952114,0.0015));
#13294=CARTESIAN_POINT('',(0.0104085069444444,0.026738995952114,0.0015));
#13295=CARTESIAN_POINT('',(0.0104085069444444,0.026738995952114,0.0015));
#13296=CARTESIAN_POINT('',(0.0111012152777778,0.026738995952114,0.0015));
#13297=CARTESIAN_POINT('',(0.0108285373263889,0.0242066608826696,0.0015));
#13298=CARTESIAN_POINT('',(0.0112485677083333,0.0216743258132252,0.0015));
#13299=CARTESIAN_POINT('',(0.0112485677083333,0.0216743258132252,0.0015));
#13300=CARTESIAN_POINT('',(0.0108285373263889,0.0242066608826696,0.0015));
#13301=CARTESIAN_POINT('',(0.0111012152777778,0.0214008883132252,0.0015));
#13302=CARTESIAN_POINT('',(0.0109538628472222,0.0211274508132251,0.0015));
#13303=CARTESIAN_POINT('',(0.0109538628472222,0.0211274508132251,0.0015));
#13304=CARTESIAN_POINT('',(0.0111012152777778,0.0214008883132252,0.0015));
#13305=CARTESIAN_POINT('',(0.00999531249999999,0.0206489351882252,0.0015));
#13306=CARTESIAN_POINT('',(0.00999531249999999,0.0206489351882252,0.002));
#13307=CARTESIAN_POINT('',(0.0104317997685185,0.0206357696789659,0.0015));
#13308=CARTESIAN_POINT('',(0.0104317997685185,0.0206357696789659,0.002));
#13309=CARTESIAN_POINT('',(0.0107513165509259,0.0207952748872993,0.0015));
#13310=CARTESIAN_POINT('',(0.0107513165509259,0.0207952748872993,0.002));
#13311=CARTESIAN_POINT('',(0.0109538628472222,0.0211274508132251,0.0015));
#13312=CARTESIAN_POINT('',(0.0109538628472222,0.0211274508132251,0.002));
#13313=CARTESIAN_POINT('',(0.00999531249999999,0.0206489351882252,0.0015));
#13314=CARTESIAN_POINT('',(0.00999531249999999,0.0206489351882252,0.0015));
#13315=CARTESIAN_POINT('',(0.00999531249999999,0.0206489351882252,0.0015));
#13316=CARTESIAN_POINT('',(0.0106500434027778,0.0206291869243363,0.0015));
#13317=CARTESIAN_POINT('',(0.0109538628472222,0.0211274508132251,0.0015));
#13318=CARTESIAN_POINT('',(0.00990264756944444,0.0206534924798919,0.0015));
#13319=CARTESIAN_POINT('',(0.00980998263888888,0.0206580497715585,0.0015));
#13320=CARTESIAN_POINT('',(0.00980998263888888,0.0206580497715585,0.0015));
#13321=CARTESIAN_POINT('',(0.00990264756944444,0.0206534924798919,0.0015));
#13322=CARTESIAN_POINT('',(0.00975985243055555,0.0201362398757251,0.0015));
#13323=CARTESIAN_POINT('',(0.00970972222222222,0.0196144299798919,0.0015));
#13324=CARTESIAN_POINT('',(0.00970972222222222,0.0196144299798919,0.0015));
#13325=CARTESIAN_POINT('',(0.00975985243055555,0.0201362398757251,0.0015));
#13326=CARTESIAN_POINT('',(0.0103553385416667,0.0195141695632251,0.0015));
#13327=CARTESIAN_POINT('',(0.0103553385416667,0.0195141695632251,0.002));
#13328=CARTESIAN_POINT('',(0.0102064670138889,0.0195141695632251,0.0015));
#13329=CARTESIAN_POINT('',(0.0102064670138889,0.0195141695632251,0.002));
#13330=CARTESIAN_POINT('',(0.00999126157407407,0.019547589702114,0.0015));
#13331=CARTESIAN_POINT('',(0.00999126157407407,0.019547589702114,0.002));
#13332=CARTESIAN_POINT('',(0.00970972222222222,0.0196144299798919,0.0015));
#13333=CARTESIAN_POINT('',(0.00970972222222222,0.0196144299798919,0.002));
#13334=CARTESIAN_POINT('',(0.0103553385416667,0.0195141695632251,0.0015));
#13335=CARTESIAN_POINT('',(0.0103553385416667,0.0195141695632251,0.0015));
#13336=CARTESIAN_POINT('',(0.0103553385416667,0.0195141695632251,0.0015));
#13337=CARTESIAN_POINT('',(0.01013203125,0.0195141695632251,0.0015));
#13338=CARTESIAN_POINT('',(0.00970972222222222,0.0196144299798919,0.0015));
#13339=CARTESIAN_POINT('',(0.0113594618055555,0.0198324204312807,0.0015));
#13340=CARTESIAN_POINT('',(0.0113594618055555,0.0198324204312807,0.002));
#13341=CARTESIAN_POINT('',(0.0110698206018518,0.0196202531859103,0.0015));
#13342=CARTESIAN_POINT('',(0.0110698206018518,0.0196202531859103,0.002));
#13343=CARTESIAN_POINT('',(0.0107351128472222,0.0195141695632251,0.0015));
#13344=CARTESIAN_POINT('',(0.0107351128472222,0.0195141695632251,0.002));
#13345=CARTESIAN_POINT('',(0.0103553385416667,0.0195141695632251,0.0015));
#13346=CARTESIAN_POINT('',(0.0103553385416667,0.0195141695632251,0.002));
#13347=CARTESIAN_POINT('',(0.0113594618055555,0.0198324204312807,0.0015));
#13348=CARTESIAN_POINT('',(0.0113594618055555,0.0198324204312807,0.0015));
#13349=CARTESIAN_POINT('',(0.0113594618055555,0.0198324204312807,0.0015));
#13350=CARTESIAN_POINT('',(0.010925,0.0195141695632251,0.0015));
#13351=CARTESIAN_POINT('',(0.0103553385416667,0.0195141695632251,0.0015));
#13352=CARTESIAN_POINT('',(0.0121174913194444,0.0208297077576696,0.0015));
#13353=CARTESIAN_POINT('',(0.0121174913194444,0.0208297077576696,0.002));
#13354=CARTESIAN_POINT('',(0.0119017795138889,0.0203770167854474,0.0015));
#13355=CARTESIAN_POINT('',(0.0119017795138889,0.0203770167854474,0.002));
#13356=CARTESIAN_POINT('',(0.0116491030092592,0.0200445876766511,0.0015));
#13357=CARTESIAN_POINT('',(0.0116491030092592,0.0200445876766511,0.002));
#13358=CARTESIAN_POINT('',(0.0113594618055555,0.0198324204312807,0.0015));
#13359=CARTESIAN_POINT('',(0.0113594618055555,0.0198324204312807,0.002));
#13360=CARTESIAN_POINT('',(0.0121174913194444,0.0208297077576696,0.0015));
#13361=CARTESIAN_POINT('',(0.0121174913194444,0.0208297077576696,0.0015));
#13362=CARTESIAN_POINT('',(0.0121174913194444,0.0208297077576696,0.0015));
#13363=CARTESIAN_POINT('',(0.0117939236111111,0.0201506712993363,0.0015));
#13364=CARTESIAN_POINT('',(0.0113594618055555,0.0198324204312807,0.0015));
#13365=CARTESIAN_POINT('',(0.0136198784722222,0.0237843518548919,0.0015));
#13366=CARTESIAN_POINT('',(0.015122265625,0.026738995952114,0.0015));
#13367=CARTESIAN_POINT('',(0.015122265625,0.026738995952114,0.0015));
#13368=CARTESIAN_POINT('',(0.0136198784722222,0.0237843518548919,0.0015));
#13369=CARTESIAN_POINT('',(0.0143763888888889,0.026738995952114,0.0015));
#13370=CARTESIAN_POINT('',(0.0143763888888889,0.026738995952114,0.0015));
#13371=CARTESIAN_POINT('',(-0.002,0.,0.0015));
#13372=CARTESIAN_POINT('',(0.00410566146083444,0.0227451317351868,0.0015));
#13373=CARTESIAN_POINT('',(0.00463433312138869,0.0254516623588198,0.0015));
#13374=CARTESIAN_POINT('',(0.00463441840277777,0.0254523206048919,0.0015));
#13375=CARTESIAN_POINT('',(0.00410566146083444,0.0227451317351868,0.0015));
#13376=CARTESIAN_POINT('',(0.00418324652777777,0.0255009317160029,0.0015));
#13377=CARTESIAN_POINT('',(0.00418324652777777,0.0255009317160029,0.0015));
#13378=CARTESIAN_POINT('',(0.00472024739583333,0.0261146469937807,0.0015));
#13379=CARTESIAN_POINT('',(0.00480598342916235,0.0267762560297356,0.0015));
#13380=CARTESIAN_POINT('',(0.00480598342916235,0.0267762560297356,0.0015));
#13381=CARTESIAN_POINT('',(0.00472024739583333,0.0261146469937807,0.0015));
#13382=CARTESIAN_POINT('',(0.00428974570357994,0.0248792123960182,0.0015));
#13383=CARTESIAN_POINT('',(0.00433971354166666,0.0268438136604474,0.0015));
#13384=CARTESIAN_POINT('',(0.00433971354166666,0.0268438136604474,0.0015));
#13385=CARTESIAN_POINT('',(0.00428974570357994,0.0248792123960182,0.0015));
#13386=CARTESIAN_POINT('',(0.00314418402777777,0.0261176851882251,0.0015));
#13387=CARTESIAN_POINT('',(0.00314418402777777,0.0261176851882251,0.002));
#13388=CARTESIAN_POINT('',(0.00346724537037036,0.0266017708363733,0.0015));
#13389=CARTESIAN_POINT('',(0.00346724537037036,0.0266017708363733,0.002));
#13390=CARTESIAN_POINT('',(0.00386575520833333,0.0268438136604474,0.0015));
#13391=CARTESIAN_POINT('',(0.00386575520833333,0.0268438136604474,0.002));
#13392=CARTESIAN_POINT('',(0.00433971354166666,0.0268438136604474,0.0015));
#13393=CARTESIAN_POINT('',(0.00433971354166666,0.0268438136604474,0.002));
#13394=CARTESIAN_POINT('',(0.00314418402777777,0.0261176851882251,0.0015));
#13395=CARTESIAN_POINT('',(0.00314418402777777,0.0261176851882251,0.0015));
#13396=CARTESIAN_POINT('',(0.00314418402777777,0.0261176851882251,0.0015));
#13397=CARTESIAN_POINT('',(0.00362877604166666,0.0268438136604474,0.0015));
#13398=CARTESIAN_POINT('',(0.00433971354166666,0.0268438136604474,0.0015));
#13399=CARTESIAN_POINT('',(0.00320570746527777,0.026430619216003,0.0015));
#13400=CARTESIAN_POINT('',(0.00326723090277778,0.0267435532437807,0.0015));
#13401=CARTESIAN_POINT('',(0.00326723090277778,0.0267435532437807,0.0015));
#13402=CARTESIAN_POINT('',(0.00320570746527777,0.026430619216003,0.0015));
#13403=CARTESIAN_POINT('',(0.00263832465277777,0.0267412745979474,0.0015));
#13404=CARTESIAN_POINT('',(0.00200941840277777,0.026738995952114,0.0015));
#13405=CARTESIAN_POINT('',(0.00200941840277777,0.026738995952114,0.0015));
#13406=CARTESIAN_POINT('',(0.00263832465277777,0.0267412745979474,0.0015));
#13407=CARTESIAN_POINT('',(0.00156280381944444,0.0241709620979474,0.0015));
#13408=CARTESIAN_POINT('',(0.00111618923611111,0.0216029282437807,0.0015));
#13409=CARTESIAN_POINT('',(0.00111618923611111,0.0216029282437807,0.0015));
#13410=CARTESIAN_POINT('',(0.00156280381944444,0.0241709620979474,0.0015));
#13411=CARTESIAN_POINT('',(0.0017861111111111,0.0216029282437807,0.0015));
#13412=CARTESIAN_POINT('',(0.00245603298611111,0.0216029282437807,0.0015));
#13413=CARTESIAN_POINT('',(0.00245603298611111,0.0216029282437807,0.0015));
#13414=CARTESIAN_POINT('',(0.0017861111111111,0.0216029282437807,0.0015));
#13415=CARTESIAN_POINT('',(0.00275225694444444,0.0232838093201696,0.0015));
#13416=CARTESIAN_POINT('',(0.00304848090277777,0.0249646903965585,0.0015));
#13417=CARTESIAN_POINT('',(0.00304848090277777,0.0249646903965585,0.0015));
#13418=CARTESIAN_POINT('',(0.00275225694444444,0.0232838093201696,0.0015));
#13419=CARTESIAN_POINT('',(0.00418324652777777,0.0255009317160029,0.0015));
#13420=CARTESIAN_POINT('',(0.00418324652777777,0.0255009317160029,0.002));
#13421=CARTESIAN_POINT('',(0.00370523726851851,0.0255130844937807,0.0015));
#13422=CARTESIAN_POINT('',(0.00370523726851851,0.0255130844937807,0.002));
#13423=CARTESIAN_POINT('',(0.00332698206018518,0.0253343373872992,0.0015));
#13424=CARTESIAN_POINT('',(0.00332698206018518,0.0253343373872992,0.002));
#13425=CARTESIAN_POINT('',(0.00304848090277777,0.0249646903965585,0.0015));
#13426=CARTESIAN_POINT('',(0.00304848090277777,0.0249646903965585,0.002));
#13427=CARTESIAN_POINT('',(0.00418324652777777,0.0255009317160029,0.0015));
#13428=CARTESIAN_POINT('',(0.00346623263888889,0.0255191608826696,0.0015));
#13429=CARTESIAN_POINT('',(0.00304848090277777,0.0249646903965585,0.0015));
#13430=CARTESIAN_POINT('',(-0.002,0.,0.0015));
#13431=CARTESIAN_POINT('',(-0.0021167936479325,-0.00199462458121397,0.0015));
#13432=CARTESIAN_POINT('',(-0.00151259748820354,0.0010985532572061,0.0015));
#13433=CARTESIAN_POINT('',(-0.0015125,0.00109930555555555,0.0015));
#13434=CARTESIAN_POINT('',(-0.0021167936479325,-0.00199462458121397,0.0015));
#13435=CARTESIAN_POINT('',(-0.002028125,0.00115486111111111,0.0015));
#13436=CARTESIAN_POINT('',(-0.002028125,0.00115486111111111,0.0015));
#13437=CARTESIAN_POINT('',(-0.00141440972222222,0.00185625,0.0015));
#13438=CARTESIAN_POINT('',(-0.00131642568413187,0.00261237461252021,0.0015));
#13439=CARTESIAN_POINT('',(-0.00131642568413187,0.00261237461252021,0.0015));
#13440=CARTESIAN_POINT('',(-0.00141440972222222,0.00185625,0.0015));
#13441=CARTESIAN_POINT('',(-0.00190641165622821,0.000444324745386373,0.0015));
#13442=CARTESIAN_POINT('',(-0.00184930555555555,0.00268958333333333,0.0015));
#13443=CARTESIAN_POINT('',(-0.00184930555555555,0.00268958333333333,0.0015));
#13444=CARTESIAN_POINT('',(-0.00190641165622821,0.000444324745386373,0.0015));
#13445=CARTESIAN_POINT('',(-0.003215625,0.00185972222222222,0.0015));
#13446=CARTESIAN_POINT('',(-0.003215625,0.00185972222222222,0.002));
#13447=CARTESIAN_POINT('',(-0.00284641203703704,0.00241296296296296,0.0015));
#13448=CARTESIAN_POINT('',(-0.00284641203703704,0.00241296296296296,0.002));
#13449=CARTESIAN_POINT('',(-0.00239097222222222,0.00268958333333333,0.0015));
#13450=CARTESIAN_POINT('',(-0.00239097222222222,0.00268958333333333,0.002));
#13451=CARTESIAN_POINT('',(-0.00184930555555555,0.00268958333333333,0.0015));
#13452=CARTESIAN_POINT('',(-0.00184930555555555,0.00268958333333333,0.002));
#13453=CARTESIAN_POINT('',(-0.003215625,0.00185972222222222,0.0015));
#13454=CARTESIAN_POINT('',(-0.003215625,0.00185972222222222,0.0015));
#13455=CARTESIAN_POINT('',(-0.003215625,0.00185972222222222,0.0015));
#13456=CARTESIAN_POINT('',(-0.00266180555555556,0.00268958333333333,0.0015));
#13457=CARTESIAN_POINT('',(-0.00184930555555555,0.00268958333333333,0.0015));
#13458=CARTESIAN_POINT('',(-0.0031453125,0.00221736111111111,0.0015));
#13459=CARTESIAN_POINT('',(-0.003075,0.002575,0.0015));
#13460=CARTESIAN_POINT('',(-0.003075,0.002575,0.0015));
#13461=CARTESIAN_POINT('',(-0.0031453125,0.00221736111111111,0.0015));
#13462=CARTESIAN_POINT('',(-0.00379375,0.00257239583333333,0.0015));
#13463=CARTESIAN_POINT('',(-0.0045125,0.00256979166666667,0.0015));
#13464=CARTESIAN_POINT('',(-0.0045125,0.00256979166666667,0.0015));
#13465=CARTESIAN_POINT('',(-0.00379375,0.00257239583333333,0.0015));
#13466=CARTESIAN_POINT('',(-0.00502291666666667,-0.000365104166666667,0.0015));
#13467=CARTESIAN_POINT('',(-0.00553333333333333,-0.0033,0.0015));
#13468=CARTESIAN_POINT('',(-0.00553333333333333,-0.0033,0.0015));
#13469=CARTESIAN_POINT('',(-0.00502291666666667,-0.000365104166666667,0.0015));
#13470=CARTESIAN_POINT('',(-0.00476770833333333,-0.0033,0.0015));
#13471=CARTESIAN_POINT('',(-0.00400208333333333,-0.0033,0.0015));
#13472=CARTESIAN_POINT('',(-0.00400208333333333,-0.0033,0.0015));
#13473=CARTESIAN_POINT('',(-0.00476770833333333,-0.0033,0.0015));
#13474=CARTESIAN_POINT('',(-0.00366354166666667,-0.00137899305555555,0.0015));
#13475=CARTESIAN_POINT('',(-0.003325,0.000542013888888889,0.0015));
#13476=CARTESIAN_POINT('',(-0.003325,0.000542013888888889,0.0015));
#13477=CARTESIAN_POINT('',(-0.00366354166666667,-0.00137899305555555,0.0015));
#13478=CARTESIAN_POINT('',(-0.002028125,0.00115486111111111,0.0015));
#13479=CARTESIAN_POINT('',(-0.002028125,0.00115486111111111,0.002));
#13480=CARTESIAN_POINT('',(-0.0025744212962963,0.00116875,0.0015));
#13481=CARTESIAN_POINT('',(-0.0025744212962963,0.00116875,0.002));
#13482=CARTESIAN_POINT('',(-0.00300671296296296,0.000964467592592592,0.0015));
#13483=CARTESIAN_POINT('',(-0.00300671296296296,0.000964467592592592,0.002));
#13484=CARTESIAN_POINT('',(-0.003325,0.000542013888888888,0.0015));
#13485=CARTESIAN_POINT('',(-0.003325,0.000542013888888888,0.002));
#13486=CARTESIAN_POINT('',(-0.002028125,0.00115486111111111,0.0015));
#13487=CARTESIAN_POINT('',(-0.00284756944444444,0.00117569444444444,0.0015));
#13488=CARTESIAN_POINT('',(-0.003325,0.000542013888888888,0.0015));
#13489=CARTESIAN_POINT('',(-0.002,0.,0.0015));
#13490=CARTESIAN_POINT('',(0.0128980902777778,0.00222777777777778,0.0015));
#13491=CARTESIAN_POINT('',(0.0129631944444444,0.002575,0.0015));
#13492=CARTESIAN_POINT('',(0.0129631944444444,0.002575,0.0015));
#13493=CARTESIAN_POINT('',(0.0128980902777778,0.00222777777777778,0.0015));
#13494=CARTESIAN_POINT('',(0.0128329861111111,0.00188055555555556,0.0015));
#13495=CARTESIAN_POINT('',(0.0128329861111111,0.00188055555555556,0.0015));
#13496=CARTESIAN_POINT('',(0.0122470486111111,0.00257239583333333,0.0015));
#13497=CARTESIAN_POINT('',(0.0115309027777778,0.00256979166666667,0.0015));
#13498=CARTESIAN_POINT('',(0.0115309027777778,0.00256979166666667,0.0015));
#13499=CARTESIAN_POINT('',(0.0122470486111111,0.00257239583333333,0.0015));
#13500=CARTESIAN_POINT('',(0.0110213541666667,-0.000365104166666667,0.0015));
#13501=CARTESIAN_POINT('',(0.0105118055555555,-0.0033,0.0015));
#13502=CARTESIAN_POINT('',(0.0105118055555555,-0.0033,0.0015));
#13503=CARTESIAN_POINT('',(0.0110213541666667,-0.000365104166666667,0.0015));
#13504=CARTESIAN_POINT('',(0.0112765625,-0.0033,0.0015));
#13505=CARTESIAN_POINT('',(0.0120413194444444,-0.0033,0.0015));
#13506=CARTESIAN_POINT('',(0.0120413194444444,-0.0033,0.0015));
#13507=CARTESIAN_POINT('',(0.0112765625,-0.0033,0.0015));
#13508=CARTESIAN_POINT('',(0.0124076388888889,-0.00122708333333333,0.0015));
#13509=CARTESIAN_POINT('',(0.0127739583333333,0.000845833333333332,0.0015));
#13510=CARTESIAN_POINT('',(0.0127739583333333,0.000845833333333332,0.0015));
#13511=CARTESIAN_POINT('',(0.0124076388888889,-0.00122708333333333,0.0015));
#13512=CARTESIAN_POINT('',(0.0138538194444444,0.001403125,0.0015));
#13513=CARTESIAN_POINT('',(0.0138538194444444,0.001403125,0.002));
#13514=CARTESIAN_POINT('',(0.0134521990740741,0.0014181712962963,0.0015));
#13515=CARTESIAN_POINT('',(0.0134521990740741,0.0014181712962963,0.002));
#13516=CARTESIAN_POINT('',(0.0130922453703704,0.00123240740740741,0.0015));
#13517=CARTESIAN_POINT('',(0.0130922453703704,0.00123240740740741,0.002));
#13518=CARTESIAN_POINT('',(0.0127739583333333,0.000845833333333332,0.0015));
#13519=CARTESIAN_POINT('',(0.0127739583333333,0.000845833333333332,0.002));
#13520=CARTESIAN_POINT('',(0.0138538194444444,0.001403125,0.0015));
#13521=CARTESIAN_POINT('',(0.0138538194444444,0.001403125,0.0015));
#13522=CARTESIAN_POINT('',(0.0138538194444444,0.001403125,0.0015));
#13523=CARTESIAN_POINT('',(0.0132513888888889,0.00142569444444444,0.0015));
#13524=CARTESIAN_POINT('',(0.0127739583333333,0.000845833333333332,0.0015));
#13525=CARTESIAN_POINT('',(0.0145482638888889,0.000833680555555555,0.0015));
#13526=CARTESIAN_POINT('',(0.0145482638888889,0.000833680555555555,0.002));
#13527=CARTESIAN_POINT('',(0.0145008101851852,0.00120289351851852,0.0015));
#13528=CARTESIAN_POINT('',(0.0145008101851852,0.00120289351851852,0.002));
#13529=CARTESIAN_POINT('',(0.0142693287037037,0.00139270833333333,0.0015));
#13530=CARTESIAN_POINT('',(0.0142693287037037,0.00139270833333333,0.002));
#13531=CARTESIAN_POINT('',(0.0138538194444444,0.001403125,0.0015));
#13532=CARTESIAN_POINT('',(0.0138538194444444,0.001403125,0.002));
#13533=CARTESIAN_POINT('',(0.0145482638888889,0.000833680555555555,0.0015));
#13534=CARTESIAN_POINT('',(0.0145482638888889,0.000833680555555555,0.0015));
#13535=CARTESIAN_POINT('',(0.0145482638888889,0.000833680555555555,0.0015));
#13536=CARTESIAN_POINT('',(0.0144770833333333,0.0013875,0.0015));
#13537=CARTESIAN_POINT('',(0.0138538194444444,0.001403125,0.0015));
#13538=CARTESIAN_POINT('',(0.0127826754222855,0.000699810068433964,0.0015));
#13539=CARTESIAN_POINT('',(0.0145361111111111,0.000448263888888889,0.0015));
#13540=CARTESIAN_POINT('',(0.0145359350949145,0.000448289140001366,0.00150000025));
#13541=CARTESIAN_POINT('',(0.0127826754222855,0.000699810068433964,0.0015));
#13542=CARTESIAN_POINT('',(0.014221875,-0.00142586805555556,0.0015));
#13543=CARTESIAN_POINT('',(0.0139076388888889,-0.0033,0.0015));
#13544=CARTESIAN_POINT('',(0.0139076388888889,-0.0033,0.0015));
#13545=CARTESIAN_POINT('',(0.014221875,-0.00142586805555556,0.0015));
#13546=CARTESIAN_POINT('',(0.0146723958333333,-0.0033,0.0015));
#13547=CARTESIAN_POINT('',(0.0154371527777778,-0.0033,0.0015));
#13548=CARTESIAN_POINT('',(0.0154371527777778,-0.0033,0.0015));
#13549=CARTESIAN_POINT('',(0.0146723958333333,-0.0033,0.0015));
#13550=CARTESIAN_POINT('',(0.0157461805555555,-0.00143368055555556,0.0015));
#13551=CARTESIAN_POINT('',(0.0160552083333334,0.000432638888888887,0.0015));
#13552=CARTESIAN_POINT('',(0.0160552083333334,0.000432638888888887,0.0015));
#13553=CARTESIAN_POINT('',(0.0157461805555555,-0.00143368055555556,0.0015));
#13554=CARTESIAN_POINT('',(0.01576875,0.00207065972222222,0.0015));
#13555=CARTESIAN_POINT('',(0.01576875,0.00207065972222222,0.002));
#13556=CARTESIAN_POINT('',(0.0160326388888889,0.0016765625,0.0015));
#13557=CARTESIAN_POINT('',(0.0160326388888889,0.0016765625,0.002));
#13558=CARTESIAN_POINT('',(0.016128125,0.00113055555555555,0.0015));
#13559=CARTESIAN_POINT('',(0.016128125,0.00113055555555555,0.002));
#13560=CARTESIAN_POINT('',(0.0160552083333334,0.000432638888888888,0.0015));
#13561=CARTESIAN_POINT('',(0.0160552083333334,0.000432638888888888,0.002));
#13562=CARTESIAN_POINT('',(0.01576875,0.00207065972222222,0.0015));
#13563=CARTESIAN_POINT('',(0.01576875,0.00207065972222222,0.0015));
#13564=CARTESIAN_POINT('',(0.01576875,0.00207065972222222,0.0015));
#13565=CARTESIAN_POINT('',(0.0161645833333334,0.00147951388888889,0.0015));
#13566=CARTESIAN_POINT('',(0.0160552083333334,0.000432638888888888,0.0015));
#13567=CARTESIAN_POINT('',(0.0145430555555556,0.00267916666666667,0.0015));
#13568=CARTESIAN_POINT('',(0.0145430555555556,0.00267916666666667,0.002));
#13569=CARTESIAN_POINT('',(0.0150962962962963,0.00266759259259259,0.0015));
#13570=CARTESIAN_POINT('',(0.0150962962962963,0.00266759259259259,0.002));
#13571=CARTESIAN_POINT('',(0.0155048611111111,0.00246475694444444,0.0015));
#13572=CARTESIAN_POINT('',(0.0155048611111111,0.00246475694444444,0.002));
#13573=CARTESIAN_POINT('',(0.01576875,0.00207065972222222,0.0015));
#13574=CARTESIAN_POINT('',(0.01576875,0.00207065972222222,0.002));
#13575=CARTESIAN_POINT('',(0.0145430555555556,0.00267916666666667,0.0015));
#13576=CARTESIAN_POINT('',(0.0145430555555556,0.00267916666666667,0.0015));
#13577=CARTESIAN_POINT('',(0.0145430555555556,0.00267916666666667,0.0015));
#13578=CARTESIAN_POINT('',(0.0153729166666666,0.00266180555555556,0.0015));
#13579=CARTESIAN_POINT('',(0.01576875,0.00207065972222222,0.0015));
#13580=CARTESIAN_POINT('',(0.0128329861111111,0.00188055555555556,0.0015));
#13581=CARTESIAN_POINT('',(0.0128329861111111,0.00188055555555556,0.002));
#13582=CARTESIAN_POINT('',(0.0133028935185185,0.00242685185185185,0.0015));
#13583=CARTESIAN_POINT('',(0.0133028935185185,0.00242685185185185,0.002));
#13584=CARTESIAN_POINT('',(0.0138729166666667,0.00269305555555555,0.0015));
#13585=CARTESIAN_POINT('',(0.0138729166666667,0.00269305555555555,0.002));
#13586=CARTESIAN_POINT('',(0.0145430555555556,0.00267916666666667,0.0015));
#13587=CARTESIAN_POINT('',(0.0145430555555556,0.00267916666666667,0.002));
#13588=CARTESIAN_POINT('',(0.0128329861111111,0.00188055555555556,0.0015));
#13589=CARTESIAN_POINT('',(0.0135378472222222,0.0027,0.0015));
#13590=CARTESIAN_POINT('',(0.0145430555555556,0.00267916666666667,0.0015));
#13591=CARTESIAN_POINT('',(-0.002,0.,0.0015));
#13592=CARTESIAN_POINT('',(0.0196116319444444,0.00329201388888889,0.0015));
#13593=CARTESIAN_POINT('',(0.0197392361111111,0.00401423611111111,0.0015));
#13594=CARTESIAN_POINT('',(0.0197392361111111,0.00401423611111111,0.0015));
#13595=CARTESIAN_POINT('',(0.0196116319444444,0.00329201388888889,0.0015));
#13596=CARTESIAN_POINT('',(0.0194840277777777,0.00256979166666667,0.0015));
#13597=CARTESIAN_POINT('',(0.0194840277777777,0.00256979166666667,0.0015));
#13598=CARTESIAN_POINT('',(0.018971875,0.00401423611111111,0.0015));
#13599=CARTESIAN_POINT('',(0.0182045138888889,0.00401423611111111,0.0015));
#13600=CARTESIAN_POINT('',(0.0182045138888889,0.00401423611111111,0.0015));
#13601=CARTESIAN_POINT('',(0.018971875,0.00401423611111111,0.0015));
#13602=CARTESIAN_POINT('',(0.0180795138888889,0.00329201388888889,0.0015));
#13603=CARTESIAN_POINT('',(0.0179545138888889,0.00256979166666667,0.0015));
#13604=CARTESIAN_POINT('',(0.0179545138888889,0.00256979166666667,0.0015));
#13605=CARTESIAN_POINT('',(0.0180795138888889,0.00329201388888889,0.0015));
#13606=CARTESIAN_POINT('',(0.0175395833333334,0.00256979166666667,0.0015));
#13607=CARTESIAN_POINT('',(0.0171246527777778,0.00256979166666667,0.0015));
#13608=CARTESIAN_POINT('',(0.0171246527777778,0.00256979166666667,0.0015));
#13609=CARTESIAN_POINT('',(0.0175395833333334,0.00256979166666667,0.0015));
#13610=CARTESIAN_POINT('',(0.0170239583333333,0.00199513888888889,0.0015));
#13611=CARTESIAN_POINT('',(0.0169232638888889,0.00142048611111111,0.0015));
#13612=CARTESIAN_POINT('',(0.0169232638888889,0.00142048611111111,0.0015));
#13613=CARTESIAN_POINT('',(0.0170239583333333,0.00199513888888889,0.0015));
#13614=CARTESIAN_POINT('',(0.0173381944444444,0.00142048611111111,0.0015));
#13615=CARTESIAN_POINT('',(0.017753125,0.00142048611111111,0.0015));
#13616=CARTESIAN_POINT('',(0.017753125,0.00142048611111111,0.0015));
#13617=CARTESIAN_POINT('',(0.0173381944444444,0.00142048611111111,0.0015));
#13618=CARTESIAN_POINT('',(0.0175013888888889,-0.000128993055555556,0.0015));
#13619=CARTESIAN_POINT('',(0.0172496527777778,-0.00167847222222222,0.0015));
#13620=CARTESIAN_POINT('',(0.0172496527777778,-0.00167847222222222,0.0015));
#13621=CARTESIAN_POINT('',(0.0175013888888889,-0.000128993055555556,0.0015));
#13622=CARTESIAN_POINT('',(0.0175526041666666,-0.00292586805555556,0.0015));
#13623=CARTESIAN_POINT('',(0.0175526041666666,-0.00292586805555556,0.002));
#13624=CARTESIAN_POINT('',(0.0173066550925926,-0.00261857638888889,0.0015));
#13625=CARTESIAN_POINT('',(0.0173066550925926,-0.00261857638888889,0.002));
#13626=CARTESIAN_POINT('',(0.0172056712962963,-0.00220277777777778,0.0015));
#13627=CARTESIAN_POINT('',(0.0172056712962963,-0.00220277777777778,0.002));
#13628=CARTESIAN_POINT('',(0.0172496527777778,-0.00167847222222223,0.0015));
#13629=CARTESIAN_POINT('',(0.0172496527777778,-0.00167847222222223,0.002));
#13630=CARTESIAN_POINT('',(0.0175526041666666,-0.00292586805555556,0.0015));
#13631=CARTESIAN_POINT('',(0.0175526041666666,-0.00292586805555556,0.0015));
#13632=CARTESIAN_POINT('',(0.0175526041666666,-0.00292586805555556,0.0015));
#13633=CARTESIAN_POINT('',(0.0171836805555555,-0.00246493055555556,0.0015));
#13634=CARTESIAN_POINT('',(0.0172496527777778,-0.00167847222222223,0.0015));
#13635=CARTESIAN_POINT('',(0.018675,-0.00339722222222222,0.0015));
#13636=CARTESIAN_POINT('',(0.018675,-0.00339722222222222,0.002));
#13637=CARTESIAN_POINT('',(0.0181726851851852,-0.00339027777777778,0.0015));
#13638=CARTESIAN_POINT('',(0.0181726851851852,-0.00339027777777778,0.002));
#13639=CARTESIAN_POINT('',(0.0177985532407407,-0.00323315972222222,0.0015));
#13640=CARTESIAN_POINT('',(0.0177985532407407,-0.00323315972222222,0.002));
#13641=CARTESIAN_POINT('',(0.0175526041666666,-0.00292586805555556,0.0015));
#13642=CARTESIAN_POINT('',(0.0175526041666666,-0.00292586805555556,0.002));
#13643=CARTESIAN_POINT('',(0.018675,-0.00339722222222222,0.0015));
#13644=CARTESIAN_POINT('',(0.018675,-0.00339722222222222,0.0015));
#13645=CARTESIAN_POINT('',(0.018675,-0.00339722222222222,0.0015));
#13646=CARTESIAN_POINT('',(0.0179215277777778,-0.00338680555555556,0.0015));
#13647=CARTESIAN_POINT('',(0.0175526041666666,-0.00292586805555556,0.0015));
#13648=CARTESIAN_POINT('',(0.0187672111745498,-0.000859282585811164,0.0015));
#13649=CARTESIAN_POINT('',(0.0195551503981271,-0.0032728671247176,0.0015));
#13650=CARTESIAN_POINT('',(0.0195551503922691,-0.00327286712005335,0.0015));
#13651=CARTESIAN_POINT('',(0.0187672111745498,-0.000859282585811164,0.0015));
#13652=CARTESIAN_POINT('',(0.0196090277777778,-0.00267326388888889,0.0015));
#13653=CARTESIAN_POINT('',(0.0196628472222222,-0.00207430555555556,0.0015));
#13654=CARTESIAN_POINT('',(0.0196628472222222,-0.00207430555555556,0.0015));
#13655=CARTESIAN_POINT('',(0.0196090277777778,-0.00267326388888889,0.0015));
#13656=CARTESIAN_POINT('',(0.0191958333333333,-0.00210034722222222,0.0015));
#13657=CARTESIAN_POINT('',(0.0191958333333333,-0.00210034722222222,0.002));
#13658=CARTESIAN_POINT('',(0.0192537037037037,-0.00210381944444444,0.0015));
#13659=CARTESIAN_POINT('',(0.0192537037037037,-0.00210381944444444,0.002));
#13660=CARTESIAN_POINT('',(0.019409375,-0.00209513888888889,0.0015));
#13661=CARTESIAN_POINT('',(0.019409375,-0.00209513888888889,0.002));
#13662=CARTESIAN_POINT('',(0.0196628472222222,-0.00207430555555556,0.0015));
#13663=CARTESIAN_POINT('',(0.0196628472222222,-0.00207430555555556,0.002));
#13664=CARTESIAN_POINT('',(0.0191958333333333,-0.00210034722222222,0.0015));
#13665=CARTESIAN_POINT('',(0.0191958333333333,-0.00210034722222222,0.0015));
#13666=CARTESIAN_POINT('',(0.0191958333333333,-0.00210034722222222,0.0015));
#13667=CARTESIAN_POINT('',(0.0192826388888889,-0.00210555555555555,0.0015));
#13668=CARTESIAN_POINT('',(0.0196628472222222,-0.00207430555555556,0.0015));
#13669=CARTESIAN_POINT('',(0.0188277777777778,-0.00194322916666667,0.0015));
#13670=CARTESIAN_POINT('',(0.0188277777777778,-0.00194322916666667,0.002));
#13671=CARTESIAN_POINT('',(0.0188787037037037,-0.00204103009259259,0.0015));
#13672=CARTESIAN_POINT('',(0.0188787037037037,-0.00204103009259259,0.002));
#13673=CARTESIAN_POINT('',(0.0190013888888889,-0.00209340277777778,0.0015));
#13674=CARTESIAN_POINT('',(0.0190013888888889,-0.00209340277777778,0.002));
#13675=CARTESIAN_POINT('',(0.0191958333333333,-0.00210034722222222,0.0015));
#13676=CARTESIAN_POINT('',(0.0191958333333333,-0.00210034722222222,0.002));
#13677=CARTESIAN_POINT('',(0.0188277777777778,-0.00194322916666667,0.0015));
#13678=CARTESIAN_POINT('',(0.0188277777777778,-0.00194322916666667,0.0015));
#13679=CARTESIAN_POINT('',(0.0188277777777778,-0.00194322916666667,0.0015));
#13680=CARTESIAN_POINT('',(0.0189041666666666,-0.00208993055555556,0.0015));
#13681=CARTESIAN_POINT('',(0.0191958333333333,-0.00210034722222222,0.0015));
#13682=CARTESIAN_POINT('',(0.018784375,-0.00152048611111111,0.0015));
#13683=CARTESIAN_POINT('',(0.018784375,-0.00152048611111111,0.002));
#13684=CARTESIAN_POINT('',(0.0187623842592593,-0.00170451388888889,0.0015));
#13685=CARTESIAN_POINT('',(0.0187623842592593,-0.00170451388888889,0.002));
#13686=CARTESIAN_POINT('',(0.0187768518518519,-0.00184542824074074,0.0015));
#13687=CARTESIAN_POINT('',(0.0187768518518519,-0.00184542824074074,0.002));
#13688=CARTESIAN_POINT('',(0.0188277777777778,-0.00194322916666667,0.0015));
#13689=CARTESIAN_POINT('',(0.0188277777777778,-0.00194322916666667,0.002));
#13690=CARTESIAN_POINT('',(0.018784375,-0.00152048611111111,0.0015));
#13691=CARTESIAN_POINT('',(0.018784375,-0.00152048611111111,0.0015));
#13692=CARTESIAN_POINT('',(0.018784375,-0.00152048611111111,0.0015));
#13693=CARTESIAN_POINT('',(0.0187513888888889,-0.00179652777777778,0.0015));
#13694=CARTESIAN_POINT('',(0.0188277777777778,-0.00194322916666667,0.0015));
#13695=CARTESIAN_POINT('',(0.0190335069444444,-5.E-5,0.0015));
#13696=CARTESIAN_POINT('',(0.0192826388888889,0.00142048611111111,0.0015));
#13697=CARTESIAN_POINT('',(0.0192826388888889,0.00142048611111111,0.0015));
#13698=CARTESIAN_POINT('',(0.0190335069444444,-5.E-5,0.0015));
#13699=CARTESIAN_POINT('',(0.0197713541666667,0.00142048611111111,0.0015));
#13700=CARTESIAN_POINT('',(0.0202600694444444,0.00142048611111111,0.0015));
#13701=CARTESIAN_POINT('',(0.0202600694444444,0.00142048611111111,0.0015));
#13702=CARTESIAN_POINT('',(0.0197713541666667,0.00142048611111111,0.0015));
#13703=CARTESIAN_POINT('',(0.0203607638888889,0.00199513888888888,0.0015));
#13704=CARTESIAN_POINT('',(0.0204614583333334,0.00256979166666667,0.0015));
#13705=CARTESIAN_POINT('',(0.0204614583333334,0.00256979166666667,0.0015));
#13706=CARTESIAN_POINT('',(0.0203607638888889,0.00199513888888888,0.0015));
#13707=CARTESIAN_POINT('',(0.0199727430555555,0.00256979166666667,0.0015));
#13708=CARTESIAN_POINT('',(0.0199727430555555,0.00256979166666667,0.0015));
#13709=CARTESIAN_POINT('',(-0.002,0.,0.0015));
#13710=CARTESIAN_POINT('',(-0.00604255642361112,0.022746808452114,0.0015));
#13711=CARTESIAN_POINT('',(-0.00750924479166667,0.022746808452114,0.0015));
#13712=CARTESIAN_POINT('',(-0.00750924479166667,0.022746808452114,0.0015));
#13713=CARTESIAN_POINT('',(-0.00604255642361112,0.022746808452114,0.0015));
#13714=CARTESIAN_POINT('',(-0.00457586805555556,0.022746808452114,0.0015));
#13715=CARTESIAN_POINT('',(-0.00457586805555556,0.022746808452114,0.0015));
#13716=CARTESIAN_POINT('',(-0.00700870225694445,0.025630814528503,0.0015));
#13717=CARTESIAN_POINT('',(-0.00650815972222223,0.0285148206048919,0.0015));
#13718=CARTESIAN_POINT('',(-0.00650815972222223,0.0285148206048919,0.0015));
#13719=CARTESIAN_POINT('',(-0.00700870225694445,0.025630814528503,0.0015));
#13720=CARTESIAN_POINT('',(-0.00720390625,0.0285148206048919,0.0015));
#13721=CARTESIAN_POINT('',(-0.00789965277777778,0.0285148206048919,0.0015));
#13722=CARTESIAN_POINT('',(-0.00789965277777778,0.0285148206048919,0.0015));
#13723=CARTESIAN_POINT('',(-0.00720390625,0.0285148206048919,0.0015));
#13724=CARTESIAN_POINT('',(-0.00849969618055556,0.0250588744243363,0.0015));
#13725=CARTESIAN_POINT('',(-0.00909973958333334,0.0216029282437807,0.0015));
#13726=CARTESIAN_POINT('',(-0.00909973958333334,0.0216029282437807,0.0015));
#13727=CARTESIAN_POINT('',(-0.00849969618055556,0.0250588744243363,0.0015));
#13728=CARTESIAN_POINT('',(-0.0069373046875,0.0216029282437807,0.0015));
#13729=CARTESIAN_POINT('',(-0.00477486979166667,0.0216029282437807,0.0015));
#13730=CARTESIAN_POINT('',(-0.00477486979166667,0.0216029282437807,0.0015));
#13731=CARTESIAN_POINT('',(-0.0069373046875,0.0216029282437807,0.0015));
#13732=CARTESIAN_POINT('',(-0.00467536892361112,0.0221748683479474,0.0015));
#13733=CARTESIAN_POINT('',(-0.00467536892361112,0.0221748683479474,0.0015));
#13734=CARTESIAN_POINT('',(-0.002,0.,0.0015));
#13735=CARTESIAN_POINT('',(0.020037953127501,0.0113701317351872,0.0015));
#13736=CARTESIAN_POINT('',(0.0205666247672664,0.0140766623438362,0.0015));
#13737=CARTESIAN_POINT('',(0.0205667100694444,0.0140773206048918,0.0015));
#13738=CARTESIAN_POINT('',(0.020037953127501,0.0113701317351872,0.0015));
#13739=CARTESIAN_POINT('',(0.0201155381944444,0.0141259317160029,0.0015));
#13740=CARTESIAN_POINT('',(0.0201155381944444,0.0141259317160029,0.0015));
#13741=CARTESIAN_POINT('',(0.0206525390625,0.0147396469937807,0.0015));
#13742=CARTESIAN_POINT('',(0.0207382750958291,0.0154012560297359,0.0015));
#13743=CARTESIAN_POINT('',(0.0207382750958291,0.0154012560297359,0.0015));
#13744=CARTESIAN_POINT('',(0.0206525390625,0.0147396469937807,0.0015));
#13745=CARTESIAN_POINT('',(0.0202220373702447,0.0135042123959945,0.0015));
#13746=CARTESIAN_POINT('',(0.0202720052083333,0.0154688136604474,0.0015));
#13747=CARTESIAN_POINT('',(0.0202720052083333,0.0154688136604474,0.0015));
#13748=CARTESIAN_POINT('',(0.0202220373702447,0.0135042123959945,0.0015));
#13749=CARTESIAN_POINT('',(0.0190764756944444,0.0147426851882252,0.0015));
#13750=CARTESIAN_POINT('',(0.0190764756944444,0.0147426851882252,0.002));
#13751=CARTESIAN_POINT('',(0.0193995370370371,0.0152267708363733,0.0015));
#13752=CARTESIAN_POINT('',(0.0193995370370371,0.0152267708363733,0.002));
#13753=CARTESIAN_POINT('',(0.019798046875,0.0154688136604474,0.0015));
#13754=CARTESIAN_POINT('',(0.019798046875,0.0154688136604474,0.002));
#13755=CARTESIAN_POINT('',(0.0202720052083333,0.0154688136604474,0.0015));
#13756=CARTESIAN_POINT('',(0.0202720052083333,0.0154688136604474,0.002));
#13757=CARTESIAN_POINT('',(0.0190764756944444,0.0147426851882252,0.0015));
#13758=CARTESIAN_POINT('',(0.0190764756944444,0.0147426851882252,0.0015));
#13759=CARTESIAN_POINT('',(0.0190764756944444,0.0147426851882252,0.0015));
#13760=CARTESIAN_POINT('',(0.0195610677083334,0.0154688136604474,0.0015));
#13761=CARTESIAN_POINT('',(0.0202720052083333,0.0154688136604474,0.0015));
#13762=CARTESIAN_POINT('',(0.0191379991319445,0.0150556192160029,0.0015));
#13763=CARTESIAN_POINT('',(0.0191995225694445,0.0153685532437807,0.0015));
#13764=CARTESIAN_POINT('',(0.0191995225694445,0.0153685532437807,0.0015));
#13765=CARTESIAN_POINT('',(0.0191379991319445,0.0150556192160029,0.0015));
#13766=CARTESIAN_POINT('',(0.0185706163194444,0.0153662745979474,0.0015));
#13767=CARTESIAN_POINT('',(0.0179417100694444,0.0153639959521141,0.0015));
#13768=CARTESIAN_POINT('',(0.0179417100694444,0.0153639959521141,0.0015));
#13769=CARTESIAN_POINT('',(0.0185706163194444,0.0153662745979474,0.0015));
#13770=CARTESIAN_POINT('',(0.0174950954861111,0.0127959620979474,0.0015));
#13771=CARTESIAN_POINT('',(0.0170484809027777,0.0102279282437807,0.0015));
#13772=CARTESIAN_POINT('',(0.0170484809027777,0.0102279282437807,0.0015));
#13773=CARTESIAN_POINT('',(0.0174950954861111,0.0127959620979474,0.0015));
#13774=CARTESIAN_POINT('',(0.0177184027777777,0.0102279282437807,0.0015));
#13775=CARTESIAN_POINT('',(0.0183883246527777,0.0102279282437807,0.0015));
#13776=CARTESIAN_POINT('',(0.0183883246527777,0.0102279282437807,0.0015));
#13777=CARTESIAN_POINT('',(0.0177184027777777,0.0102279282437807,0.0015));
#13778=CARTESIAN_POINT('',(0.0186845486111111,0.0119088093201696,0.0015));
#13779=CARTESIAN_POINT('',(0.0189807725694444,0.0135896903965585,0.0015));
#13780=CARTESIAN_POINT('',(0.0189807725694444,0.0135896903965585,0.0015));
#13781=CARTESIAN_POINT('',(0.0186845486111111,0.0119088093201696,0.0015));
#13782=CARTESIAN_POINT('',(0.0201155381944444,0.0141259317160029,0.0015));
#13783=CARTESIAN_POINT('',(0.0201155381944444,0.0141259317160029,0.002));
#13784=CARTESIAN_POINT('',(0.0196375289351852,0.0141380844937807,0.0015));
#13785=CARTESIAN_POINT('',(0.0196375289351852,0.0141380844937807,0.002));
#13786=CARTESIAN_POINT('',(0.0192592737268518,0.0139593373872992,0.0015));
#13787=CARTESIAN_POINT('',(0.0192592737268518,0.0139593373872992,0.002));
#13788=CARTESIAN_POINT('',(0.0189807725694444,0.0135896903965585,0.0015));
#13789=CARTESIAN_POINT('',(0.0189807725694444,0.0135896903965585,0.002));
#13790=CARTESIAN_POINT('',(0.0201155381944444,0.0141259317160029,0.0015));
#13791=CARTESIAN_POINT('',(0.0193985243055555,0.0141441608826696,0.0015));
#13792=CARTESIAN_POINT('',(0.0189807725694444,0.0135896903965585,0.0015));
#13793=CARTESIAN_POINT('',(-0.002,0.,0.0015));
#13794=CARTESIAN_POINT('',(0.0100120225694444,0.0113383883132252,0.0015));
#13795=CARTESIAN_POINT('',(0.00880130208333333,0.0113429456048918,0.0015));
#13796=CARTESIAN_POINT('',(0.00880130208333333,0.0113429456048918,0.0015));
#13797=CARTESIAN_POINT('',(0.0100120225694444,0.0113383883132252,0.0015));
#13798=CARTESIAN_POINT('',(0.0112227430555555,0.0113338310215585,0.0015));
#13799=CARTESIAN_POINT('',(0.0112227430555555,0.0113338310215585,0.0015));
#13800=CARTESIAN_POINT('',(0.0102474826388889,0.0129144516812807,0.0015));
#13801=CARTESIAN_POINT('',(0.0116936631944444,0.0144859577576696,0.0015));
#13802=CARTESIAN_POINT('',(0.0116936631944444,0.0144859577576696,0.0015));
#13803=CARTESIAN_POINT('',(0.0102474826388889,0.0129144516812807,0.0015));
#13804=CARTESIAN_POINT('',(0.0117696180555555,0.0149249768548918,0.0015));
#13805=CARTESIAN_POINT('',(0.0118455729166667,0.0153639959521141,0.0015));
#13806=CARTESIAN_POINT('',(0.0118455729166667,0.0153639959521141,0.0015));
#13807=CARTESIAN_POINT('',(0.0117696180555555,0.0149249768548918,0.0015));
#13808=CARTESIAN_POINT('',(0.00984416232638888,0.0153639959521141,0.0015));
#13809=CARTESIAN_POINT('',(0.00784275173611111,0.0153639959521141,0.0015));
#13810=CARTESIAN_POINT('',(0.00784275173611111,0.0153639959521141,0.0015));
#13811=CARTESIAN_POINT('',(0.00984416232638888,0.0153639959521141,0.0015));
#13812=CARTESIAN_POINT('',(0.00774552951388888,0.0148087659173918,0.0015));
#13813=CARTESIAN_POINT('',(0.00764830729166666,0.0142535358826696,0.0015));
#13814=CARTESIAN_POINT('',(0.00764830729166666,0.0142535358826696,0.0015));
#13815=CARTESIAN_POINT('',(0.00774552951388888,0.0148087659173918,0.0015));
#13816=CARTESIAN_POINT('',(0.00877547743055555,0.0142489785910029,0.0015));
#13817=CARTESIAN_POINT('',(0.00990264756944444,0.0142444212993363,0.0015));
#13818=CARTESIAN_POINT('',(0.00990264756944444,0.0142444212993363,0.0015));
#13819=CARTESIAN_POINT('',(0.00877547743055555,0.0142489785910029,0.0015));
#13820=CARTESIAN_POINT('',(0.00847165798611111,0.0126896252923918,0.0015));
#13821=CARTESIAN_POINT('',(0.00704066840277777,0.0111348292854474,0.0015));
#13822=CARTESIAN_POINT('',(0.00704066840277777,0.0111348292854474,0.0015));
#13823=CARTESIAN_POINT('',(0.00847165798611111,0.0126896252923918,0.0015));
#13824=CARTESIAN_POINT('',(0.00696243489583333,0.0106813787646141,0.0015));
#13825=CARTESIAN_POINT('',(0.00688420138888888,0.0102279282437807,0.0015));
#13826=CARTESIAN_POINT('',(0.00688420138888888,0.0102279282437807,0.0015));
#13827=CARTESIAN_POINT('',(0.00696243489583333,0.0106813787646141,0.0015));
#13828=CARTESIAN_POINT('',(0.00895625,0.0102279282437807,0.0015));
#13829=CARTESIAN_POINT('',(0.0110282986111111,0.0102279282437807,0.0015));
#13830=CARTESIAN_POINT('',(0.0110282986111111,0.0102279282437807,0.0015));
#13831=CARTESIAN_POINT('',(0.00895625,0.0102279282437807,0.0015));
#13832=CARTESIAN_POINT('',(0.0111255208333333,0.0107808796326696,0.0015));
#13833=CARTESIAN_POINT('',(0.0111255208333333,0.0107808796326696,0.0015));
#13834=CARTESIAN_POINT('',(-0.002,0.,0.0015));
#13835=CARTESIAN_POINT('',(6.19357638888835E-5,0.0107596122715585,0.0015));
#13836=CARTESIAN_POINT('',(6.19357638888835E-5,0.0107596122715585,0.002));
#13837=CARTESIAN_POINT('',(-0.000317838541666672,0.0103322395863733,0.0015));
#13838=CARTESIAN_POINT('',(-0.000317838541666672,0.0103322395863733,0.002));
#13839=CARTESIAN_POINT('',(-0.000789265046296301,0.0101231105354474,0.0015));
#13840=CARTESIAN_POINT('',(-0.000789265046296301,0.0101231105354474,0.002));
#13841=CARTESIAN_POINT('',(-0.00135234375000001,0.0101322251187807,0.0015));
#13842=CARTESIAN_POINT('',(-0.00135234375000001,0.0101322251187807,0.002));
#13843=CARTESIAN_POINT('',(6.19357638888827E-5,0.0107596122715585,0.0015));
#13844=CARTESIAN_POINT('',(6.19357638888827E-5,0.0107596122715585,0.0015));
#13845=CARTESIAN_POINT('',(6.19357638888835E-5,0.0107596122715585,0.0015));
#13846=CARTESIAN_POINT('',(-0.000507725694444449,0.0101185532437807,0.0015));
#13847=CARTESIAN_POINT('',(-0.00135234375000001,0.0101322251187807,0.0015));
#13848=CARTESIAN_POINT('',(-0.00135234375000001,0.0101322251187807,0.0015));
#13849=CARTESIAN_POINT('',(-0.00135234375000001,0.0101322251187807,0.0015));
#13850=CARTESIAN_POINT('',(1.25651041666605E-5,0.0104937702576696,0.0015));
#13851=CARTESIAN_POINT('',(-3.68055555555616E-5,0.0102279282437807,0.0015));
#13852=CARTESIAN_POINT('',(-3.68055555555616E-5,0.0102279282437807,0.0015));
#13853=CARTESIAN_POINT('',(1.25651041666605E-5,0.0104937702576696,0.0015));
#13854=CARTESIAN_POINT('',(0.000586783854166662,0.0102279282437807,0.0015));
#13855=CARTESIAN_POINT('',(0.00121037326388888,0.0102279282437807,0.0015));
#13856=CARTESIAN_POINT('',(0.00121037326388888,0.0102279282437807,0.0015));
#13857=CARTESIAN_POINT('',(0.000586783854166662,0.0102279282437807,0.0015));
#13858=CARTESIAN_POINT('',(0.00165698784722222,0.0127959620979474,0.0015));
#13859=CARTESIAN_POINT('',(0.00210360243055555,0.0153639959521141,0.0015));
#13860=CARTESIAN_POINT('',(0.00210360243055555,0.0153639959521141,0.0015));
#13861=CARTESIAN_POINT('',(0.00165698784722222,0.0127959620979474,0.0015));
#13862=CARTESIAN_POINT('',(0.00142912326388888,0.0153639959521141,0.0015));
#13863=CARTESIAN_POINT('',(0.000754644097222217,0.0153639959521141,0.0015));
#13864=CARTESIAN_POINT('',(0.000754644097222217,0.0153639959521141,0.0015));
#13865=CARTESIAN_POINT('',(0.00142912326388888,0.0153639959521141,0.0015));
#13866=CARTESIAN_POINT('',(0.00043487413194444,0.0135433579312807,0.0015));
#13867=CARTESIAN_POINT('',(0.000115104166666662,0.0117227199104474,0.0015));
#13868=CARTESIAN_POINT('',(0.000115104166666662,0.0117227199104474,0.0015));
#13869=CARTESIAN_POINT('',(0.00043487413194444,0.0135433579312807,0.0015));
#13870=CARTESIAN_POINT('',(-0.000916362847222227,0.0112442042854474,0.0015));
#13871=CARTESIAN_POINT('',(-0.000916362847222227,0.0112442042854474,0.002));
#13872=CARTESIAN_POINT('',(-0.000501142939814819,0.0112310387761881,0.0015));
#13873=CARTESIAN_POINT('',(-0.000501142939814819,0.0112310387761881,0.002));
#13874=CARTESIAN_POINT('',(-0.000157320601851857,0.0113905439845215,0.0015));
#13875=CARTESIAN_POINT('',(-0.000157320601851857,0.0113905439845215,0.002));
#13876=CARTESIAN_POINT('',(0.000115104166666661,0.0117227199104474,0.0015));
#13877=CARTESIAN_POINT('',(0.000115104166666661,0.0117227199104474,0.002));
#13878=CARTESIAN_POINT('',(-0.000916362847222227,0.0112442042854474,0.0015));
#13879=CARTESIAN_POINT('',(-0.000916362847222227,0.0112442042854474,0.0015));
#13880=CARTESIAN_POINT('',(-0.000916362847222227,0.0112442042854474,0.0015));
#13881=CARTESIAN_POINT('',(-0.000293532986111116,0.0112244560215585,0.0015));
#13882=CARTESIAN_POINT('',(0.000115104166666661,0.0117227199104474,0.0015));
#13883=CARTESIAN_POINT('',(-0.00144197048611112,0.0117333535910029,0.0015));
#13884=CARTESIAN_POINT('',(-0.00144197048611112,0.0117333535910029,0.002));
#13885=CARTESIAN_POINT('',(-0.00141057581018519,0.0114163686372992,0.0015));
#13886=CARTESIAN_POINT('',(-0.00141057581018519,0.0114163686372992,0.002));
#13887=CARTESIAN_POINT('',(-0.00123537326388889,0.0112533188687807,0.0015));
#13888=CARTESIAN_POINT('',(-0.00123537326388889,0.0112533188687807,0.002));
#13889=CARTESIAN_POINT('',(-0.000916362847222227,0.0112442042854474,0.0015));
#13890=CARTESIAN_POINT('',(-0.000916362847222227,0.0112442042854474,0.002));
#13891=CARTESIAN_POINT('',(-0.00144197048611112,0.0117333535910029,0.0015));
#13892=CARTESIAN_POINT('',(-0.00144197048611112,0.0117333535910029,0.0015));
#13893=CARTESIAN_POINT('',(-0.00144197048611112,0.0117333535910029,0.0015));
#13894=CARTESIAN_POINT('',(-0.00139487847222223,0.0112578761604474,0.0015));
#13895=CARTESIAN_POINT('',(-0.000916362847222227,0.0112442042854474,0.0015));
#13896=CARTESIAN_POINT('',(-0.000201922420810224,0.0118589855631462,0.0015));
#13897=CARTESIAN_POINT('',(-0.00143741319444445,0.0120265393548918,0.0015));
#13898=CARTESIAN_POINT('',(-0.00143731324182312,0.0120265257995978,0.00150000025));
#13899=CARTESIAN_POINT('',(-0.000201922420810224,0.0118589855631462,0.0015));
#13900=CARTESIAN_POINT('',(-0.00115486111111112,0.0136952676535029,0.0015));
#13901=CARTESIAN_POINT('',(-0.000872309027777784,0.0153639959521141,0.0015));
#13902=CARTESIAN_POINT('',(-0.000872309027777784,0.0153639959521141,0.0015));
#13903=CARTESIAN_POINT('',(-0.00115486111111112,0.0136952676535029,0.0015));
#13904=CARTESIAN_POINT('',(-0.00154223090277778,0.0153639959521141,0.0015));
#13905=CARTESIAN_POINT('',(-0.00221215277777779,0.0153639959521141,0.0015));
#13906=CARTESIAN_POINT('',(-0.00221215277777779,0.0153639959521141,0.0015));
#13907=CARTESIAN_POINT('',(-0.00154223090277778,0.0153639959521141,0.0015));
#13908=CARTESIAN_POINT('',(-0.00248938802083334,0.013702863139614,0.0015));
#13909=CARTESIAN_POINT('',(-0.00276662326388889,0.012041730327114,0.0015));
#13910=CARTESIAN_POINT('',(-0.00276662326388889,0.012041730327114,0.0015));
#13911=CARTESIAN_POINT('',(-0.00248938802083334,0.013702863139614,0.0015));
#13912=CARTESIAN_POINT('',(-0.00247343750000001,0.0106646686951696,0.0015));
#13913=CARTESIAN_POINT('',(-0.00247343750000001,0.0106646686951696,0.002));
#13914=CARTESIAN_POINT('',(-0.00272662037037037,0.0110125419590585,0.0015));
#13915=CARTESIAN_POINT('',(-0.00272662037037037,0.0110125419590585,0.002));
#13916=CARTESIAN_POINT('',(-0.00282434895833334,0.01147156250304,0.0015));
#13917=CARTESIAN_POINT('',(-0.00282434895833334,0.01147156250304,0.002));
#13918=CARTESIAN_POINT('',(-0.00276662326388889,0.012041730327114,0.0015));
#13919=CARTESIAN_POINT('',(-0.00276662326388889,0.012041730327114,0.002));
#13920=CARTESIAN_POINT('',(-0.00247343750000001,0.0106646686951696,0.0015));
#13921=CARTESIAN_POINT('',(-0.00247343750000001,0.0106646686951696,0.0015));
#13922=CARTESIAN_POINT('',(-0.00247343750000001,0.0106646686951696,0.0015));
#13923=CARTESIAN_POINT('',(-0.00285321180555556,0.0111864785910029,0.0015));
#13924=CARTESIAN_POINT('',(-0.00276662326388889,0.012041730327114,0.0015));
#13925=CARTESIAN_POINT('',(-0.00135234375000001,0.0101322251187807,0.0015));
#13926=CARTESIAN_POINT('',(-0.00135234375000001,0.0101322251187807,0.002));
#13927=CARTESIAN_POINT('',(-0.00184655671296297,0.0101393142391511,0.0015));
#13928=CARTESIAN_POINT('',(-0.00184655671296297,0.0101393142391511,0.002));
#13929=CARTESIAN_POINT('',(-0.00222025462962963,0.0103167954312807,0.0015));
#13930=CARTESIAN_POINT('',(-0.00222025462962963,0.0103167954312807,0.002));
#13931=CARTESIAN_POINT('',(-0.00247343750000001,0.0106646686951696,0.0015));
#13932=CARTESIAN_POINT('',(-0.00247343750000001,0.0106646686951696,0.002));
#13933=CARTESIAN_POINT('',(-0.00135234375000001,0.0101322251187807,0.0015));
#13934=CARTESIAN_POINT('',(-0.00209366319444445,0.0101428587993363,0.0015));
#13935=CARTESIAN_POINT('',(-0.00247343750000001,0.0106646686951696,0.0015));
#13936=CARTESIAN_POINT('',(-0.002,0.,0.0015));
#13937=CARTESIAN_POINT('',(0.00516458333333333,0.0113383883132252,0.0015));
#13938=CARTESIAN_POINT('',(0.00395386284722221,0.0113429456048918,0.0015));
#13939=CARTESIAN_POINT('',(0.00395386284722221,0.0113429456048918,0.0015));
#13940=CARTESIAN_POINT('',(0.00516458333333333,0.0113383883132252,0.0015));
#13941=CARTESIAN_POINT('',(0.00637530381944444,0.0113338310215585,0.0015));
#13942=CARTESIAN_POINT('',(0.00637530381944444,0.0113338310215585,0.0015));
#13943=CARTESIAN_POINT('',(0.00540004340277777,0.0129144516812807,0.0015));
#13944=CARTESIAN_POINT('',(0.00684622395833333,0.0144859577576696,0.0015));
#13945=CARTESIAN_POINT('',(0.00684622395833333,0.0144859577576696,0.0015));
#13946=CARTESIAN_POINT('',(0.00540004340277777,0.0129144516812807,0.0015));
#13947=CARTESIAN_POINT('',(0.00692217881944444,0.0149249768548918,0.0015));
#13948=CARTESIAN_POINT('',(0.00699813368055555,0.0153639959521141,0.0015));
#13949=CARTESIAN_POINT('',(0.00699813368055555,0.0153639959521141,0.0015));
#13950=CARTESIAN_POINT('',(0.00692217881944444,0.0149249768548918,0.0015));
#13951=CARTESIAN_POINT('',(0.00499672309027777,0.0153639959521141,0.0015));
#13952=CARTESIAN_POINT('',(0.0029953125,0.0153639959521141,0.0015));
#13953=CARTESIAN_POINT('',(0.0029953125,0.0153639959521141,0.0015));
#13954=CARTESIAN_POINT('',(0.00499672309027777,0.0153639959521141,0.0015));
#13955=CARTESIAN_POINT('',(0.00289809027777777,0.0148087659173918,0.0015));
#13956=CARTESIAN_POINT('',(0.00280086805555555,0.0142535358826696,0.0015));
#13957=CARTESIAN_POINT('',(0.00280086805555555,0.0142535358826696,0.0015));
#13958=CARTESIAN_POINT('',(0.00289809027777777,0.0148087659173918,0.0015));
#13959=CARTESIAN_POINT('',(0.00392803819444444,0.0142489785910029,0.0015));
#13960=CARTESIAN_POINT('',(0.00505520833333333,0.0142444212993363,0.0015));
#13961=CARTESIAN_POINT('',(0.00505520833333333,0.0142444212993363,0.0015));
#13962=CARTESIAN_POINT('',(0.00392803819444444,0.0142489785910029,0.0015));
#13963=CARTESIAN_POINT('',(0.00362421875,0.0126896252923918,0.0015));
#13964=CARTESIAN_POINT('',(0.00219322916666666,0.0111348292854474,0.0015));
#13965=CARTESIAN_POINT('',(0.00219322916666666,0.0111348292854474,0.0015));
#13966=CARTESIAN_POINT('',(0.00362421875,0.0126896252923918,0.0015));
#13967=CARTESIAN_POINT('',(0.00211499565972221,0.0106813787646141,0.0015));
#13968=CARTESIAN_POINT('',(0.00203676215277777,0.0102279282437807,0.0015));
#13969=CARTESIAN_POINT('',(0.00203676215277777,0.0102279282437807,0.0015));
#13970=CARTESIAN_POINT('',(0.00211499565972221,0.0106813787646141,0.0015));
#13971=CARTESIAN_POINT('',(0.00410881076388888,0.0102279282437807,0.0015));
#13972=CARTESIAN_POINT('',(0.00618085937499999,0.0102279282437807,0.0015));
#13973=CARTESIAN_POINT('',(0.00618085937499999,0.0102279282437807,0.0015));
#13974=CARTESIAN_POINT('',(0.00410881076388888,0.0102279282437807,0.0015));
#13975=CARTESIAN_POINT('',(0.00627808159722222,0.0107808796326696,0.0015));
#13976=CARTESIAN_POINT('',(0.00627808159722222,0.0107808796326696,0.0015));
#13977=CARTESIAN_POINT('',(-0.002,0.,0.0015));
#13978=CARTESIAN_POINT('',(0.000251388888888888,-0.000999652777777778,0.0015));
#13979=CARTESIAN_POINT('',(0.000251388888888888,-0.000999652777777778,0.002));
#13980=CARTESIAN_POINT('',(0.000251388888888888,-0.00133993055555556,0.0015));
#13981=CARTESIAN_POINT('',(0.000251388888888888,-0.00133993055555556,0.002));
#13982=CARTESIAN_POINT('',(0.000322858796296296,-0.00161221064814815,0.0015));
#13983=CARTESIAN_POINT('',(0.000322858796296296,-0.00161221064814815,0.002));
#13984=CARTESIAN_POINT('',(0.000465798611111111,-0.00181649305555555,0.0015));
#13985=CARTESIAN_POINT('',(0.000465798611111111,-0.00181649305555555,0.002));
#13986=CARTESIAN_POINT('',(0.000251388888888888,-0.000999652777777778,0.002));
#13987=CARTESIAN_POINT('',(0.000251388888888888,-0.00151006944444444,0.002));
#13988=CARTESIAN_POINT('',(0.000465798611111111,-0.00181649305555555,0.002));
#13989=CARTESIAN_POINT('',(0.000251388888888888,-0.000999652777777778,0.002));
#13990=CARTESIAN_POINT('',(0.000465798611111111,-0.00181649305555555,0.002));
#13991=CARTESIAN_POINT('',(0.000251388888888888,-0.000999652777777778,0.0015));
#13992=CARTESIAN_POINT('',(0.000251388888888888,-0.000999652777777778,0.0015));
#13993=CARTESIAN_POINT('',(0.000251388888888888,-0.000999652777777778,0.0015));
#13994=CARTESIAN_POINT('',(0.000251388888888888,-0.00151006944444444,0.0015));
#13995=CARTESIAN_POINT('',(0.000465798611111111,-0.00181649305555555,0.0015));
#13996=CARTESIAN_POINT('',(0.000465798611111111,-0.00181649305555555,0.0015));
#13997=CARTESIAN_POINT('',(0.000465798611111111,-0.00181649305555555,0.0015));
#13998=CARTESIAN_POINT('',(0.00609866100732477,-0.000992651650570927,0.0015));
#13999=CARTESIAN_POINT('',(0.00609866100732477,-0.000992651650570927,0.002));
#14000=CARTESIAN_POINT('',(0.000284375,-0.000359027777777778,0.002));
#14001=CARTESIAN_POINT('',(0.000284375,-0.000359027777777778,0.0015));
#14002=CARTESIAN_POINT('',(0.000284375,-0.000359027777777778,0.0015));
#14003=CARTESIAN_POINT('',(0.00609866100732477,-0.000992651650570927,0.0015));
#14004=CARTESIAN_POINT('',(0.000793923611111112,0.000936979166666666,0.0015));
#14005=CARTESIAN_POINT('',(0.000793923611111112,0.000936979166666666,0.002));
#14006=CARTESIAN_POINT('',(0.000522511574074074,0.000611168981481481,0.0015));
#14007=CARTESIAN_POINT('',(0.000522511574074074,0.000611168981481481,0.002));
#14008=CARTESIAN_POINT('',(0.000352662037037037,0.000179166666666666,0.0015));
#14009=CARTESIAN_POINT('',(0.000352662037037037,0.000179166666666666,0.002));
#14010=CARTESIAN_POINT('',(0.000284375,-0.000359027777777778,0.0015));
#14011=CARTESIAN_POINT('',(0.000284375,-0.000359027777777778,0.002));
#14012=CARTESIAN_POINT('',(0.000793923611111112,0.000936979166666666,0.002));
#14013=CARTESIAN_POINT('',(0.000386805555555555,0.000448263888888889,0.002));
#14014=CARTESIAN_POINT('',(0.000284375,-0.000359027777777778,0.002));
#14015=CARTESIAN_POINT('',(0.000793923611111112,0.000936979166666666,0.002));
#14016=CARTESIAN_POINT('',(0.000793923611111112,0.000936979166666666,0.0015));
#14017=CARTESIAN_POINT('',(0.000793923611111112,0.000936979166666666,0.0015));
#14018=CARTESIAN_POINT('',(0.000793923611111112,0.000936979166666666,0.0015));
#14019=CARTESIAN_POINT('',(0.000386805555555555,0.000448263888888889,0.0015));
#14020=CARTESIAN_POINT('',(0.000284375,-0.000359027777777778,0.0015));
#14021=CARTESIAN_POINT('',(0.00178611111111111,0.00141006944444444,0.0015));
#14022=CARTESIAN_POINT('',(0.00178611111111111,0.00141006944444444,0.002));
#14023=CARTESIAN_POINT('',(0.00139606481481481,0.00142048611111111,0.0015));
#14024=CARTESIAN_POINT('',(0.00139606481481481,0.00142048611111111,0.002));
#14025=CARTESIAN_POINT('',(0.00106533564814815,0.00126278935185185,0.0015));
#14026=CARTESIAN_POINT('',(0.00106533564814815,0.00126278935185185,0.002));
#14027=CARTESIAN_POINT('',(0.000793923611111112,0.000936979166666666,0.0015));
#14028=CARTESIAN_POINT('',(0.000793923611111112,0.000936979166666666,0.002));
#14029=CARTESIAN_POINT('',(0.00178611111111111,0.00141006944444444,0.002));
#14030=CARTESIAN_POINT('',(0.00120104166666667,0.00142569444444444,0.002));
#14031=CARTESIAN_POINT('',(0.000793923611111112,0.000936979166666666,0.002));
#14032=CARTESIAN_POINT('',(0.00178611111111111,0.00141006944444444,0.002));
#14033=CARTESIAN_POINT('',(0.00178611111111111,0.00141006944444444,0.0015));
#14034=CARTESIAN_POINT('',(0.00178611111111111,0.00141006944444444,0.0015));
#14035=CARTESIAN_POINT('',(0.00178611111111111,0.00141006944444444,0.0015));
#14036=CARTESIAN_POINT('',(0.00120104166666667,0.00142569444444444,0.0015));
#14037=CARTESIAN_POINT('',(0.000793923611111112,0.000936979166666666,0.0015));
#14038=CARTESIAN_POINT('',(0.00264895833333333,0.000877083333333332,0.0015));
#14039=CARTESIAN_POINT('',(0.00264895833333333,0.000877083333333332,0.002));
#14040=CARTESIAN_POINT('',(0.00249386574074074,0.00121736111111111,0.0015));
#14041=CARTESIAN_POINT('',(0.00249386574074074,0.00121736111111111,0.002));
#14042=CARTESIAN_POINT('',(0.00220625,0.00139502314814815,0.0015));
#14043=CARTESIAN_POINT('',(0.00220625,0.00139502314814815,0.002));
#14044=CARTESIAN_POINT('',(0.00178611111111111,0.00141006944444444,0.0015));
#14045=CARTESIAN_POINT('',(0.00178611111111111,0.00141006944444444,0.002));
#14046=CARTESIAN_POINT('',(0.00264895833333333,0.000877083333333332,0.002));
#14047=CARTESIAN_POINT('',(0.00241631944444444,0.0013875,0.002));
#14048=CARTESIAN_POINT('',(0.00178611111111111,0.00141006944444444,0.002));
#14049=CARTESIAN_POINT('',(0.00264895833333333,0.000877083333333332,0.002));
#14050=CARTESIAN_POINT('',(0.00264895833333333,0.000877083333333332,0.0015));
#14051=CARTESIAN_POINT('',(0.00264895833333333,0.000877083333333332,0.0015));
#14052=CARTESIAN_POINT('',(0.00264895833333333,0.000877083333333332,0.0015));
#14053=CARTESIAN_POINT('',(0.00241631944444444,0.0013875,0.0015));
#14054=CARTESIAN_POINT('',(0.00178611111111111,0.00141006944444444,0.0015));
#14055=CARTESIAN_POINT('',(0.00242152777777778,-0.000365104166666667,0.0015));
#14056=CARTESIAN_POINT('',(0.00242152777777778,-0.000365104166666667,0.002));
#14057=CARTESIAN_POINT('',(0.00219409722222222,-0.00160729166666667,0.002));
#14058=CARTESIAN_POINT('',(0.00219409722222222,-0.00160729166666667,0.0015));
#14059=CARTESIAN_POINT('',(0.00219409722222222,-0.00160729166666667,0.0015));
#14060=CARTESIAN_POINT('',(0.00242152777777778,-0.000365104166666667,0.0015));
#14061=CARTESIAN_POINT('',(0.00108645833333333,-0.00213854166666666,0.0015));
#14062=CARTESIAN_POINT('',(0.00108645833333333,-0.00213854166666666,0.002));
#14063=CARTESIAN_POINT('',(0.00150196759259259,-0.00215358796296296,0.0015));
#14064=CARTESIAN_POINT('',(0.00150196759259259,-0.00215358796296296,0.002));
#14065=CARTESIAN_POINT('',(0.00187118055555555,-0.00197650462962963,0.0015));
#14066=CARTESIAN_POINT('',(0.00187118055555555,-0.00197650462962963,0.002));
#14067=CARTESIAN_POINT('',(0.00219409722222222,-0.00160729166666667,0.0015));
#14068=CARTESIAN_POINT('',(0.00219409722222222,-0.00160729166666667,0.002));
#14069=CARTESIAN_POINT('',(0.00108645833333333,-0.00213854166666666,0.002));
#14070=CARTESIAN_POINT('',(0.00170972222222222,-0.00216111111111111,0.002));
#14071=CARTESIAN_POINT('',(0.00219409722222222,-0.00160729166666667,0.002));
#14072=CARTESIAN_POINT('',(0.00108645833333333,-0.00213854166666666,0.002));
#14073=CARTESIAN_POINT('',(0.00108645833333333,-0.00213854166666666,0.0015));
#14074=CARTESIAN_POINT('',(0.00108645833333333,-0.00213854166666666,0.0015));
#14075=CARTESIAN_POINT('',(0.00108645833333333,-0.00213854166666666,0.0015));
#14076=CARTESIAN_POINT('',(0.00170972222222222,-0.00216111111111111,0.0015));
#14077=CARTESIAN_POINT('',(0.00219409722222222,-0.00160729166666667,0.0015));
#14078=CARTESIAN_POINT('',(-0.00125208333333333,-0.000359027777777778,0.0015));
#14079=CARTESIAN_POINT('',(-0.00125208333333333,-0.000359027777777778,0.002));
#14080=CARTESIAN_POINT('',(-0.00114328703703704,0.000548379629629628,0.0015));
#14081=CARTESIAN_POINT('',(-0.00114328703703704,0.000548379629629628,0.002));
#14082=CARTESIAN_POINT('',(-0.000847569444444445,0.00128506944444444,0.0015));
#14083=CARTESIAN_POINT('',(-0.000847569444444445,0.00128506944444444,0.002));
#14084=CARTESIAN_POINT('',(-0.000364930555555556,0.00185104166666667,0.0015));
#14085=CARTESIAN_POINT('',(-0.000364930555555556,0.00185104166666667,0.002));
#14086=CARTESIAN_POINT('',(-0.00125208333333333,-0.000359027777777778,0.0015));
#14087=CARTESIAN_POINT('',(-0.00125208333333333,-0.000359027777777778,0.0015));
#14088=CARTESIAN_POINT('',(-0.00125208333333333,-0.000359027777777778,0.0015));
#14089=CARTESIAN_POINT('',(-0.00108888888888889,0.00100208333333333,0.0015));
#14090=CARTESIAN_POINT('',(-0.000364930555555556,0.00185104166666667,0.0015));
#14091=CARTESIAN_POINT('',(-0.000364930555555556,0.00185104166666667,0.0015));
#14092=CARTESIAN_POINT('',(-0.000364930555555556,0.00185104166666667,0.0015));
#14093=CARTESIAN_POINT('',(0.00413873445658034,-0.000940284970395145,0.0015));
#14094=CARTESIAN_POINT('',(-0.001278125,-0.00114027777777778,0.0015));
#14095=CARTESIAN_POINT('',(-0.001278125,-0.00114027777777778,0.0015));
#14096=CARTESIAN_POINT('',(0.00413873445658034,-0.000940284970395145,0.0015));
#14097=CARTESIAN_POINT('',(-0.000725173611111111,-0.00277048611111111,0.0015));
#14098=CARTESIAN_POINT('',(-0.000725173611111111,-0.00277048611111111,0.002));
#14099=CARTESIAN_POINT('',(-0.00106140046296296,-0.00235266203703704,0.0015));
#14100=CARTESIAN_POINT('',(-0.00106140046296296,-0.00235266203703704,0.002));
#14101=CARTESIAN_POINT('',(-0.00124571759259259,-0.00180925925925926,0.0015));
#14102=CARTESIAN_POINT('',(-0.00124571759259259,-0.00180925925925926,0.002));
#14103=CARTESIAN_POINT('',(-0.001278125,-0.00114027777777778,0.0015));
#14104=CARTESIAN_POINT('',(-0.001278125,-0.00114027777777778,0.002));
#14105=CARTESIAN_POINT('',(-0.000725173611111111,-0.00277048611111111,0.0015));
#14106=CARTESIAN_POINT('',(-0.000725173611111111,-0.00277048611111111,0.0015));
#14107=CARTESIAN_POINT('',(-0.000725173611111111,-0.00277048611111111,0.0015));
#14108=CARTESIAN_POINT('',(-0.00122951388888889,-0.00214375,0.0015));
#14109=CARTESIAN_POINT('',(-0.001278125,-0.00114027777777778,0.0015));
#14110=CARTESIAN_POINT('',(0.000636805555555555,-0.003409375,0.0015));
#14111=CARTESIAN_POINT('',(0.000636805555555555,-0.003409375,0.002));
#14112=CARTESIAN_POINT('',(6.5046296296296E-5,-0.00340127314814815,0.0015));
#14113=CARTESIAN_POINT('',(6.5046296296296E-5,-0.00340127314814815,0.002));
#14114=CARTESIAN_POINT('',(-0.000388946759259259,-0.00318831018518518,0.0015));
#14115=CARTESIAN_POINT('',(-0.000388946759259259,-0.00318831018518518,0.002));
#14116=CARTESIAN_POINT('',(-0.000725173611111111,-0.00277048611111111,0.0015));
#14117=CARTESIAN_POINT('',(-0.000725173611111111,-0.00277048611111111,0.002));
#14118=CARTESIAN_POINT('',(0.000636805555555555,-0.003409375,0.0015));
#14119=CARTESIAN_POINT('',(0.000636805555555555,-0.003409375,0.0015));
#14120=CARTESIAN_POINT('',(0.000636805555555555,-0.003409375,0.0015));
#14121=CARTESIAN_POINT('',(-0.000220833333333334,-0.00339722222222222,0.0015));
#14122=CARTESIAN_POINT('',(-0.000725173611111111,-0.00277048611111111,0.0015));
#14123=CARTESIAN_POINT('',(0.00207430555555556,-0.00278958333333333,0.0015));
#14124=CARTESIAN_POINT('',(0.00207430555555556,-0.00278958333333333,0.002));
#14125=CARTESIAN_POINT('',(0.00164722222222222,-0.00321666666666667,0.0015));
#14126=CARTESIAN_POINT('',(0.00164722222222222,-0.00321666666666667,0.002));
#14127=CARTESIAN_POINT('',(0.00116805555555555,-0.00342326388888889,0.0015));
#14128=CARTESIAN_POINT('',(0.00116805555555555,-0.00342326388888889,0.002));
#14129=CARTESIAN_POINT('',(0.000636805555555555,-0.003409375,0.0015));
#14130=CARTESIAN_POINT('',(0.000636805555555555,-0.003409375,0.002));
#14131=CARTESIAN_POINT('',(0.00207430555555556,-0.00278958333333333,0.0015));
#14132=CARTESIAN_POINT('',(0.00207430555555556,-0.00278958333333333,0.0015));
#14133=CARTESIAN_POINT('',(0.00207430555555556,-0.00278958333333333,0.0015));
#14134=CARTESIAN_POINT('',(0.00143368055555555,-0.00343020833333334,0.0015));
#14135=CARTESIAN_POINT('',(0.000636805555555555,-0.003409375,0.0015));
#14136=CARTESIAN_POINT('',(0.00203090277777778,-0.00296579861111111,0.0015));
#14137=CARTESIAN_POINT('',(0.0019875,-0.00314201388888889,0.0015));
#14138=CARTESIAN_POINT('',(0.0019875,-0.00314201388888889,0.0015));
#14139=CARTESIAN_POINT('',(0.00203090277777778,-0.00296579861111111,0.0015));
#14140=CARTESIAN_POINT('',(0.00141197916666667,-0.00408385416666666,0.0015));
#14141=CARTESIAN_POINT('',(0.00141197916666667,-0.00408385416666666,0.002));
#14142=CARTESIAN_POINT('',(0.00169380787037037,-0.00386105324074074,0.0015));
#14143=CARTESIAN_POINT('',(0.00169380787037037,-0.00386105324074074,0.002));
#14144=CARTESIAN_POINT('',(0.00188564814814815,-0.00354710648148148,0.0015));
#14145=CARTESIAN_POINT('',(0.00188564814814815,-0.00354710648148148,0.002));
#14146=CARTESIAN_POINT('',(0.0019875,-0.00314201388888889,0.0015));
#14147=CARTESIAN_POINT('',(0.0019875,-0.00314201388888889,0.002));
#14148=CARTESIAN_POINT('',(0.00141197916666667,-0.00408385416666666,0.0015));
#14149=CARTESIAN_POINT('',(0.00141197916666667,-0.00408385416666666,0.0015));
#14150=CARTESIAN_POINT('',(0.00141197916666667,-0.00408385416666666,0.0015));
#14151=CARTESIAN_POINT('',(0.00183472222222222,-0.00374965277777778,0.0015));
#14152=CARTESIAN_POINT('',(0.0019875,-0.00314201388888889,0.0015));
#14153=CARTESIAN_POINT('',(0.000392013888888888,-0.00439548611111111,0.0015));
#14154=CARTESIAN_POINT('',(0.000392013888888888,-0.00439548611111111,0.002));
#14155=CARTESIAN_POINT('',(0.000790162037037037,-0.00441053240740741,0.0015));
#14156=CARTESIAN_POINT('',(0.000790162037037037,-0.00441053240740741,0.002));
#14157=CARTESIAN_POINT('',(0.00113015046296296,-0.00430665509259259,0.0015));
#14158=CARTESIAN_POINT('',(0.00113015046296296,-0.00430665509259259,0.002));
#14159=CARTESIAN_POINT('',(0.00141197916666667,-0.00408385416666666,0.0015));
#14160=CARTESIAN_POINT('',(0.00141197916666667,-0.00408385416666666,0.002));
#14161=CARTESIAN_POINT('',(0.000392013888888888,-0.00439548611111111,0.0015));
#14162=CARTESIAN_POINT('',(0.000392013888888888,-0.00439548611111111,0.0015));
#14163=CARTESIAN_POINT('',(0.000392013888888888,-0.00439548611111111,0.0015));
#14164=CARTESIAN_POINT('',(0.000989236111111111,-0.00441805555555556,0.0015));
#14165=CARTESIAN_POINT('',(0.00141197916666667,-0.00408385416666666,0.0015));
#14166=CARTESIAN_POINT('',(-0.0008875,-0.00372881944444444,0.0015));
#14167=CARTESIAN_POINT('',(-0.0008875,-0.00372881944444444,0.002));
#14168=CARTESIAN_POINT('',(-0.000548379629629629,-0.004159375,0.0015));
#14169=CARTESIAN_POINT('',(-0.000548379629629629,-0.004159375,0.002));
#14170=CARTESIAN_POINT('',(-0.000121875,-0.00438159722222222,0.0015));
#14171=CARTESIAN_POINT('',(-0.000121875,-0.00438159722222222,0.002));
#14172=CARTESIAN_POINT('',(0.000392013888888888,-0.00439548611111111,0.0015));
#14173=CARTESIAN_POINT('',(0.000392013888888888,-0.00439548611111111,0.002));
#14174=CARTESIAN_POINT('',(-0.0008875,-0.00372881944444444,0.0015));
#14175=CARTESIAN_POINT('',(-0.0008875,-0.00372881944444444,0.0015));
#14176=CARTESIAN_POINT('',(-0.0008875,-0.00372881944444444,0.0015));
#14177=CARTESIAN_POINT('',(-0.000378819444444444,-0.00437465277777778,0.0015));
#14178=CARTESIAN_POINT('',(0.000392013888888888,-0.00439548611111111,0.0015));
#14179=CARTESIAN_POINT('',(-0.00126770833333333,-0.00419496527777777,0.0015));
#14180=CARTESIAN_POINT('',(-0.00164835690443396,-0.00466165085467512,0.0015));
#14181=CARTESIAN_POINT('',(-0.00164835690443396,-0.00466165085467512,0.0015));
#14182=CARTESIAN_POINT('',(-0.00126770833333333,-0.00419496527777777,0.0015));
#14183=CARTESIAN_POINT('',(0.000255758820407303,-0.00309643146533045,0.0015));
#14184=CARTESIAN_POINT('',(-0.000736458333333334,-0.00535381944444444,0.0015));
#14185=CARTESIAN_POINT('',(-0.000736264733983052,-0.00535338094112124,0.0015));
#14186=CARTESIAN_POINT('',(0.000255758820407303,-0.00309643146533045,0.0015));
#14187=CARTESIAN_POINT('',(0.000468340523735428,-0.00272022145618711,0.0015));
#14188=CARTESIAN_POINT('',(0.000425,-0.00561597222222222,0.0015));
#14189=CARTESIAN_POINT('',(0.000425,-0.00561597222222222,0.0015));
#14190=CARTESIAN_POINT('',(0.000468340523735428,-0.00272022145618711,0.0015));
#14191=CARTESIAN_POINT('',(0.00250746527777778,-0.00495451388888889,0.0015));
#14192=CARTESIAN_POINT('',(0.00250746527777778,-0.00495451388888889,0.002));
#14193=CARTESIAN_POINT('',(0.00194670138888889,-0.00541053240740741,0.0015));
#14194=CARTESIAN_POINT('',(0.00194670138888889,-0.00541053240740741,0.002));
#14195=CARTESIAN_POINT('',(0.0012525462962963,-0.00563101851851852,0.0015));
#14196=CARTESIAN_POINT('',(0.0012525462962963,-0.00563101851851852,0.002));
#14197=CARTESIAN_POINT('',(0.000425,-0.00561597222222222,0.0015));
#14198=CARTESIAN_POINT('',(0.000425,-0.00561597222222222,0.002));
#14199=CARTESIAN_POINT('',(0.00250746527777778,-0.00495451388888889,0.0015));
#14200=CARTESIAN_POINT('',(0.00250746527777778,-0.00495451388888889,0.0015));
#14201=CARTESIAN_POINT('',(0.00250746527777778,-0.00495451388888889,0.0015));
#14202=CARTESIAN_POINT('',(0.00166631944444445,-0.00563854166666667,0.0015));
#14203=CARTESIAN_POINT('',(0.000425,-0.00561597222222222,0.0015));
#14204=CARTESIAN_POINT('',(0.00350659722222222,-0.00309861111111111,0.0015));
#14205=CARTESIAN_POINT('',(0.00350659722222222,-0.00309861111111111,0.002));
#14206=CARTESIAN_POINT('',(0.00340127314814815,-0.00387986111111111,0.0015));
#14207=CARTESIAN_POINT('',(0.00340127314814815,-0.00387986111111111,0.002));
#14208=CARTESIAN_POINT('',(0.00306822916666667,-0.00449849537037037,0.0015));
#14209=CARTESIAN_POINT('',(0.00306822916666667,-0.00449849537037037,0.002));
#14210=CARTESIAN_POINT('',(0.00250746527777778,-0.00495451388888889,0.0015));
#14211=CARTESIAN_POINT('',(0.00250746527777778,-0.00495451388888889,0.002));
#14212=CARTESIAN_POINT('',(0.00350659722222222,-0.00309861111111111,0.0015));
#14213=CARTESIAN_POINT('',(0.00350659722222222,-0.00309861111111111,0.0015));
#14214=CARTESIAN_POINT('',(0.00350659722222222,-0.00309861111111111,0.0015));
#14215=CARTESIAN_POINT('',(0.00334861111111111,-0.00427048611111111,0.0015));
#14216=CARTESIAN_POINT('',(0.00250746527777778,-0.00495451388888889,0.0015));
#14217=CARTESIAN_POINT('',(0.00398663194444444,-0.000264409722222222,0.0015));
#14218=CARTESIAN_POINT('',(0.00446666666666666,0.00256979166666667,0.0015));
#14219=CARTESIAN_POINT('',(0.00446666666666666,0.00256979166666667,0.0015));
#14220=CARTESIAN_POINT('',(0.00398663194444444,-0.000264409722222222,0.0015));
#14221=CARTESIAN_POINT('',(0.00376440972222222,0.00257239583333333,0.0015));
#14222=CARTESIAN_POINT('',(0.00306215277777777,0.002575,0.0015));
#14223=CARTESIAN_POINT('',(0.00306215277777777,0.002575,0.0015));
#14224=CARTESIAN_POINT('',(0.00376440972222222,0.00257239583333333,0.0015));
#14225=CARTESIAN_POINT('',(0.00296145833333333,0.00229027777777777,0.0015));
#14226=CARTESIAN_POINT('',(0.00286076388888888,0.00200555555555556,0.0015));
#14227=CARTESIAN_POINT('',(0.00286076388888888,0.00200555555555556,0.0015));
#14228=CARTESIAN_POINT('',(0.00296145833333333,0.00229027777777777,0.0015));
#14229=CARTESIAN_POINT('',(0.00146145833333333,0.002684375,0.0015));
#14230=CARTESIAN_POINT('',(0.00146145833333333,0.002684375,0.002));
#14231=CARTESIAN_POINT('',(0.00208645833333333,0.0026693287037037,0.0015));
#14232=CARTESIAN_POINT('',(0.00208645833333333,0.0026693287037037,0.002));
#14233=CARTESIAN_POINT('',(0.00255289351851852,0.00244305555555556,0.0015));
#14234=CARTESIAN_POINT('',(0.00255289351851852,0.00244305555555556,0.002));
#14235=CARTESIAN_POINT('',(0.00286076388888889,0.00200555555555556,0.0015));
#14236=CARTESIAN_POINT('',(0.00286076388888889,0.00200555555555556,0.002));
#14237=CARTESIAN_POINT('',(0.00146145833333333,0.002684375,0.0015));
#14238=CARTESIAN_POINT('',(0.00146145833333333,0.002684375,0.0015));
#14239=CARTESIAN_POINT('',(0.00146145833333333,0.002684375,0.0015));
#14240=CARTESIAN_POINT('',(0.00239895833333333,0.00266180555555556,0.0015));
#14241=CARTESIAN_POINT('',(0.00286076388888889,0.00200555555555556,0.0015));
#14242=CARTESIAN_POINT('',(-0.000364930555555556,0.00185104166666667,0.0015));
#14243=CARTESIAN_POINT('',(-0.000364930555555556,0.00185104166666667,0.002));
#14244=CARTESIAN_POINT('',(0.000117708333333333,0.00241701388888889,0.0015));
#14245=CARTESIAN_POINT('',(0.000117708333333333,0.00241701388888889,0.002));
#14246=CARTESIAN_POINT('',(0.000726504629629629,0.00269479166666667,0.0015));
#14247=CARTESIAN_POINT('',(0.000726504629629629,0.00269479166666667,0.002));
#14248=CARTESIAN_POINT('',(0.00146145833333333,0.002684375,0.0015));
#14249=CARTESIAN_POINT('',(0.00146145833333333,0.002684375,0.002));
#14250=CARTESIAN_POINT('',(-0.000364930555555556,0.00185104166666667,0.0015));
#14251=CARTESIAN_POINT('',(0.000359027777777777,0.0027,0.0015));
#14252=CARTESIAN_POINT('',(0.00146145833333333,0.002684375,0.0015));
#14253=CARTESIAN_POINT('',(0.000465798611111111,-0.00181649305555555,0.0015));
#14254=CARTESIAN_POINT('',(0.000465798611111111,-0.00181649305555555,0.002));
#14255=CARTESIAN_POINT('',(0.000608738425925926,-0.00202077546296296,0.0015));
#14256=CARTESIAN_POINT('',(0.000608738425925926,-0.00202077546296296,0.002));
#14257=CARTESIAN_POINT('',(0.000815624999999999,-0.002128125,0.0015));
#14258=CARTESIAN_POINT('',(0.000815624999999999,-0.002128125,0.002));
#14259=CARTESIAN_POINT('',(0.00108645833333333,-0.00213854166666666,0.0015));
#14260=CARTESIAN_POINT('',(0.00108645833333333,-0.00213854166666666,0.002));
#14261=CARTESIAN_POINT('',(0.000465798611111111,-0.00181649305555555,0.002));
#14262=CARTESIAN_POINT('',(0.000680208333333333,-0.00212291666666666,0.002));
#14263=CARTESIAN_POINT('',(0.00108645833333333,-0.00213854166666666,0.002));
#14264=CARTESIAN_POINT('',(0.000465798611111111,-0.00181649305555555,0.0015));
#14265=CARTESIAN_POINT('',(0.000680208333333333,-0.00212291666666666,0.0015));
#14266=CARTESIAN_POINT('',(0.00108645833333333,-0.00213854166666666,0.0015));
#14267=CARTESIAN_POINT('',(-0.002,0.,0.0015));
#14268=CARTESIAN_POINT('',(0.0138936230187314,-0.0199946245812504,0.0015));
#14269=CARTESIAN_POINT('',(0.014497819202222,-0.0169014467256697,0.0015));
#14270=CARTESIAN_POINT('',(0.0144979166666667,-0.0169006944444444,0.0015));
#14271=CARTESIAN_POINT('',(0.0138936230187314,-0.0199946245812504,0.0015));
#14272=CARTESIAN_POINT('',(0.0139822916666667,-0.0168451388888889,0.0015));
#14273=CARTESIAN_POINT('',(0.0139822916666667,-0.0168451388888889,0.0015));
#14274=CARTESIAN_POINT('',(0.0145960069444444,-0.01614375,0.0015));
#14275=CARTESIAN_POINT('',(0.0146939909825348,-0.0153876253874798,0.0015));
#14276=CARTESIAN_POINT('',(0.0146939909825348,-0.0153876253874798,0.0015));
#14277=CARTESIAN_POINT('',(0.0145960069444444,-0.01614375,0.0015));
#14278=CARTESIAN_POINT('',(0.0141040050104385,-0.0175556752546131,0.0015));
#14279=CARTESIAN_POINT('',(0.0141611111111111,-0.0153104166666666,0.0015));
#14280=CARTESIAN_POINT('',(0.0141611111111111,-0.0153104166666666,0.0015));
#14281=CARTESIAN_POINT('',(0.0141040050104385,-0.0175556752546131,0.0015));
#14282=CARTESIAN_POINT('',(0.0127947916666667,-0.0161402777777778,0.0015));
#14283=CARTESIAN_POINT('',(0.0127947916666667,-0.0161402777777778,0.002));
#14284=CARTESIAN_POINT('',(0.0131640046296296,-0.015587037037037,0.0015));
#14285=CARTESIAN_POINT('',(0.0131640046296296,-0.015587037037037,0.002));
#14286=CARTESIAN_POINT('',(0.0136194444444444,-0.0153104166666667,0.0015));
#14287=CARTESIAN_POINT('',(0.0136194444444444,-0.0153104166666667,0.002));
#14288=CARTESIAN_POINT('',(0.0141611111111111,-0.0153104166666666,0.0015));
#14289=CARTESIAN_POINT('',(0.0141611111111111,-0.0153104166666666,0.002));
#14290=CARTESIAN_POINT('',(0.0127947916666667,-0.0161402777777778,0.0015));
#14291=CARTESIAN_POINT('',(0.0127947916666667,-0.0161402777777778,0.0015));
#14292=CARTESIAN_POINT('',(0.0127947916666667,-0.0161402777777778,0.0015));
#14293=CARTESIAN_POINT('',(0.0133486111111111,-0.0153104166666666,0.0015));
#14294=CARTESIAN_POINT('',(0.0141611111111111,-0.0153104166666666,0.0015));
#14295=CARTESIAN_POINT('',(0.0128651041666667,-0.0157826388888889,0.0015));
#14296=CARTESIAN_POINT('',(0.0129354166666667,-0.015425,0.0015));
#14297=CARTESIAN_POINT('',(0.0129354166666667,-0.015425,0.0015));
#14298=CARTESIAN_POINT('',(0.0128651041666667,-0.0157826388888889,0.0015));
#14299=CARTESIAN_POINT('',(0.0122166666666667,-0.0154276041666667,0.0015));
#14300=CARTESIAN_POINT('',(0.0114979166666667,-0.0154302083333333,0.0015));
#14301=CARTESIAN_POINT('',(0.0114979166666667,-0.0154302083333333,0.0015));
#14302=CARTESIAN_POINT('',(0.0122166666666667,-0.0154276041666667,0.0015));
#14303=CARTESIAN_POINT('',(0.0109875,-0.0183651041666666,0.0015));
#14304=CARTESIAN_POINT('',(0.0104770833333333,-0.0213,0.0015));
#14305=CARTESIAN_POINT('',(0.0104770833333333,-0.0213,0.0015));
#14306=CARTESIAN_POINT('',(0.0109875,-0.0183651041666666,0.0015));
#14307=CARTESIAN_POINT('',(0.0112427083333333,-0.0213,0.0015));
#14308=CARTESIAN_POINT('',(0.0120083333333333,-0.0213,0.0015));
#14309=CARTESIAN_POINT('',(0.0120083333333333,-0.0213,0.0015));
#14310=CARTESIAN_POINT('',(0.0112427083333333,-0.0213,0.0015));
#14311=CARTESIAN_POINT('',(0.012346875,-0.0193789930555556,0.0015));
#14312=CARTESIAN_POINT('',(0.0126854166666667,-0.0174579861111111,0.0015));
#14313=CARTESIAN_POINT('',(0.0126854166666667,-0.0174579861111111,0.0015));
#14314=CARTESIAN_POINT('',(0.012346875,-0.0193789930555556,0.0015));
#14315=CARTESIAN_POINT('',(0.0139822916666667,-0.0168451388888889,0.0015));
#14316=CARTESIAN_POINT('',(0.0139822916666667,-0.0168451388888889,0.002));
#14317=CARTESIAN_POINT('',(0.0134359953703704,-0.01683125,0.0015));
#14318=CARTESIAN_POINT('',(0.0134359953703704,-0.01683125,0.002));
#14319=CARTESIAN_POINT('',(0.0130037037037037,-0.0170355324074074,0.0015));
#14320=CARTESIAN_POINT('',(0.0130037037037037,-0.0170355324074074,0.002));
#14321=CARTESIAN_POINT('',(0.0126854166666667,-0.0174579861111111,0.0015));
#14322=CARTESIAN_POINT('',(0.0126854166666667,-0.0174579861111111,0.002));
#14323=CARTESIAN_POINT('',(0.0139822916666667,-0.0168451388888889,0.0015));
#14324=CARTESIAN_POINT('',(0.0131628472222222,-0.0168243055555556,0.0015));
#14325=CARTESIAN_POINT('',(0.0126854166666667,-0.0174579861111111,0.0015));
#14326=CARTESIAN_POINT('',(-0.002,0.,0.0015));
#14327=CARTESIAN_POINT('',(-0.00220954861111112,-0.0147079861111111,0.0015));
#14328=CARTESIAN_POINT('',(-0.00208194444444444,-0.0139857638888889,0.0015));
#14329=CARTESIAN_POINT('',(-0.00208194444444444,-0.0139857638888889,0.0015));
#14330=CARTESIAN_POINT('',(-0.00220954861111112,-0.0147079861111111,0.0015));
#14331=CARTESIAN_POINT('',(-0.00233715277777778,-0.0154302083333333,0.0015));
#14332=CARTESIAN_POINT('',(-0.00233715277777778,-0.0154302083333333,0.0015));
#14333=CARTESIAN_POINT('',(-0.00284930555555556,-0.0139857638888889,0.0015));
#14334=CARTESIAN_POINT('',(-0.00361666666666667,-0.0139857638888889,0.0015));
#14335=CARTESIAN_POINT('',(-0.00361666666666667,-0.0139857638888889,0.0015));
#14336=CARTESIAN_POINT('',(-0.00284930555555556,-0.0139857638888889,0.0015));
#14337=CARTESIAN_POINT('',(-0.00374166666666667,-0.0147079861111111,0.0015));
#14338=CARTESIAN_POINT('',(-0.00386666666666667,-0.0154302083333333,0.0015));
#14339=CARTESIAN_POINT('',(-0.00386666666666667,-0.0154302083333333,0.0015));
#14340=CARTESIAN_POINT('',(-0.00374166666666667,-0.0147079861111111,0.0015));
#14341=CARTESIAN_POINT('',(-0.00428159722222222,-0.0154302083333333,0.0015));
#14342=CARTESIAN_POINT('',(-0.00469652777777778,-0.0154302083333333,0.0015));
#14343=CARTESIAN_POINT('',(-0.00469652777777778,-0.0154302083333333,0.0015));
#14344=CARTESIAN_POINT('',(-0.00428159722222222,-0.0154302083333333,0.0015));
#14345=CARTESIAN_POINT('',(-0.00479722222222223,-0.0160048611111111,0.0015));
#14346=CARTESIAN_POINT('',(-0.00489791666666667,-0.0165795138888889,0.0015));
#14347=CARTESIAN_POINT('',(-0.00489791666666667,-0.0165795138888889,0.0015));
#14348=CARTESIAN_POINT('',(-0.00479722222222223,-0.0160048611111111,0.0015));
#14349=CARTESIAN_POINT('',(-0.00448298611111111,-0.0165795138888889,0.0015));
#14350=CARTESIAN_POINT('',(-0.00406805555555556,-0.0165795138888889,0.0015));
#14351=CARTESIAN_POINT('',(-0.00406805555555556,-0.0165795138888889,0.0015));
#14352=CARTESIAN_POINT('',(-0.00448298611111111,-0.0165795138888889,0.0015));
#14353=CARTESIAN_POINT('',(-0.00431979166666667,-0.0181289930555555,0.0015));
#14354=CARTESIAN_POINT('',(-0.00457152777777778,-0.0196784722222222,0.0015));
#14355=CARTESIAN_POINT('',(-0.00457152777777778,-0.0196784722222222,0.0015));
#14356=CARTESIAN_POINT('',(-0.00431979166666667,-0.0181289930555555,0.0015));
#14357=CARTESIAN_POINT('',(-0.00426857638888889,-0.0209258680555555,0.0015));
#14358=CARTESIAN_POINT('',(-0.00426857638888889,-0.0209258680555555,0.002));
#14359=CARTESIAN_POINT('',(-0.00451452546296296,-0.0206185763888889,0.0015));
#14360=CARTESIAN_POINT('',(-0.00451452546296296,-0.0206185763888889,0.002));
#14361=CARTESIAN_POINT('',(-0.00461550925925926,-0.0202027777777778,0.0015));
#14362=CARTESIAN_POINT('',(-0.00461550925925926,-0.0202027777777778,0.002));
#14363=CARTESIAN_POINT('',(-0.00457152777777778,-0.0196784722222222,0.0015));
#14364=CARTESIAN_POINT('',(-0.00457152777777778,-0.0196784722222222,0.002));
#14365=CARTESIAN_POINT('',(-0.00426857638888889,-0.0209258680555555,0.0015));
#14366=CARTESIAN_POINT('',(-0.00426857638888889,-0.0209258680555555,0.0015));
#14367=CARTESIAN_POINT('',(-0.00426857638888889,-0.0209258680555555,0.0015));
#14368=CARTESIAN_POINT('',(-0.0046375,-0.0204649305555555,0.0015));
#14369=CARTESIAN_POINT('',(-0.00457152777777778,-0.0196784722222222,0.0015));
#14370=CARTESIAN_POINT('',(-0.00314618055555556,-0.0213972222222222,0.0015));
#14371=CARTESIAN_POINT('',(-0.00314618055555556,-0.0213972222222222,0.002));
#14372=CARTESIAN_POINT('',(-0.00364849537037037,-0.0213902777777778,0.0015));
#14373=CARTESIAN_POINT('',(-0.00364849537037037,-0.0213902777777778,0.002));
#14374=CARTESIAN_POINT('',(-0.00402262731481482,-0.0212331597222222,0.0015));
#14375=CARTESIAN_POINT('',(-0.00402262731481482,-0.0212331597222222,0.002));
#14376=CARTESIAN_POINT('',(-0.00426857638888889,-0.0209258680555555,0.0015));
#14377=CARTESIAN_POINT('',(-0.00426857638888889,-0.0209258680555555,0.002));
#14378=CARTESIAN_POINT('',(-0.00314618055555556,-0.0213972222222222,0.0015));
#14379=CARTESIAN_POINT('',(-0.00314618055555556,-0.0213972222222222,0.0015));
#14380=CARTESIAN_POINT('',(-0.00314618055555556,-0.0213972222222222,0.0015));
#14381=CARTESIAN_POINT('',(-0.00389965277777778,-0.0213868055555555,0.0015));
#14382=CARTESIAN_POINT('',(-0.00426857638888889,-0.0209258680555555,0.0015));
#14383=CARTESIAN_POINT('',(-0.00305396938100564,-0.0188592825858119,0.0015));
#14384=CARTESIAN_POINT('',(-0.00226603015742843,-0.0212728671247176,0.0015));
#14385=CARTESIAN_POINT('',(-0.00226603016328644,-0.0212728671200533,0.0015));
#14386=CARTESIAN_POINT('',(-0.00305396938100564,-0.0188592825858119,0.0015));
#14387=CARTESIAN_POINT('',(-0.00221215277777778,-0.0206732638888889,0.0015));
#14388=CARTESIAN_POINT('',(-0.00215833333333334,-0.0200743055555556,0.0015));
#14389=CARTESIAN_POINT('',(-0.00215833333333334,-0.0200743055555556,0.0015));
#14390=CARTESIAN_POINT('',(-0.00221215277777778,-0.0206732638888889,0.0015));
#14391=CARTESIAN_POINT('',(-0.00262534722222223,-0.0201003472222222,0.0015));
#14392=CARTESIAN_POINT('',(-0.00262534722222223,-0.0201003472222222,0.002));
#14393=CARTESIAN_POINT('',(-0.00256747685185186,-0.0201038194444445,0.0015));
#14394=CARTESIAN_POINT('',(-0.00256747685185186,-0.0201038194444445,0.002));
#14395=CARTESIAN_POINT('',(-0.00241180555555556,-0.0200951388888889,0.0015));
#14396=CARTESIAN_POINT('',(-0.00241180555555556,-0.0200951388888889,0.002));
#14397=CARTESIAN_POINT('',(-0.00215833333333334,-0.0200743055555556,0.0015));
#14398=CARTESIAN_POINT('',(-0.00215833333333334,-0.0200743055555556,0.002));
#14399=CARTESIAN_POINT('',(-0.00262534722222223,-0.0201003472222222,0.0015));
#14400=CARTESIAN_POINT('',(-0.00262534722222223,-0.0201003472222222,0.0015));
#14401=CARTESIAN_POINT('',(-0.00262534722222223,-0.0201003472222222,0.0015));
#14402=CARTESIAN_POINT('',(-0.00253854166666667,-0.0201055555555556,0.0015));
#14403=CARTESIAN_POINT('',(-0.00215833333333334,-0.0200743055555556,0.0015));
#14404=CARTESIAN_POINT('',(-0.00299340277777778,-0.0199432291666666,0.0015));
#14405=CARTESIAN_POINT('',(-0.00299340277777778,-0.0199432291666666,0.002));
#14406=CARTESIAN_POINT('',(-0.00294247685185186,-0.0200410300925926,0.0015));
#14407=CARTESIAN_POINT('',(-0.00294247685185186,-0.0200410300925926,0.002));
#14408=CARTESIAN_POINT('',(-0.00281979166666667,-0.0200934027777778,0.0015));
#14409=CARTESIAN_POINT('',(-0.00281979166666667,-0.0200934027777778,0.002));
#14410=CARTESIAN_POINT('',(-0.00262534722222223,-0.0201003472222222,0.0015));
#14411=CARTESIAN_POINT('',(-0.00262534722222223,-0.0201003472222222,0.002));
#14412=CARTESIAN_POINT('',(-0.00299340277777778,-0.0199432291666666,0.0015));
#14413=CARTESIAN_POINT('',(-0.00299340277777778,-0.0199432291666666,0.0015));
#14414=CARTESIAN_POINT('',(-0.00299340277777778,-0.0199432291666666,0.0015));
#14415=CARTESIAN_POINT('',(-0.00291701388888889,-0.0200899305555555,0.0015));
#14416=CARTESIAN_POINT('',(-0.00262534722222223,-0.0201003472222222,0.0015));
#14417=CARTESIAN_POINT('',(-0.00303680555555556,-0.0195204861111111,0.0015));
#14418=CARTESIAN_POINT('',(-0.00303680555555556,-0.0195204861111111,0.002));
#14419=CARTESIAN_POINT('',(-0.0030587962962963,-0.0197045138888889,0.0015));
#14420=CARTESIAN_POINT('',(-0.0030587962962963,-0.0197045138888889,0.002));
#14421=CARTESIAN_POINT('',(-0.00304432870370371,-0.0198454282407407,0.0015));
#14422=CARTESIAN_POINT('',(-0.00304432870370371,-0.0198454282407407,0.002));
#14423=CARTESIAN_POINT('',(-0.00299340277777778,-0.0199432291666666,0.0015));
#14424=CARTESIAN_POINT('',(-0.00299340277777778,-0.0199432291666666,0.002));
#14425=CARTESIAN_POINT('',(-0.00303680555555556,-0.0195204861111111,0.0015));
#14426=CARTESIAN_POINT('',(-0.00303680555555556,-0.0195204861111111,0.0015));
#14427=CARTESIAN_POINT('',(-0.00303680555555556,-0.0195204861111111,0.0015));
#14428=CARTESIAN_POINT('',(-0.00306979166666667,-0.0197965277777778,0.0015));
#14429=CARTESIAN_POINT('',(-0.00299340277777778,-0.0199432291666666,0.0015));
#14430=CARTESIAN_POINT('',(-0.00278767361111111,-0.01805,0.0015));
#14431=CARTESIAN_POINT('',(-0.00253854166666667,-0.0165795138888889,0.0015));
#14432=CARTESIAN_POINT('',(-0.00253854166666667,-0.0165795138888889,0.0015));
#14433=CARTESIAN_POINT('',(-0.00278767361111111,-0.01805,0.0015));
#14434=CARTESIAN_POINT('',(-0.00204982638888889,-0.0165795138888889,0.0015));
#14435=CARTESIAN_POINT('',(-0.00156111111111111,-0.0165795138888889,0.0015));
#14436=CARTESIAN_POINT('',(-0.00156111111111111,-0.0165795138888889,0.0015));
#14437=CARTESIAN_POINT('',(-0.00204982638888889,-0.0165795138888889,0.0015));
#14438=CARTESIAN_POINT('',(-0.00146041666666667,-0.0160048611111111,0.0015));
#14439=CARTESIAN_POINT('',(-0.00135972222222223,-0.0154302083333333,0.0015));
#14440=CARTESIAN_POINT('',(-0.00135972222222223,-0.0154302083333333,0.0015));
#14441=CARTESIAN_POINT('',(-0.00146041666666667,-0.0160048611111111,0.0015));
#14442=CARTESIAN_POINT('',(-0.00184843750000001,-0.0154302083333333,0.0015));
#14443=CARTESIAN_POINT('',(-0.00184843750000001,-0.0154302083333333,0.0015));
#14444=CARTESIAN_POINT('',(-0.002,0.,0.0015));
#14445=CARTESIAN_POINT('',(0.000841666666666664,-0.01608125,0.0015));
#14446=CARTESIAN_POINT('',(0.000841666666666664,-0.01608125,0.002));
#14447=CARTESIAN_POINT('',(0.0013011574074074,-0.0155673611111111,0.0015));
#14448=CARTESIAN_POINT('',(0.0013011574074074,-0.0155673611111111,0.002));
#14449=CARTESIAN_POINT('',(0.00183125,-0.0153138888888889,0.0015));
#14450=CARTESIAN_POINT('',(0.00183125,-0.0153138888888889,0.002));
#14451=CARTESIAN_POINT('',(0.00243194444444444,-0.0153208333333333,0.0015));
#14452=CARTESIAN_POINT('',(0.00243194444444444,-0.0153208333333333,0.002));
#14453=CARTESIAN_POINT('',(0.000841666666666665,-0.01608125,0.0015));
#14454=CARTESIAN_POINT('',(0.000841666666666665,-0.01608125,0.0015));
#14455=CARTESIAN_POINT('',(0.000841666666666664,-0.01608125,0.0015));
#14456=CARTESIAN_POINT('',(0.00153090277777777,-0.0153104166666666,0.0015));
#14457=CARTESIAN_POINT('',(0.00243194444444444,-0.0153208333333333,0.0015));
#14458=CARTESIAN_POINT('',(0.00243194444444444,-0.0153208333333333,0.0015));
#14459=CARTESIAN_POINT('',(0.00243194444444444,-0.0153208333333333,0.0015));
#14460=CARTESIAN_POINT('',(0.00114548611111111,-0.0145239583333333,0.0015));
#14461=CARTESIAN_POINT('',(0.00144930555555555,-0.0129666666666667,0.0015));
#14462=CARTESIAN_POINT('',(0.00144930555555555,-0.0129666666666667,0.0015));
#14463=CARTESIAN_POINT('',(0.00114548611111111,-0.0145239583333333,0.0015));
#14464=CARTESIAN_POINT('',(0.000681944444444442,-0.0129666666666667,0.0015));
#14465=CARTESIAN_POINT('',(-8.54166666666694E-5,-0.0129666666666667,0.0015));
#14466=CARTESIAN_POINT('',(-8.54166666666694E-5,-0.0129666666666667,0.0015));
#14467=CARTESIAN_POINT('',(0.000681944444444442,-0.0129666666666667,0.0015));
#14468=CARTESIAN_POINT('',(-0.000807638888888891,-0.0171333333333334,0.0015));
#14469=CARTESIAN_POINT('',(-0.00152986111111111,-0.0213,0.0015));
#14470=CARTESIAN_POINT('',(-0.00152986111111111,-0.0213,0.0015));
#14471=CARTESIAN_POINT('',(-0.000807638888888891,-0.0171333333333334,0.0015));
#14472=CARTESIAN_POINT('',(-0.000764236111111114,-0.0213,0.0015));
#14473=CARTESIAN_POINT('',(1.38888888888584E-6,-0.0213,0.0015));
#14474=CARTESIAN_POINT('',(1.38888888888584E-6,-0.0213,0.0015));
#14475=CARTESIAN_POINT('',(-0.000764236111111114,-0.0213,0.0015));
#14476=CARTESIAN_POINT('',(0.0003703125,-0.0192114583333334,0.0015));
#14477=CARTESIAN_POINT('',(0.000739236111111109,-0.0171229166666667,0.0015));
#14478=CARTESIAN_POINT('',(0.000739236111111109,-0.0171229166666667,0.0015));
#14479=CARTESIAN_POINT('',(0.0003703125,-0.0192114583333334,0.0015));
#14480=CARTESIAN_POINT('',(0.00182430555555555,-0.0165899305555555,0.0015));
#14481=CARTESIAN_POINT('',(0.00182430555555555,-0.0165899305555555,0.002));
#14482=CARTESIAN_POINT('',(0.00141226851851852,-0.0165760416666667,0.0015));
#14483=CARTESIAN_POINT('',(0.00141226851851852,-0.0165760416666667,0.002));
#14484=CARTESIAN_POINT('',(0.0010505787037037,-0.0167537037037037,0.0015));
#14485=CARTESIAN_POINT('',(0.0010505787037037,-0.0167537037037037,0.002));
#14486=CARTESIAN_POINT('',(0.000739236111111109,-0.0171229166666667,0.0015));
#14487=CARTESIAN_POINT('',(0.000739236111111109,-0.0171229166666667,0.002));
#14488=CARTESIAN_POINT('',(0.00182430555555555,-0.0165899305555555,0.0015));
#14489=CARTESIAN_POINT('',(0.00182430555555555,-0.0165899305555555,0.0015));
#14490=CARTESIAN_POINT('',(0.00182430555555555,-0.0165899305555555,0.0015));
#14491=CARTESIAN_POINT('',(0.00120625,-0.0165690972222222,0.0015));
#14492=CARTESIAN_POINT('',(0.000739236111111109,-0.0171229166666667,0.0015));
#14493=CARTESIAN_POINT('',(0.00250833333333333,-0.0171923611111111,0.0015));
#14494=CARTESIAN_POINT('',(0.00250833333333333,-0.0171923611111111,0.002));
#14495=CARTESIAN_POINT('',(0.00247129629629629,-0.0168023148148148,0.0015));
#14496=CARTESIAN_POINT('',(0.00247129629629629,-0.0168023148148148,0.002));
#14497=CARTESIAN_POINT('',(0.00224328703703703,-0.0166015046296296,0.0015));
#14498=CARTESIAN_POINT('',(0.00224328703703703,-0.0166015046296296,0.002));
#14499=CARTESIAN_POINT('',(0.00182430555555555,-0.0165899305555555,0.0015));
#14500=CARTESIAN_POINT('',(0.00182430555555555,-0.0165899305555555,0.002));
#14501=CARTESIAN_POINT('',(0.00250833333333333,-0.0171923611111111,0.0015));
#14502=CARTESIAN_POINT('',(0.00250833333333333,-0.0171923611111111,0.0015));
#14503=CARTESIAN_POINT('',(0.00250833333333333,-0.0171923611111111,0.0015));
#14504=CARTESIAN_POINT('',(0.00245277777777778,-0.0166072916666666,0.0015));
#14505=CARTESIAN_POINT('',(0.00182430555555555,-0.0165899305555555,0.0015));
#14506=CARTESIAN_POINT('',(0.000703310694986457,-0.0173287932106769,0.0015));
#14507=CARTESIAN_POINT('',(0.00249618055555556,-0.0175829861111111,0.0015));
#14508=CARTESIAN_POINT('',(0.00249602788991917,-0.0175829644661932,0.00150000025));
#14509=CARTESIAN_POINT('',(0.000703310694986457,-0.0173287932106769,0.0015));
#14510=CARTESIAN_POINT('',(0.00218454861111111,-0.0194414930555556,0.0015));
#14511=CARTESIAN_POINT('',(0.00187291666666667,-0.0213,0.0015));
#14512=CARTESIAN_POINT('',(0.00187291666666667,-0.0213,0.0015));
#14513=CARTESIAN_POINT('',(0.00218454861111111,-0.0194414930555556,0.0015));
#14514=CARTESIAN_POINT('',(0.00263767361111111,-0.0213,0.0015));
#14515=CARTESIAN_POINT('',(0.00340243055555556,-0.0213,0.0015));
#14516=CARTESIAN_POINT('',(0.00340243055555556,-0.0213,0.0015));
#14517=CARTESIAN_POINT('',(0.00263767361111111,-0.0213,0.0015));
#14518=CARTESIAN_POINT('',(0.00371145833333333,-0.0194501736111111,0.0015));
#14519=CARTESIAN_POINT('',(0.00402048611111111,-0.0176003472222222,0.0015));
#14520=CARTESIAN_POINT('',(0.00402048611111111,-0.0176003472222222,0.0015));
#14521=CARTESIAN_POINT('',(0.00371145833333333,-0.0194501736111111,0.0015));
#14522=CARTESIAN_POINT('',(0.00371493055555556,-0.0159484375,0.0015));
#14523=CARTESIAN_POINT('',(0.00371493055555556,-0.0159484375,0.002));
#14524=CARTESIAN_POINT('',(0.00398807870370371,-0.0163517939814815,0.0015));
#14525=CARTESIAN_POINT('',(0.00398807870370371,-0.0163517939814815,0.002));
#14526=CARTESIAN_POINT('',(0.00408993055555556,-0.0169024305555556,0.0015));
#14527=CARTESIAN_POINT('',(0.00408993055555556,-0.0169024305555556,0.002));
#14528=CARTESIAN_POINT('',(0.00402048611111111,-0.0176003472222222,0.0015));
#14529=CARTESIAN_POINT('',(0.00402048611111111,-0.0176003472222222,0.002));
#14530=CARTESIAN_POINT('',(0.00371493055555556,-0.0159484375,0.0015));
#14531=CARTESIAN_POINT('',(0.00371493055555556,-0.0159484375,0.0015));
#14532=CARTESIAN_POINT('',(0.00371493055555556,-0.0159484375,0.0015));
#14533=CARTESIAN_POINT('',(0.00412465277777778,-0.0165534722222223,0.0015));
#14534=CARTESIAN_POINT('',(0.00402048611111111,-0.0176003472222222,0.0015));
#14535=CARTESIAN_POINT('',(0.00243194444444444,-0.0153208333333333,0.0015));
#14536=CARTESIAN_POINT('',(0.00243194444444444,-0.0153208333333333,0.002));
#14537=CARTESIAN_POINT('',(0.00301412037037037,-0.0153358796296296,0.0015));
#14538=CARTESIAN_POINT('',(0.00301412037037037,-0.0153358796296296,0.002));
#14539=CARTESIAN_POINT('',(0.00344178240740741,-0.0155450810185185,0.0015));
#14540=CARTESIAN_POINT('',(0.00344178240740741,-0.0155450810185185,0.002));
#14541=CARTESIAN_POINT('',(0.00371493055555556,-0.0159484375,0.0015));
#14542=CARTESIAN_POINT('',(0.00371493055555556,-0.0159484375,0.002));
#14543=CARTESIAN_POINT('',(0.00243194444444444,-0.0153208333333333,0.0015));
#14544=CARTESIAN_POINT('',(0.00330520833333333,-0.0153434027777778,0.0015));
#14545=CARTESIAN_POINT('',(0.00371493055555556,-0.0159484375,0.0015));
#14546=CARTESIAN_POINT('',(-0.002,0.,0.0015));
#14547=CARTESIAN_POINT('',(0.,0.,0.002));
#14548=CARTESIAN_POINT('',(0.,0.,0.002));
#14549=CARTESIAN_POINT('',(0.,0.,0.002));
#14550=CARTESIAN_POINT('',(0.,0.,0.002));
#14551=CARTESIAN_POINT('',(0.,0.,0.002));
#14552=CARTESIAN_POINT('',(0.,0.,0.002));
#14553=CARTESIAN_POINT('',(0.,0.,0.002));
#14554=CARTESIAN_POINT('',(0.,0.,0.002));
#14555=CARTESIAN_POINT('',(0.0046803317964077,0.00845416076481342,0.0015));
#14556=CARTESIAN_POINT('',(-0.0118549931794405,0.00845416076481342,0.0015));
#14557=CARTESIAN_POINT('',(-0.0118549931794405,0.00845416076481342,0.0015));
#14558=CARTESIAN_POINT('',(0.0046803317964077,0.00845416076481342,0.0015));
#14559=CARTESIAN_POINT('',(0.0212156567722559,0.00845416076481342,0.0015));
#14560=CARTESIAN_POINT('',(0.0212156567722559,0.00845416076481342,0.0015));
#14561=CARTESIAN_POINT('',(-0.0118549931794405,0.00800319737754762,0.0015));
#14562=CARTESIAN_POINT('',(-0.0118549931794405,0.00755223399028182,0.0015));
#14563=CARTESIAN_POINT('',(-0.0118549931794405,0.00755223399028182,0.0015));
#14564=CARTESIAN_POINT('',(-0.0118549931794405,0.00800319737754762,0.0015));
#14565=CARTESIAN_POINT('',(0.0046803317964077,0.00755223399028182,0.0015));
#14566=CARTESIAN_POINT('',(0.0212156567722559,0.00755223399028182,0.0015));
#14567=CARTESIAN_POINT('',(0.0212156567722559,0.00755223399028182,0.0015));
#14568=CARTESIAN_POINT('',(0.0046803317964077,0.00755223399028182,0.0015));
#14569=CARTESIAN_POINT('',(0.0212156567722559,0.00800319737754762,0.0015));
#14570=CARTESIAN_POINT('',(0.0212156567722559,0.00800319737754762,0.0015));
#14571=CARTESIAN_POINT('',(-0.002,0.,0.0015));
#14572=MECHANICAL_DESIGN_GEOMETRIC_PRESENTATION_REPRESENTATION('',(#8271),
#14573);
#14573=(
GEOMETRIC_REPRESENTATION_CONTEXT(3)
GLOBAL_UNCERTAINTY_ASSIGNED_CONTEXT((#14574))
GLOBAL_UNIT_ASSIGNED_CONTEXT((#14577,#14576,#14575))
REPRESENTATION_CONTEXT('Part 1','TOP_LEVEL_ASSEMBLY_PART')
);
#14574=UNCERTAINTY_MEASURE_WITH_UNIT(LENGTH_MEASURE(2.E-5),#14577,
'DISTANCE_ACCURACY_VALUE','Maximum Tolerance applied to model');
#14575=(
NAMED_UNIT(*)
SI_UNIT($,.STERADIAN.)
SOLID_ANGLE_UNIT()
);
#14576=(
NAMED_UNIT(*)
PLANE_ANGLE_UNIT()
SI_UNIT($,.RADIAN.)
);
#14577=(
LENGTH_UNIT()
NAMED_UNIT(*)
SI_UNIT($,.METRE.)
);
#14578=PRODUCT_DEFINITION_SHAPE('','',#14579);
#14579=PRODUCT_DEFINITION('','',#14581,#14580);
#14580=PRODUCT_DEFINITION_CONTEXT('',#14587,'design');
#14581=PRODUCT_DEFINITION_FORMATION_WITH_SPECIFIED_SOURCE('','',#14583,
 .NOT_KNOWN.);
#14582=PRODUCT_RELATED_PRODUCT_CATEGORY('','',(#14583));
#14583=PRODUCT('Part 1','Part 1','Part 1',(#14585));
#14584=PRODUCT_CATEGORY('','');
#14585=PRODUCT_CONTEXT('',#14587,'mechanical');
#14586=APPLICATION_PROTOCOL_DEFINITION('international standard',
'ap242_managed_model_based_3d_engineering',2020,#14587);
#14587=APPLICATION_CONTEXT('managed model based 3d engineering');
ENDSEC;
END-ISO-10303-21;
